dependency_id,source_id,source_locator,transform_or_adapter,consumer_id,consumer_locator,linkage_type,referenced_id_or_url,dynamic_or_static,affected_test,breakage_risk,verification_status,notes
DEP-0001,data:cameras.json,src/data/cameras.json,adapter module (lib/store),A-1 src/lib/siteassets.js,src/lib/siteassets.js:119,string-literal-url-or-path,src/data/cameras.json (+ operator overrides),dynamic,test/cameras.test.mjs;test/site-twin.test.mjs;test/siteassets.test.mjs,high,reviewed,"keyed by unit/feature ids; static import fails build on move, key/ID change silently breaks joins"
DEP-0002,data:cameras.json,src/data/cameras.json,none (direct),A-1 src/views/plan-register.js,src/views/plan-register.js:7,static-import-json,../data/cameras.json,static,test/cameras.test.mjs,high,reviewed,"keyed by unit/feature ids; static import fails build on move, key/ID change silently breaks joins"
DEP-0003,data:cameras.json,src/data/cameras.json,none (direct),A-1 src/views/plan.js,src/views/plan.js:10,static-import-json,../data/cameras.json,static,test/asset-twin-water-markers.test.mjs;test/cameras.test.mjs;test/marketing.test.mjs;test/printsheet.test.mjs;test/ribbon.test.mjs;+1 more,high,reviewed,"keyed by unit/feature ids; static import fails build on move, key/ID change silently breaks joins"
DEP-0004,data:cameras.json,src/data/cameras.json,data carrier (path resolved by the module that loads this JSON),DATA src/data/stall-map.json,src/data/stall-map.json:7,data-embedded-path,"plan-px). Derivation 2026-07-22: camera plan positions (cameras.json,",data-driven (dynamic),test/cameras.test.mjs,medium,reviewed,path string stored inside data; loader resolves it at runtime or it is provenance only
DEP-0005,data:cameras.json,src/data/cameras.json,build script,A-5(build) tools/build-site-twin.mjs,tools/build-site-twin.mjs:59,build-tool-input,src/data/cameras.json,build-time,test/cameras.test.mjs;test/site-twin.test.mjs,medium,reviewed,"build/generator input; path or field change breaks regeneration, not runtime"
DEP-0006,data:cameras.json,src/data/cameras.json,build script,BUILD tools/cube-backfill.mjs,tools/cube-backfill.mjs:24,build-tool-input,src/data/cameras.json,build-time,test/cameras.test.mjs,medium,reviewed,"build/generator input; path or field change breaks regeneration, not runtime"
DEP-0007,data:cameras.json,src/data/cameras.json,build script,BUILD tools/cube-frames.mjs,tools/cube-frames.mjs:29,build-tool-input,src/data/cameras.json,build-time,test/cameras.test.mjs,medium,reviewed,"build/generator input; path or field change breaks regeneration, not runtime"
DEP-0008,data:cameras.json,src/data/cameras.json,build script,BUILD tools/export-google-earth.mjs,tools/export-google-earth.mjs:23,build-tool-input,cameras.json,build-time,test/cameras.test.mjs,medium,reviewed,"build/generator input; path or field change breaks regeneration, not runtime"
DEP-0009,data:cameras.json,src/data/cameras.json,build script,BUILD tools/poster-specials.py,tools/poster-specials.py:102,build-tool-input,cameras.json,build-time,test/cameras.test.mjs,medium,reviewed,"build/generator input; path or field change breaks regeneration, not runtime"
DEP-0010,data:cameras.json,src/data/cameras.json,build script,A-5(build) tools/site-twin/web-package.mjs,tools/site-twin/web-package.mjs:25,build-tool-input,src/data/cameras.json,build-time,test/cameras.test.mjs;test/site-twin-web.test.mjs,medium,reviewed,"build/generator input; path or field change breaks regeneration, not runtime"
DEP-0011,data:compliance.json,src/data/compliance.json,adapter module (lib/store),MULTI(18) src/store.js,src/store.js:7,static-import-json,./data/compliance.json,static,test/data-integrity.test.mjs;test/seed-privacy.test.mjs;test/state-storage.test.mjs,medium,reviewed,static import fails build on move/rename; field changes surface in view
DEP-0012,data:compliance.json,src/data/compliance.json,build script,BUILD tools/export-package.mjs,tools/export-package.mjs:20,build-tool-input,compliance.json,build-time,test/export-provenance.test.mjs;test/generated-freshness.test.mjs,medium,reviewed,"build/generator input; path or field change breaks regeneration, not runtime"
DEP-0013,data:contacts-info.json,src/data/contacts-info.json,build script,BUILD tools/split-seed.mjs,tools/split-seed.mjs:46,build-tool-input,contacts-info.json,build-time,test/client-privacy.test.mjs;test/export-provenance.test.mjs;test/generated-freshness.test.mjs;test/seed-privacy.test.mjs,medium,reviewed,"build/generator input; path or field change breaks regeneration, not runtime"
DEP-0014,data:corridor.json,src/data/corridor.json,none (direct),TOUR src/tour/main.js,src/tour/main.js:11,static-import-json,../data/corridor.json,static,test/asset-twin-availability.test.mjs;test/client-privacy.test.mjs;test/planviews.test.mjs;test/voicerouter.test.mjs,medium,reviewed,static import fails build on move/rename; field changes surface in view
DEP-0015,data:corridor.json,src/data/corridor.json,none (direct),B-1 src/views/marketing.js,src/views/marketing.js:21,static-import-json,../data/corridor.json,static,test/layers.test.mjs;test/marketing.test.mjs,medium,reviewed,static import fails build on move/rename; field changes surface in view
DEP-0016,data:corridor.json,src/data/corridor.json,build script,BUILD tools/gmaps-pull.mjs,tools/gmaps-pull.mjs:84,build-tool-output,corridor.json,build-time,,low,reviewed,generator output path; breaks regeneration only
DEP-0017,data:corridor.json,src/data/corridor.json,build script,BUILD tools/leasing-package.py,tools/leasing-package.py:24,build-tool-input,src/data/corridor.json,build-time,,medium,reviewed,"build/generator input; path or field change breaks regeneration, not runtime"
DEP-0018,data:directory.json,src/data/directory.json,adapter module (lib/store),SHELL/C-1/S-1/K-1/DRAWER/SEARCH src/lib/directory.js,src/lib/directory.js:3,static-import-json,../data/directory.json,static,test/register-facts.test.mjs,high,reviewed,"keyed by unit/feature ids; static import fails build on move, key/ID change silently breaks joins"
DEP-0019,data:directory.json,src/data/directory.json,data carrier (path resolved by the module that loads this JSON),DATA src/data/instruments.json,src/data/instruments.json:60,data-embedded-path,directory.json,data-driven (dynamic),test/register-facts.test.mjs,medium,reviewed,path string stored inside data; loader resolves it at runtime or it is provenance only
DEP-0020,data:directory.json,src/data/directory.json,build script,BUILD tools/export-package.mjs,tools/export-package.mjs:23,build-tool-input,directory.json,build-time,test/export-provenance.test.mjs;test/generated-freshness.test.mjs;test/register-facts.test.mjs,medium,reviewed,"build/generator input; path or field change breaks regeneration, not runtime"
DEP-0021,data:elevation.json,src/data/elevation.json,adapter module (lib/store),A-2 src/lib/elevation.js,src/lib/elevation.js:4,static-import-json,../data/elevation.json,static,test/elevation.test.mjs,medium,reviewed,static import fails build on move/rename; field changes surface in view
DEP-0022,data:elevation.json,src/data/elevation.json,build script,BUILD tools/export-package.mjs,tools/export-package.mjs:31,build-tool-input,elevation.json,build-time,test/export-provenance.test.mjs;test/generated-freshness.test.mjs,medium,reviewed,"build/generator input; path or field change breaks regeneration, not runtime"
DEP-0023,data:floorplan-links.json,src/data/floorplan-links.json,build script,BUILD tools/split-seed.mjs,tools/split-seed.mjs:48,build-tool-input,floorplan-links.json,build-time,test/client-privacy.test.mjs;test/export-provenance.test.mjs;test/generated-freshness.test.mjs;test/seed-privacy.test.mjs,medium,reviewed,"build/generator input; path or field change breaks regeneration, not runtime"
DEP-0024,data:footprints-geo.json,src/data/footprints-geo.json,adapter module (lib/store),A-2 src/lib/scenegeo.js,src/lib/scenegeo.js:15,static-import-json,../data/footprints-geo.json,static,test/geoproject.test.mjs,high,reviewed,"keyed by unit/feature ids; static import fails build on move, key/ID change silently breaks joins"
DEP-0025,data:footprints-geo.json,src/data/footprints-geo.json,adapter module (lib/store),A-2 src/lib/scenegoogle.js,src/lib/scenegoogle.js:20,static-import-json,../data/footprints-geo.json,static,test/geoproject.test.mjs,high,reviewed,"keyed by unit/feature ids; static import fails build on move, key/ID change silently breaks joins"
DEP-0026,data:footprints-geo.json,src/data/footprints-geo.json,data carrier (path resolved by the module that loads this JSON),DATA src/data/twin-water-aerial.json,src/data/twin-water-aerial.json:806,data-embedded-path,src/data/footprints-geo.json,data-driven (dynamic),test/geoproject.test.mjs,medium,reviewed,path string stored inside data; loader resolves it at runtime or it is provenance only
DEP-0027,data:footprints-geo.json,src/data/footprints-geo.json,data carrier (path resolved by the module that loads this JSON),DATA src/data/twin-water-official-imagery.json,src/data/twin-water-official-imagery.json:60,data-embedded-path,src/data/footprints-geo.json,data-driven (dynamic),test/geoproject.test.mjs,medium,reviewed,path string stored inside data; loader resolves it at runtime or it is provenance only
DEP-0028,data:footprints-geo.json,src/data/footprints-geo.json,build script,BUILD tools/build-sat-base.py,tools/build-sat-base.py:26,build-tool-input,footprints-geo.json,build-time,test/geoproject.test.mjs,medium,reviewed,"build/generator input; path or field change breaks regeneration, not runtime"
DEP-0029,data:footprints-geo.json,src/data/footprints-geo.json,build script,A-5(build) tools/build-site-twin.mjs,tools/build-site-twin.mjs:60,build-tool-input,src/data/footprints-geo.json,build-time,test/geoproject.test.mjs;test/site-twin.test.mjs,medium,reviewed,"build/generator input; path or field change breaks regeneration, not runtime"
DEP-0030,data:footprints-geo.json,src/data/footprints-geo.json,build script,BUILD tools/export-google-earth.mjs,tools/export-google-earth.mjs:22,build-tool-input,footprints-geo.json,build-time,test/geoproject.test.mjs,medium,reviewed,"build/generator input; path or field change breaks regeneration, not runtime"
DEP-0031,data:footprints-geo.json,src/data/footprints-geo.json,build script,BUILD tools/extract-georef.py,tools/extract-georef.py:81,build-tool-input,footprints-geo.json,build-time,test/geoproject.test.mjs,medium,reviewed,"build/generator input; path or field change breaks regeneration, not runtime"
DEP-0032,data:footprints-geo.json,src/data/footprints-geo.json,build script,BUILD tools/fit-georef.py,tools/fit-georef.py:31,build-tool-input,footprints-geo.json,build-time,test/geoproject.test.mjs,medium,reviewed,"build/generator input; path or field change breaks regeneration, not runtime"
DEP-0033,data:footprints-geo.json,src/data/footprints-geo.json,build script,BUILD tools/ge-google.mjs,tools/ge-google.mjs:20,build-tool-input,src/data/footprints-geo.json,build-time,test/geoproject.test.mjs,medium,reviewed,"build/generator input; path or field change breaks regeneration, not runtime"
DEP-0034,data:footprints-geo.json,src/data/footprints-geo.json,build script,A-5(build) tools/site-twin/web-package.mjs,tools/site-twin/web-package.mjs:26,build-tool-input,src/data/footprints-geo.json,build-time,test/geoproject.test.mjs;test/site-twin-web.test.mjs,medium,reviewed,"build/generator input; path or field change breaks regeneration, not runtime"
DEP-0035,data:footprints-geo.json,src/data/footprints-geo.json,build script,BUILD tools/skydio-rectify.py,tools/skydio-rectify.py:57,build-tool-input,src/data/footprints-geo.json,build-time,test/geoproject.test.mjs,medium,reviewed,"build/generator input; path or field change breaks regeneration, not runtime"
DEP-0036,data:geometry.json,src/data/geometry.json,adapter module (lib/store),A-3/A-4 src/lib/asset-twin-site-records.js,src/lib/asset-twin-site-records.js:22,string-literal-url-or-path,geometry.json · REV 14 / Boulev_CLEAN.dxf / recorded plat,dynamic,test/asset-twin-site-context.test.mjs;test/asset-twin-site-records.test.mjs;test/command-evidence.test.mjs;test/cre-library-otb-slice.test.mjs;test/facts.test.mjs;+5 more,high,reviewed,"keyed by unit/feature ids; static import fails build on move, key/ID change silently breaks joins"
DEP-0037,data:geometry.json,src/data/geometry.json,adapter module (lib/store),SHELL/A-2 src/lib/command-evidence.js,src/lib/command-evidence.js:74,template-built-url,src/data/geometry.json,dynamic,test/asset-twin-site-context.test.mjs;test/asset-twin-site-records.test.mjs;test/command-briefing.test.mjs;test/command-evidence.test.mjs;test/cre-library-otb-slice.test.mjs;+7 more,high,reviewed,"keyed by unit/feature ids; static import fails build on move, key/ID change silently breaks joins"
DEP-0038,data:geometry.json,src/data/geometry.json,adapter module (lib/store),A-2 src/lib/command-map.js,src/lib/command-map.js:4,static-import-json,../data/geometry.json,static,test/asset-twin-site-context.test.mjs;test/asset-twin-site-records.test.mjs;test/command-evidence.test.mjs;test/cre-library-otb-slice.test.mjs;test/facts.test.mjs;+5 more,high,reviewed,"keyed by unit/feature ids; static import fails build on move, key/ID change silently breaks joins"
DEP-0039,data:geometry.json,src/data/geometry.json,adapter module (lib/store),MULTI(9) src/lib/facts.js,src/lib/facts.js:7,static-import-json,../data/geometry.json,static,test/asset-twin-site-context.test.mjs;test/asset-twin-site-records.test.mjs;test/command-evidence.test.mjs;test/cre-library-otb-slice.test.mjs;test/facts.test.mjs;+7 more,high,reviewed,"keyed by unit/feature ids; static import fails build on move, key/ID change silently breaks joins"
DEP-0040,data:geometry.json,src/data/geometry.json,none (direct),A-2 src/views/command.js,src/views/command.js:4,static-import-json,../data/geometry.json,static,test/asset-twin-site-context.test.mjs;test/asset-twin-site-records.test.mjs;test/command-evidence.test.mjs;test/cre-library-otb-slice.test.mjs;test/facts.test.mjs;+5 more,high,reviewed,"keyed by unit/feature ids; static import fails build on move, key/ID change silently breaks joins"
DEP-0041,data:geometry.json,src/data/geometry.json,none (direct),A-2 src/views/command.js,src/views/command.js:203,template-built-url,src/data/geometry.json,dynamic,test/asset-twin-site-context.test.mjs;test/asset-twin-site-records.test.mjs;test/command-evidence.test.mjs;test/cre-library-otb-slice.test.mjs;test/facts.test.mjs;+5 more,high,reviewed,"keyed by unit/feature ids; static import fails build on move, key/ID change silently breaks joins"
DEP-0042,data:geometry.json,src/data/geometry.json,none (direct),A-1 src/views/plan-register.js,src/views/plan-register.js:6,static-import-json,../data/geometry.json,static,test/asset-twin-site-context.test.mjs;test/asset-twin-site-records.test.mjs;test/command-evidence.test.mjs;test/cre-library-otb-slice.test.mjs;test/facts.test.mjs;+5 more,high,reviewed,"keyed by unit/feature ids; static import fails build on move, key/ID change silently breaks joins"
DEP-0043,data:geometry.json,src/data/geometry.json,none (direct),A-1 src/views/plan.js,src/views/plan.js:3,static-import-json,../data/geometry.json,static,test/asset-twin-site-context.test.mjs;test/asset-twin-site-records.test.mjs;test/asset-twin-water-markers.test.mjs;test/command-evidence.test.mjs;test/cre-library-otb-slice.test.mjs;+10 more,high,reviewed,"keyed by unit/feature ids; static import fails build on move, key/ID change silently breaks joins"
DEP-0044,data:geometry.json,src/data/geometry.json,none (direct),A-2 src/views/spatial.js,src/views/spatial.js:4,static-import-json,../data/geometry.json,static,test/asset-twin-site-context.test.mjs;test/asset-twin-site-records.test.mjs;test/command-evidence.test.mjs;test/cre-library-otb-slice.test.mjs;test/facts.test.mjs;+6 more,high,reviewed,"keyed by unit/feature ids; static import fails build on move, key/ID change silently breaks joins"
DEP-0045,data:geometry.json,src/data/geometry.json,data carrier (path resolved by the module that loads this JSON),DATA src/data/instruments.json,src/data/instruments.json:2,data-embedded-path,geometry.json,data-driven (dynamic),test/asset-twin-site-context.test.mjs;test/asset-twin-site-records.test.mjs;test/command-evidence.test.mjs;test/cre-library-otb-slice.test.mjs;test/facts.test.mjs;+5 more,medium,reviewed,path string stored inside data; loader resolves it at runtime or it is provenance only
DEP-0046,data:geometry.json,src/data/geometry.json,data carrier (path resolved by the module that loads this JSON),DATA src/data/stall-map.json,src/data/stall-map.json:20,data-embedded-path,From geometry.json layers.parking tick lines (2026-07-23): lot8 1-5 =,data-driven (dynamic),test/asset-twin-site-context.test.mjs;test/asset-twin-site-records.test.mjs;test/command-evidence.test.mjs;test/cre-library-otb-slice.test.mjs;test/facts.test.mjs;+5 more,medium,reviewed,path string stored inside data; loader resolves it at runtime or it is provenance only
DEP-0047,data:geometry.json,src/data/geometry.json,none (direct),CONFIG vercel.json,vercel.json:5,vercel-function-includeFiles,geometry.json,deploy-time (static),test/asset-twin-site-context.test.mjs;test/asset-twin-site-records.test.mjs;test/command-evidence.test.mjs;test/cre-library-otb-slice.test.mjs;test/facts.test.mjs;+5 more,high,reviewed,serverless bundle include; move/rename silently drops file from function bundle
DEP-0048,data:geometry.json,src/data/geometry.json,build script,A-5(build) tools/build-site-twin.mjs,tools/build-site-twin.mjs:58,build-tool-input,src/data/geometry.json,build-time,test/asset-twin-site-context.test.mjs;test/asset-twin-site-records.test.mjs;test/command-evidence.test.mjs;test/cre-library-otb-slice.test.mjs;test/facts.test.mjs;+5 more,medium,reviewed,"build/generator input; path or field change breaks regeneration, not runtime"
DEP-0049,data:geometry.json,src/data/geometry.json,build script,BUILD tools/build-twin-mesh.py,tools/build-twin-mesh.py:86,build-tool-input,src/data/geometry.json,build-time,test/asset-twin-site-context.test.mjs;test/asset-twin-site-records.test.mjs;test/command-evidence.test.mjs;test/cre-library-otb-slice.test.mjs;test/facts.test.mjs;+5 more,medium,reviewed,"build/generator input; path or field change breaks regeneration, not runtime"
DEP-0050,data:geometry.json,src/data/geometry.json,build script,BUILD tools/build-twin-site-context.mjs,tools/build-twin-site-context.mjs:54,build-tool-input,src/data/geometry.json,build-time,test/asset-twin-site-context.test.mjs;test/asset-twin-site-records.test.mjs;test/command-evidence.test.mjs;test/cre-library-otb-slice.test.mjs;test/facts.test.mjs;+5 more,medium,reviewed,"build/generator input; path or field change breaks regeneration, not runtime"
DEP-0051,data:geometry.json,src/data/geometry.json,build script,BUILD tools/command-evidence-data.mjs,tools/command-evidence-data.mjs:11,build-tool-input,../src/data/geometry.json,build-time,test/asset-twin-site-context.test.mjs;test/asset-twin-site-records.test.mjs;test/command-evidence.test.mjs;test/cre-library-otb-slice.test.mjs;test/facts.test.mjs;+6 more,medium,reviewed,"build/generator input; path or field change breaks regeneration, not runtime"
DEP-0052,data:geometry.json,src/data/geometry.json,build script,BUILD tools/cre-library/build-otb-slice.mjs,tools/cre-library/build-otb-slice.mjs:44,build-tool-input,src/data/geometry.json,build-time,test/asset-twin-site-context.test.mjs;test/asset-twin-site-records.test.mjs;test/command-evidence.test.mjs;test/cre-library-otb-slice.test.mjs;test/facts.test.mjs;+5 more,medium,reviewed,"build/generator input; path or field change breaks regeneration, not runtime"
DEP-0053,data:geometry.json,src/data/geometry.json,build script,BUILD tools/cre-library/otb-slice.mjs,tools/cre-library/otb-slice.mjs:73,build-tool-input,"Sum of plat demising-string bay widths vs recorded building length in geometry.json. 0.05 ft = the 2-decimal rounding of the transcribed strings; a closure check, not a survey tolerance.",build-time,test/asset-twin-site-context.test.mjs;test/asset-twin-site-records.test.mjs;test/command-evidence.test.mjs;test/cre-library-otb-slice.test.mjs;test/facts.test.mjs;+5 more,medium,reviewed,"build/generator input; path or field change breaks regeneration, not runtime"
DEP-0054,data:geometry.json,src/data/geometry.json,build script,BUILD tools/detect-columns.py,tools/detect-columns.py:24,build-tool-input,geometry.json,build-time,test/asset-twin-site-context.test.mjs;test/asset-twin-site-records.test.mjs;test/command-evidence.test.mjs;test/cre-library-otb-slice.test.mjs;test/facts.test.mjs;+5 more,medium,reviewed,"build/generator input; path or field change breaks regeneration, not runtime"
DEP-0055,data:geometry.json,src/data/geometry.json,build script,BUILD tools/digitize-site-sources.py,tools/digitize-site-sources.py:22,build-tool-input,src/data/geometry.json,build-time,test/asset-twin-site-context.test.mjs;test/asset-twin-site-records.test.mjs;test/command-evidence.test.mjs;test/cre-library-otb-slice.test.mjs;test/facts.test.mjs;+5 more,medium,reviewed,"build/generator input; path or field change breaks regeneration, not runtime"
DEP-0056,data:geometry.json,src/data/geometry.json,build script,BUILD tools/export-google-earth.mjs,tools/export-google-earth.mjs:22,build-tool-input,geometry.json,build-time,test/asset-twin-site-context.test.mjs;test/asset-twin-site-records.test.mjs;test/command-evidence.test.mjs;test/cre-library-otb-slice.test.mjs;test/facts.test.mjs;+5 more,medium,reviewed,"build/generator input; path or field change breaks regeneration, not runtime"
DEP-0057,data:geometry.json,src/data/geometry.json,build script,BUILD tools/export-package.mjs,tools/export-package.mjs:18,build-tool-input,geometry.json,build-time,test/asset-twin-site-context.test.mjs;test/asset-twin-site-records.test.mjs;test/command-evidence.test.mjs;test/cre-library-otb-slice.test.mjs;test/export-provenance.test.mjs;+7 more,medium,reviewed,"build/generator input; path or field change breaks regeneration, not runtime"
DEP-0058,data:geometry.json,src/data/geometry.json,build script,BUILD tools/extract-geometry.mjs,tools/extract-geometry.mjs:1048,build-tool-output,src/data/geometry.json,build-time,test/asset-twin-site-context.test.mjs;test/asset-twin-site-records.test.mjs;test/command-evidence.test.mjs;test/cre-library-otb-slice.test.mjs;test/facts.test.mjs;+5 more,low,reviewed,generator output path; breaks regeneration only
DEP-0059,data:geometry.json,src/data/geometry.json,build script,BUILD tools/extract-geometry.mjs,tools/extract-geometry.mjs:1049,build-tool-input,geometry.json written:,build-time,test/asset-twin-site-context.test.mjs;test/asset-twin-site-records.test.mjs;test/command-evidence.test.mjs;test/cre-library-otb-slice.test.mjs;test/facts.test.mjs;+5 more,medium,reviewed,"build/generator input; path or field change breaks regeneration, not runtime"
DEP-0060,data:geometry.json,src/data/geometry.json,build script,BUILD tools/extract-georef.py,tools/extract-georef.py:17,build-tool-input,geometry.json,build-time,test/asset-twin-site-context.test.mjs;test/asset-twin-site-records.test.mjs;test/command-evidence.test.mjs;test/cre-library-otb-slice.test.mjs;test/facts.test.mjs;+5 more,medium,reviewed,"build/generator input; path or field change breaks regeneration, not runtime"
DEP-0061,data:geometry.json,src/data/geometry.json,build script,BUILD tools/extract-heights.py,tools/extract-heights.py:15,build-tool-input,geometry.json,build-time,test/asset-twin-site-context.test.mjs;test/asset-twin-site-records.test.mjs;test/command-evidence.test.mjs;test/cre-library-otb-slice.test.mjs;test/facts.test.mjs;+5 more,medium,reviewed,"build/generator input; path or field change breaks regeneration, not runtime"
DEP-0062,data:geometry.json,src/data/geometry.json,build script,BUILD tools/extract-twin-site-fixtures.py,tools/extract-twin-site-fixtures.py:201,build-tool-input,src/data/geometry.json,build-time,test/asset-twin-site-context.test.mjs;test/asset-twin-site-records.test.mjs;test/command-evidence.test.mjs;test/cre-library-otb-slice.test.mjs;test/facts.test.mjs;+5 more,medium,reviewed,"build/generator input; path or field change breaks regeneration, not runtime"
DEP-0063,data:geometry.json,src/data/geometry.json,build script,BUILD tools/fit-georef.py,tools/fit-georef.py:28,build-tool-input,geometry.json,build-time,test/asset-twin-site-context.test.mjs;test/asset-twin-site-records.test.mjs;test/command-evidence.test.mjs;test/cre-library-otb-slice.test.mjs;test/facts.test.mjs;+5 more,medium,reviewed,"build/generator input; path or field change breaks regeneration, not runtime"
DEP-0064,data:geometry.json,src/data/geometry.json,build script,BUILD tools/fit-splat-align.mjs,tools/fit-splat-align.mjs:26,build-tool-input,src/data/geometry.json,build-time,test/asset-twin-site-context.test.mjs;test/asset-twin-site-records.test.mjs;test/command-evidence.test.mjs;test/cre-library-otb-slice.test.mjs;test/facts.test.mjs;+5 more,medium,reviewed,"build/generator input; path or field change breaks regeneration, not runtime"
DEP-0065,data:geometry.json,src/data/geometry.json,build script,BUILD tools/ge-google.mjs,tools/ge-google.mjs:21,build-tool-input,src/data/geometry.json,build-time,test/asset-twin-site-context.test.mjs;test/asset-twin-site-records.test.mjs;test/command-evidence.test.mjs;test/cre-library-otb-slice.test.mjs;test/facts.test.mjs;+5 more,medium,reviewed,"build/generator input; path or field change breaks regeneration, not runtime"
DEP-0066,data:geometry.json,src/data/geometry.json,build script,BUILD tools/ge-media.py,tools/ge-media.py:24,build-tool-input,geometry.json,build-time,test/asset-twin-site-context.test.mjs;test/asset-twin-site-records.test.mjs;test/command-evidence.test.mjs;test/cre-library-otb-slice.test.mjs;test/facts.test.mjs;+5 more,medium,reviewed,"build/generator input; path or field change breaks regeneration, not runtime"
DEP-0067,data:geometry.json,src/data/geometry.json,build script,BUILD tools/import-fp-columns.py,tools/import-fp-columns.py:23,build-tool-input,geometry.json,build-time,test/asset-twin-site-context.test.mjs;test/asset-twin-site-records.test.mjs;test/command-evidence.test.mjs;test/cre-library-otb-slice.test.mjs;test/facts.test.mjs;+5 more,medium,reviewed,"build/generator input; path or field change breaks regeneration, not runtime"
DEP-0068,data:geometry.json,src/data/geometry.json,build script,BUILD tools/leasing-package.py,tools/leasing-package.py:48,build-tool-input,geometry.json,build-time,test/asset-twin-site-context.test.mjs;test/asset-twin-site-records.test.mjs;test/command-evidence.test.mjs;test/cre-library-otb-slice.test.mjs;test/facts.test.mjs;+5 more,medium,reviewed,"build/generator input; path or field change breaks regeneration, not runtime"
DEP-0069,data:geometry.json,src/data/geometry.json,build script,BUILD tools/poster.py,tools/poster.py:17,build-tool-input,geometry.json,build-time,test/asset-twin-site-context.test.mjs;test/asset-twin-site-records.test.mjs;test/command-evidence.test.mjs;test/cre-library-otb-slice.test.mjs;test/facts.test.mjs;+5 more,medium,reviewed,"build/generator input; path or field change breaks regeneration, not runtime"
DEP-0070,data:geometry.json,src/data/geometry.json,build script,BUILD tools/showreel/extract-site.py,tools/showreel/extract-site.py:6,build-tool-input,../../src/data/geometry.json,build-time,test/asset-twin-site-context.test.mjs;test/asset-twin-site-records.test.mjs;test/command-evidence.test.mjs;test/cre-library-otb-slice.test.mjs;test/facts.test.mjs;+5 more,medium,reviewed,"build/generator input; path or field change breaks regeneration, not runtime"
DEP-0071,data:geometry.json,src/data/geometry.json,build script,A-5(build) tools/site-twin/web-package.mjs,tools/site-twin/web-package.mjs:24,build-tool-input,src/data/geometry.json,build-time,test/asset-twin-site-context.test.mjs;test/asset-twin-site-records.test.mjs;test/command-evidence.test.mjs;test/cre-library-otb-slice.test.mjs;test/facts.test.mjs;+6 more,medium,reviewed,"build/generator input; path or field change breaks regeneration, not runtime"
DEP-0072,data:heights.json,src/data/heights.json,adapter module (lib/store),A-2 src/lib/command-map.js,src/lib/command-map.js:5,static-import-json,../data/heights.json,static,test/cre-library-otb-slice.test.mjs,high,reviewed,"keyed by unit/feature ids; static import fails build on move, key/ID change silently breaks joins"
DEP-0073,data:heights.json,src/data/heights.json,adapter module (lib/store),A-2 src/lib/scenegoogle.js,src/lib/scenegoogle.js:21,static-import-json,../data/heights.json,static,test/cre-library-otb-slice.test.mjs,high,reviewed,"keyed by unit/feature ids; static import fails build on move, key/ID change silently breaks joins"
DEP-0074,data:heights.json,src/data/heights.json,none (direct),A-2 src/views/spatial.js,src/views/spatial.js:5,static-import-json,../data/heights.json,static,test/cre-library-otb-slice.test.mjs;test/pages.test.mjs,high,reviewed,"keyed by unit/feature ids; static import fails build on move, key/ID change silently breaks joins"
DEP-0075,data:heights.json,src/data/heights.json,build script,A-5(build) tools/build-site-twin.mjs,tools/build-site-twin.mjs:59,build-tool-input,src/data/heights.json,build-time,test/cre-library-otb-slice.test.mjs;test/site-twin.test.mjs,medium,reviewed,"build/generator input; path or field change breaks regeneration, not runtime"
DEP-0076,data:heights.json,src/data/heights.json,build script,BUILD tools/build-twin-mesh.py,tools/build-twin-mesh.py:86,build-tool-input,src/data/heights.json,build-time,test/cre-library-otb-slice.test.mjs,medium,reviewed,"build/generator input; path or field change breaks regeneration, not runtime"
DEP-0077,data:heights.json,src/data/heights.json,build script,BUILD tools/cre-library/build-otb-slice.mjs,tools/cre-library/build-otb-slice.mjs:45,build-tool-input,src/data/heights.json,build-time,test/cre-library-otb-slice.test.mjs,medium,reviewed,"build/generator input; path or field change breaks regeneration, not runtime"
DEP-0078,data:heights.json,src/data/heights.json,build script,BUILD tools/cre-library/otb-slice.mjs,tools/cre-library/otb-slice.mjs:95,build-tool-input,"${fallback}/${hvals.length} units carry 16.4 ft, which tools/extract-heights.py also uses as its no-annotation FALLBACK; heights.json does not record which values were annotated vs defaulted.",build-time,test/cre-library-otb-slice.test.mjs,medium,reviewed,"build/generator input; path or field change breaks regeneration, not runtime"
DEP-0079,data:heights.json,src/data/heights.json,build script,BUILD tools/export-google-earth.mjs,tools/export-google-earth.mjs:23,build-tool-input,heights.json,build-time,test/cre-library-otb-slice.test.mjs,medium,reviewed,"build/generator input; path or field change breaks regeneration, not runtime"
DEP-0080,data:heights.json,src/data/heights.json,build script,BUILD tools/export-package.mjs,tools/export-package.mjs:30,build-tool-input,heights.json,build-time,test/cre-library-otb-slice.test.mjs;test/export-provenance.test.mjs;test/generated-freshness.test.mjs,medium,reviewed,"build/generator input; path or field change breaks regeneration, not runtime"
DEP-0081,data:heights.json,src/data/heights.json,build script,BUILD tools/extract-heights.py,tools/extract-heights.py:14,build-tool-output,heights.json,build-time,test/cre-library-otb-slice.test.mjs,low,reviewed,generator output path; breaks regeneration only
DEP-0082,data:heights.json,src/data/heights.json,build script,BUILD tools/fit-splat-align.mjs,tools/fit-splat-align.mjs:27,build-tool-input,src/data/heights.json,build-time,test/cre-library-otb-slice.test.mjs,medium,reviewed,"build/generator input; path or field change breaks regeneration, not runtime"
DEP-0083,data:heights.json,src/data/heights.json,build script,A-5(build) tools/site-twin/web-package.mjs,tools/site-twin/web-package.mjs:25,build-tool-input,src/data/heights.json,build-time,test/cre-library-otb-slice.test.mjs;test/site-twin-web.test.mjs,medium,reviewed,"build/generator input; path or field change breaks regeneration, not runtime"
DEP-0084,data:hvac.json,src/data/hvac.json,adapter module (lib/store),A-1/A-2/R-1/P-1/DRAWER src/lib/colors.js,src/lib/colors.js:3,static-import-json,../data/hvac.json,static,test/colors.test.mjs;test/data-integrity.test.mjs,high,reviewed,"keyed by unit/feature ids; static import fails build on move, key/ID change silently breaks joins"
DEP-0085,data:hvac.json,src/data/hvac.json,none (direct),DRAWER src/views/drawer.js,src/views/drawer.js:16,static-import-json,../data/hvac.json,static,test/data-integrity.test.mjs,high,reviewed,"keyed by unit/feature ids; static import fails build on move, key/ID change silently breaks joins"
DEP-0086,data:hvac.json,src/data/hvac.json,data carrier (path resolved by the module that loads this JSON),DATA src/data/site-register.json,src/data/site-register.json:2451,data-embedded-path,tenant plan sets + src/data/hvac.json (cost split),data-driven (dynamic),test/data-integrity.test.mjs,medium,reviewed,path string stored inside data; loader resolves it at runtime or it is provenance only
DEP-0087,data:hvac.json,src/data/hvac.json,serverless function,API api/concierge.js,api/concierge.js:27,static-import-json,../src/data/hvac.json,static,test/autotrigger.test.mjs;test/concierge.test.mjs;test/data-integrity.test.mjs,high,reviewed,"keyed by unit/feature ids; static import fails build on move, key/ID change silently breaks joins"
DEP-0088,data:hvac.json,src/data/hvac.json,build script,BUILD tools/digitize-site-sources.py,tools/digitize-site-sources.py:351,build-tool-input,src/data/hvac.json,build-time,test/data-integrity.test.mjs,medium,reviewed,"build/generator input; path or field change breaks regeneration, not runtime"
DEP-0089,data:hvac.json,src/data/hvac.json,build script,BUILD tools/export-package.mjs,tools/export-package.mjs:21,build-tool-input,hvac.json,build-time,test/data-integrity.test.mjs;test/export-provenance.test.mjs;test/generated-freshness.test.mjs,medium,reviewed,"build/generator input; path or field change breaks regeneration, not runtime"
DEP-0090,data:hvac.json,src/data/hvac.json,build script,BUILD tools/extract-hvac.py,tools/extract-hvac.py:12,build-tool-output,hvac.json,build-time,test/data-integrity.test.mjs,low,reviewed,generator output path; breaks regeneration only
DEP-0091,data:hvac.json,src/data/hvac.json,build script,BUILD tools/extract-hvac.py,tools/extract-hvac.py:57,build-tool-input,hvac.json written:,build-time,test/data-integrity.test.mjs,medium,reviewed,"build/generator input; path or field change breaks regeneration, not runtime"
DEP-0092,data:instruments.json,src/data/instruments.json,adapter module (lib/store),MULTI(9) src/lib/facts.js,src/lib/facts.js:8,static-import-json,../data/instruments.json,static,test/facts.test.mjs;test/hvac.test.mjs;test/register-facts.test.mjs,medium,reviewed,static import fails build on move/rename; field changes surface in view
DEP-0093,data:instruments.json,src/data/instruments.json,build script,BUILD tools/export-package.mjs,tools/export-package.mjs:27,build-tool-input,instruments.json,build-time,test/export-provenance.test.mjs;test/facts.test.mjs;test/generated-freshness.test.mjs,medium,reviewed,"build/generator input; path or field change breaks regeneration, not runtime"
DEP-0094,data:lease-body.json,src/data/lease-body.json,adapter module (lib/store),DRAWER src/lib/leasedochtml.js,src/lib/leasedochtml.js:6,static-import-json,../data/lease-body.json,static,test/leasedochtml.test.mjs;test/leasetemplate.test.mjs;test/register-facts.test.mjs,medium,reviewed,static import fails build on move/rename; field changes surface in view
DEP-0095,data:lease-body.json,src/data/lease-body.json,build script,BUILD tools/lease-template.mjs,tools/lease-template.mjs:96,build-tool-output,src/data/lease-body.json,build-time,test/leasetemplate.test.mjs;test/register-facts.test.mjs,low,reviewed,generator output path; breaks regeneration only
DEP-0096,data:lease-links.json,src/data/lease-links.json,build script,BUILD tools/split-seed.mjs,tools/split-seed.mjs:47,build-tool-input,lease-links.json,build-time,test/client-privacy.test.mjs;test/export-provenance.test.mjs;test/generated-freshness.test.mjs;test/seed-privacy.test.mjs,medium,reviewed,"build/generator input; path or field change breaks regeneration, not runtime"
DEP-0097,data:lease-manifest.json,src/data/lease-manifest.json,adapter module (lib/store),DRAWER src/lib/leasedoc.js,src/lib/leasedoc.js:8,static-import-json,../data/lease-manifest.json,static,test/leasedoc.test.mjs;test/leasedochtml.test.mjs;test/leasedocx.test.mjs;test/leasetemplate.test.mjs,medium,reviewed,static import fails build on move/rename; field changes surface in view
DEP-0098,data:lease-manifest.json,src/data/lease-manifest.json,build script,BUILD tools/lease-template.mjs,tools/lease-template.mjs:92,build-tool-output,src/data/lease-manifest.json,build-time,test/leasedoc.test.mjs;test/leasetemplate.test.mjs,low,reviewed,generator output path; breaks regeneration only
DEP-0099,data:lease-template.docx,src/data/lease-template.docx,adapter module (lib/store),DRAWER src/lib/leaseUI.js,src/lib/leaseUI.js:175,fetch-url,../data/lease-template.docx,dynamic,test/client-privacy.test.mjs;test/leasedocx.test.mjs;test/leasetemplate.test.mjs;test/leaseui.test.mjs;test/seed-privacy.test.mjs,medium,reviewed,static import fails build on move/rename; field changes surface in view
DEP-0100,data:lease-template.docx,src/data/lease-template.docx,build script,BUILD tools/lease-template.mjs,tools/lease-template.mjs:91,build-tool-output,src/data/lease-template.docx,build-time,test/leasedocx.test.mjs;test/leasetemplate.test.mjs,low,reviewed,generator output path; breaks regeneration only
DEP-0101,data:logo-links.json,src/data/logo-links.json,,NONE (no runtime reference found),,none-found,,,,low,reviewed,"No code/config reference in src, api, index.html, tour.html, vite.config.js, vercel.json, tools or public HTML; candidate orphan or doc/provenance file - confirm before any move"
DEP-0102,data:logo-thumbs.json,src/data/logo-thumbs.json,logos.js HAS set -> /tenant-logos/{unit}.png,R-1/B-1/DRAWER src/lib/logos.js,src/lib/logos.js:4,static-import-json,../data/logo-thumbs.json,static,,high,reviewed,"keyed by unit/feature ids; static import fails build on move, key/ID change silently breaks joins"
DEP-0103,data:logo-thumbs.json,src/data/logo-thumbs.json,build script,BUILD tools/make-logo-thumbs.py,tools/make-logo-thumbs.py:10,build-tool-input,logo-thumbs.json,build-time,,medium,reviewed,"build/generator input; path or field change breaks regeneration, not runtime"
DEP-0104,data:meters.json,src/data/meters.json,none (direct),A-1 src/views/plan-register.js,src/views/plan-register.js:9,static-import-json,../data/meters.json,static,test/siteassets.test.mjs,high,reviewed,"keyed by unit/feature ids; static import fails build on move, key/ID change silently breaks joins"
DEP-0105,data:meters.json,src/data/meters.json,build script,BUILD tools/build-meters.py,tools/build-meters.py:71,build-tool-output,src/data/meters.json,build-time,test/siteassets.test.mjs,low,reviewed,generator output path; breaks regeneration only
DEP-0106,data:meters.json,src/data/meters.json,build script,BUILD tools/build-meters.py,tools/build-meters.py:72,build-tool-input,meters.json:,build-time,test/siteassets.test.mjs,medium,reviewed,"build/generator input; path or field change breaks regeneration, not runtime"
DEP-0107,data:meters.json,src/data/meters.json,build script,A-5(build) tools/build-site-twin.mjs,tools/build-site-twin.mjs:58,build-tool-input,src/data/meters.json,build-time,test/site-twin.test.mjs;test/siteassets.test.mjs,medium,reviewed,"build/generator input; path or field change breaks regeneration, not runtime"
DEP-0108,data:meters.json,src/data/meters.json,build script,BUILD tools/export-package.mjs,tools/export-package.mjs:26,build-tool-input,meters.json,build-time,test/export-provenance.test.mjs;test/generated-freshness.test.mjs;test/siteassets.test.mjs,medium,reviewed,"build/generator input; path or field change breaks regeneration, not runtime"
DEP-0109,data:meters.json,src/data/meters.json,build script,A-5(build) tools/site-twin/web-package.mjs,tools/site-twin/web-package.mjs:24,build-tool-input,src/data/meters.json,build-time,test/site-twin-web.test.mjs;test/siteassets.test.mjs,medium,reviewed,"build/generator input; path or field change breaks regeneration, not runtime"
DEP-0110,data:pylon.json,src/data/pylon.json,facts.PYLON frozen register,MULTI(9) src/lib/facts.js,src/lib/facts.js:9,static-import-json,../data/pylon.json,static,test/cre-library-otb-slice.test.mjs;test/facts.test.mjs;test/hvac.test.mjs;test/pylonsvg.test.mjs;test/register-facts.test.mjs,high,reviewed,"keyed by unit/feature ids; static import fails build on move, key/ID change silently breaks joins"
DEP-0111,data:pylon.json,src/data/pylon.json,data carrier (path resolved by the module that loads this JSON),DATA src/data/site-register.json,src/data/site-register.json:1384,data-embedded-path,14 panels (P1 2x8 · P2 4x8 anchor · P3–P14 2x4) — src/data/pylon.json · zoning Entry 99-041054,data-driven (dynamic),test/cre-library-otb-slice.test.mjs;test/pylonsvg.test.mjs,medium,reviewed,path string stored inside data; loader resolves it at runtime or it is provenance only
DEP-0112,data:pylon.json,src/data/pylon.json,build script,A-5(build) tools/build-site-twin.mjs,tools/build-site-twin.mjs:59,build-tool-input,src/data/pylon.json,build-time,test/cre-library-otb-slice.test.mjs;test/pylonsvg.test.mjs;test/site-twin.test.mjs,medium,reviewed,"build/generator input; path or field change breaks regeneration, not runtime"
DEP-0113,data:pylon.json,src/data/pylon.json,build script,BUILD tools/cre-library/build-otb-slice.mjs,tools/cre-library/build-otb-slice.mjs:47,build-tool-input,src/data/pylon.json,build-time,test/cre-library-otb-slice.test.mjs;test/pylonsvg.test.mjs,medium,reviewed,"build/generator input; path or field change breaks regeneration, not runtime"
DEP-0114,data:pylon.json,src/data/pylon.json,build script,BUILD tools/cre-library/otb-slice.mjs,tools/cre-library/otb-slice.mjs:106,build-tool-input,Every pylon.json panel→unit assignment resolves to a suite record.,build-time,test/cre-library-otb-slice.test.mjs;test/pylonsvg.test.mjs,medium,reviewed,"build/generator input; path or field change breaks regeneration, not runtime"
DEP-0115,data:pylon.json,src/data/pylon.json,build script,BUILD tools/digitize-site-sources.py,tools/digitize-site-sources.py:202,build-tool-input,14 panels (P1 2x8 · P2 4x8 anchor · P3–P14 2x4) — src/data/pylon.json · zoning Entry 99-041054,build-time,test/cre-library-otb-slice.test.mjs;test/pylonsvg.test.mjs,medium,reviewed,"build/generator input; path or field change breaks regeneration, not runtime"
DEP-0116,data:pylon.json,src/data/pylon.json,build script,BUILD tools/pylon.py,tools/pylon.py:135,build-tool-input,pylon.json,build-time,test/cre-library-otb-slice.test.mjs;test/pylonsvg.test.mjs,medium,reviewed,"build/generator input; path or field change breaks regeneration, not runtime"
DEP-0117,data:pylon.json,src/data/pylon.json,build script,A-5(build) tools/site-twin/web-package.mjs,tools/site-twin/web-package.mjs:25,build-tool-input,src/data/pylon.json,build-time,test/cre-library-otb-slice.test.mjs;test/pylonsvg.test.mjs;test/site-twin-web.test.mjs,medium,reviewed,"build/generator input; path or field change breaks regeneration, not runtime"
DEP-0118,data:recoveries.json,src/data/recoveries.json,serverless function,API api/auto-trigger.mjs,api/auto-trigger.mjs:16,static-import-json,../src/data/recoveries.json,static,test/data-integrity.test.mjs,high,reviewed,"keyed by unit/feature ids; static import fails build on move, key/ID change silently breaks joins"
DEP-0119,data:recoveries.json,src/data/recoveries.json,serverless function,API api/concierge.js,api/concierge.js:26,static-import-json,../src/data/recoveries.json,static,test/autotrigger.test.mjs;test/concierge.test.mjs;test/data-integrity.test.mjs,high,reviewed,"keyed by unit/feature ids; static import fails build on move, key/ID change silently breaks joins"
DEP-0120,data:recoveries.json,src/data/recoveries.json,build script,BUILD tools/export-package.mjs,tools/export-package.mjs:22,build-tool-input,recoveries.json,build-time,test/data-integrity.test.mjs;test/export-provenance.test.mjs;test/generated-freshness.test.mjs,medium,reviewed,"build/generator input; path or field change breaks regeneration, not runtime"
DEP-0121,data:recoveries.json,src/data/recoveries.json,build script,BUILD tools/extract-recoveries.py,tools/extract-recoveries.py:10,build-tool-output,recoveries.json,build-time,test/data-integrity.test.mjs,low,reviewed,generator output path; breaks regeneration only
DEP-0122,data:recoveries.json,src/data/recoveries.json,build script,BUILD tools/extract-recoveries.py,tools/extract-recoveries.py:38,build-tool-input,recoveries.json written:,build-time,test/data-integrity.test.mjs,medium,reviewed,"build/generator input; path or field change breaks regeneration, not runtime"
DEP-0123,data:recoveries.json,src/data/recoveries.json,build script,BUILD tools/proforma.py,tools/proforma.py:13,build-tool-input,recoveries.json,build-time,test/data-integrity.test.mjs;test/safe.test.mjs,medium,reviewed,"build/generator input; path or field change breaks regeneration, not runtime"
DEP-0124,data:recoveries.json,src/data/recoveries.json,build script,BUILD tools/split-seed.mjs,tools/split-seed.mjs:45,build-tool-input,recoveries.json,build-time,test/data-integrity.test.mjs;test/export-provenance.test.mjs;test/generated-freshness.test.mjs;test/seed-privacy.test.mjs,medium,reviewed,"build/generator input; path or field change breaks regeneration, not runtime"
DEP-0125,data:recovery-terms.json,src/data/recovery-terms.json,adapter module (lib/store),MULTI(18) src/store.js,src/store.js:8,static-import-json,./data/recovery-terms.json,static,test/data-integrity.test.mjs;test/seed-privacy.test.mjs;test/state-storage.test.mjs,high,reviewed,"keyed by unit/feature ids; static import fails build on move, key/ID change silently breaks joins"
DEP-0126,data:recovery-terms.json,src/data/recovery-terms.json,build script,BUILD tools/export-package.mjs,tools/export-package.mjs:29,build-tool-input,recovery-terms.json,build-time,test/data-integrity.test.mjs;test/export-provenance.test.mjs;test/generated-freshness.test.mjs,medium,reviewed,"build/generator input; path or field change breaks regeneration, not runtime"
DEP-0127,data:recovery-terms.json,src/data/recovery-terms.json,none (direct),PUBLIC-PAGE public/manual/index.html,public/manual/index.html:272,string-literal-url-or-path,recovery-terms.json,dynamic,test/data-integrity.test.mjs,high,reviewed,"keyed by unit/feature ids; static import fails build on move, key/ID change silently breaks joins"
DEP-0128,data:renewal-options.json,src/data/renewal-options.json,none (direct),T-1 src/views/dates-lease.js,src/views/dates-lease.js:14,static-import-json,../data/renewal-options.json,static,test/renewals.test.mjs,high,reviewed,"keyed by unit/feature ids; static import fails build on move, key/ID change silently breaks joins"
DEP-0129,data:renewal-options.json,src/data/renewal-options.json,build script,BUILD tools/export-package.mjs,tools/export-package.mjs:28,build-tool-input,renewal-options.json,build-time,test/export-provenance.test.mjs;test/generated-freshness.test.mjs;test/renewals.test.mjs,medium,reviewed,"build/generator input; path or field change breaks regeneration, not runtime"
DEP-0130,data:renewal-options.json,src/data/renewal-options.json,none (direct),PUBLIC-PAGE public/manual/index.html,public/manual/index.html:297,string-literal-url-or-path,renewal-options.json,dynamic,test/renewals.test.mjs,high,reviewed,"keyed by unit/feature ids; static import fails build on move, key/ID change silently breaks joins"
DEP-0131,data:sat-base.json,src/data/sat-base.json,adapter module (lib/store),A-2 src/lib/scenegeo.js,src/lib/scenegeo.js:16,static-import-json,../data/sat-base.json,static,test/elevation.test.mjs,medium,reviewed,static import fails build on move/rename; field changes surface in view
DEP-0132,data:sat-base.json,src/data/sat-base.json,data carrier (path resolved by the module that loads this JSON),DATA src/data/twin-water-aerial.json,src/data/twin-water-aerial.json:805,data-embedded-path,src/data/sat-base.json,data-driven (dynamic),test/elevation.test.mjs,medium,reviewed,path string stored inside data; loader resolves it at runtime or it is provenance only
DEP-0133,data:sat-base.json,src/data/sat-base.json,data carrier (path resolved by the module that loads this JSON),DATA src/data/twin-water-official-imagery.json,src/data/twin-water-official-imagery.json:59,data-embedded-path,src/data/sat-base.json,data-driven (dynamic),test/elevation.test.mjs,medium,reviewed,path string stored inside data; loader resolves it at runtime or it is provenance only
DEP-0134,data:sat-base.json,src/data/sat-base.json,build script,BUILD tools/build-sat-base.py,tools/build-sat-base.py:65,build-tool-output,sat-base.json,build-time,test/elevation.test.mjs,low,reviewed,generator output path; breaks regeneration only
DEP-0135,data:site-register.json,src/data/site-register.json,siteassets.buildRegister() -> flat register ids,A-1 src/views/plan-register.js,src/views/plan-register.js:8,static-import-json,../data/site-register.json,static,test/siteassets.test.mjs,high,reviewed,"keyed by unit/feature ids; static import fails build on move, key/ID change silently breaks joins"
DEP-0136,data:site-register.json,src/data/site-register.json,build script,A-5(build) tools/build-site-twin.mjs,tools/build-site-twin.mjs:58,build-tool-input,src/data/site-register.json,build-time,test/site-twin.test.mjs;test/siteassets.test.mjs,medium,reviewed,"build/generator input; path or field change breaks regeneration, not runtime"
DEP-0137,data:site-register.json,src/data/site-register.json,build script,BUILD tools/digitize-site-sources.py,tools/digitize-site-sources.py:435,build-tool-output,src/data/site-register.json,build-time,test/siteassets.test.mjs,low,reviewed,generator output path; breaks regeneration only
DEP-0138,data:site-register.json,src/data/site-register.json,build script,BUILD tools/digitize-site-sources.py,tools/digitize-site-sources.py:436,build-tool-input,site-register.json:,build-time,test/siteassets.test.mjs,medium,reviewed,"build/generator input; path or field change breaks regeneration, not runtime"
DEP-0139,data:site-register.json,src/data/site-register.json,build script,BUILD tools/export-google-earth.mjs,tools/export-google-earth.mjs:23,build-tool-input,site-register.json,build-time,test/siteassets.test.mjs,medium,reviewed,"build/generator input; path or field change breaks regeneration, not runtime"
DEP-0140,data:site-register.json,src/data/site-register.json,build script,BUILD tools/export-package.mjs,tools/export-package.mjs:25,build-tool-input,site-register.json,build-time,test/export-provenance.test.mjs;test/generated-freshness.test.mjs;test/siteassets.test.mjs,medium,reviewed,"build/generator input; path or field change breaks regeneration, not runtime"
DEP-0141,data:site-register.json,src/data/site-register.json,build script,A-5(build) tools/site-twin/web-package.mjs,tools/site-twin/web-package.mjs:24,build-tool-input,src/data/site-register.json,build-time,test/site-twin-web.test.mjs;test/siteassets.test.mjs,medium,reviewed,"build/generator input; path or field change breaks regeneration, not runtime"
DEP-0142,data:sop.json,src/data/sop.json,serverless function,API api/voice-agent.js,api/voice-agent.js:24,static-import-json,../src/data/sop.json,static,test/voiceagent.test.mjs;test/voicerouter.test.mjs,medium,reviewed,static import fails build on move/rename; field changes surface in view
DEP-0143,data:splat-align.json,src/data/splat-align.json,adapter module (lib/store),A-2 src/lib/scenesplat.js,src/lib/scenesplat.js:12,static-import-json,../data/splat-align.json,static,,medium,reviewed,static import fails build on move/rename; field changes surface in view
DEP-0144,data:splat-align.json,src/data/splat-align.json,build script,BUILD tools/build-mesh-glb.py,tools/build-mesh-glb.py:20,build-tool-input,splat-align.json,build-time,,medium,reviewed,"build/generator input; path or field change breaks regeneration, not runtime"
DEP-0145,data:splat-align.json,src/data/splat-align.json,build script,BUILD tools/build-twin-mesh.py,tools/build-twin-mesh.py:106,build-tool-input,src/data/splat-align.json,build-time,,medium,reviewed,"build/generator input; path or field change breaks regeneration, not runtime"
DEP-0146,data:splat-align.json,src/data/splat-align.json,build script,BUILD tools/detect-columns.py,tools/detect-columns.py:23,build-tool-input,splat-align.json,build-time,,medium,reviewed,"build/generator input; path or field change breaks regeneration, not runtime"
DEP-0147,data:splat-align.json,src/data/splat-align.json,build script,BUILD tools/fit-splat-align.mjs,tools/fit-splat-align.mjs:303,build-tool-output,src/data/splat-align.json,build-time,,low,reviewed,generator output path; breaks regeneration only
DEP-0148,data:stall-map.json,src/data/stall-map.json,none (direct),D-1 src/views/dashboard.js,src/views/dashboard.js:15,static-import-json,../data/stall-map.json,static,test/occupancy.test.mjs,high,reviewed,"keyed by unit/feature ids; static import fails build on move, key/ID change silently breaks joins"
DEP-0149,data:stall-map.json,src/data/stall-map.json,none (direct),A-1 src/views/plan.js,src/views/plan.js:13,static-import-json,../data/stall-map.json,static,test/asset-twin-water-markers.test.mjs;test/marketing.test.mjs;test/occupancy.test.mjs;test/printsheet.test.mjs;test/ribbon.test.mjs;+1 more,high,reviewed,"keyed by unit/feature ids; static import fails build on move, key/ID change silently breaks joins"
DEP-0150,data:twin-infrastructure.json,src/data/twin-infrastructure.json,adapter module (lib/store),A-3/A-4 src/lib/asset-twin-source-data.js,src/lib/asset-twin-source-data.js:1,static-import-json,../data/twin-infrastructure.json,static,test/asset-twin-research.test.mjs;test/asset-twin-site-records.test.mjs;test/asset-twin-source-data.test.mjs;test/asset-twin-water.test.mjs;test/twin-infrastructure.test.mjs;+2 more,high,reviewed,"keyed by unit/feature ids; static import fails build on move, key/ID change silently breaks joins"
DEP-0151,data:twin-infrastructure.json,src/data/twin-infrastructure.json,none (direct),A-3 src/views/asset-twin-water.js,src/views/asset-twin-water.js:5,static-import-json,../data/twin-infrastructure.json,static,test/asset-twin-water.test.mjs;test/twin-infrastructure.test.mjs;test/twin-water-candidates.test.mjs;test/twin-water-registration.test.mjs,high,reviewed,"keyed by unit/feature ids; static import fails build on move, key/ID change silently breaks joins"
DEP-0152,data:twin-infrastructure.json,src/data/twin-infrastructure.json,data carrier (path resolved by the module that loads this JSON),DATA src/data/twin-water-map.json,src/data/twin-water-map.json:36,data-embedded-path,src/data/twin-infrastructure.json,data-driven (dynamic),test/asset-twin-water.test.mjs;test/twin-infrastructure.test.mjs;test/twin-water-candidates.test.mjs;test/twin-water-registration.test.mjs,medium,reviewed,path string stored inside data; loader resolves it at runtime or it is provenance only
DEP-0153,data:twin-infrastructure.json,src/data/twin-infrastructure.json,build script,BUILD tools/export-package.mjs,tools/export-package.mjs:33,build-tool-input,twin-infrastructure.json,build-time,test/asset-twin-water.test.mjs;test/export-provenance.test.mjs;test/generated-freshness.test.mjs;test/twin-infrastructure.test.mjs;test/twin-water-candidates.test.mjs;+1 more,medium,reviewed,"build/generator input; path or field change breaks regeneration, not runtime"
DEP-0154,data:twin-infrastructure.json,src/data/twin-infrastructure.json,build script,BUILD tools/extract-twin-infrastructure.py,tools/extract-twin-infrastructure.py:273,build-tool-output,src/data/twin-infrastructure.json,build-time,test/asset-twin-water.test.mjs;test/twin-infrastructure.test.mjs;test/twin-water-candidates.test.mjs;test/twin-water-registration.test.mjs,low,reviewed,generator output path; breaks regeneration only
DEP-0155,data:twin-infrastructure.json,src/data/twin-infrastructure.json,build script,BUILD tools/register-twin-water-map.py,tools/register-twin-water-map.py:20,build-tool-input,src/data/twin-infrastructure.json,build-time,test/asset-twin-water.test.mjs;test/twin-infrastructure.test.mjs;test/twin-water-candidates.test.mjs;test/twin-water-registration.test.mjs,medium,reviewed,"build/generator input; path or field change breaks regeneration, not runtime"
DEP-0156,data:twin-site-fixtures.json,src/data/twin-site-fixtures.json,adapter module (lib/store),A-3/A-4 src/lib/asset-twin-source-data.js,src/lib/asset-twin-source-data.js:2,static-import-json,../data/twin-site-fixtures.json,static,test/asset-twin-fixture-models.test.mjs;test/asset-twin-research.test.mjs;test/asset-twin-site-records.test.mjs;test/asset-twin-source-data.test.mjs;test/twin-water-registration.test.mjs,high,reviewed,"keyed by unit/feature ids; static import fails build on move, key/ID change silently breaks joins"
DEP-0157,data:twin-site-fixtures.json,src/data/twin-site-fixtures.json,data carrier (path resolved by the module that loads this JSON),DATA src/data/twin-water-map.json,src/data/twin-water-map.json:41,data-embedded-path,src/data/twin-site-fixtures.json,data-driven (dynamic),test/asset-twin-fixture-models.test.mjs;test/twin-water-registration.test.mjs,medium,reviewed,path string stored inside data; loader resolves it at runtime or it is provenance only
DEP-0158,data:twin-site-fixtures.json,src/data/twin-site-fixtures.json,build script,BUILD tools/build-twin-fixtures.mjs,tools/build-twin-fixtures.mjs:79,build-tool-input,src/data/twin-site-fixtures.json,build-time,test/asset-twin-fixture-models.test.mjs;test/twin-water-registration.test.mjs,medium,reviewed,"build/generator input; path or field change breaks regeneration, not runtime"
DEP-0159,data:twin-site-fixtures.json,src/data/twin-site-fixtures.json,build script,BUILD tools/build-twin-site-context.mjs,tools/build-twin-site-context.mjs:55,build-tool-input,src/data/twin-site-fixtures.json,build-time,test/asset-twin-fixture-models.test.mjs;test/asset-twin-site-context.test.mjs;test/twin-water-registration.test.mjs,medium,reviewed,"build/generator input; path or field change breaks regeneration, not runtime"
DEP-0160,data:twin-site-fixtures.json,src/data/twin-site-fixtures.json,build script,BUILD tools/extract-twin-site-fixtures.py,tools/extract-twin-site-fixtures.py:268,build-tool-output,src/data/twin-site-fixtures.json,build-time,test/asset-twin-fixture-models.test.mjs;test/twin-water-registration.test.mjs,low,reviewed,generator output path; breaks regeneration only
DEP-0161,data:twin-site-fixtures.json,src/data/twin-site-fixtures.json,build script,BUILD tools/extract-twin-site-fixtures.py,tools/extract-twin-site-fixtures.py:275,build-tool-input,src/data/twin-site-fixtures.json,build-time,test/asset-twin-fixture-models.test.mjs;test/twin-water-registration.test.mjs,medium,reviewed,"build/generator input; path or field change breaks regeneration, not runtime"
DEP-0162,data:twin-site-fixtures.json,src/data/twin-site-fixtures.json,build script,BUILD tools/register-twin-water-map.py,tools/register-twin-water-map.py:21,build-tool-input,src/data/twin-site-fixtures.json,build-time,test/asset-twin-fixture-models.test.mjs;test/twin-water-registration.test.mjs,medium,reviewed,"build/generator input; path or field change breaks regeneration, not runtime"
DEP-0163,data:twin-site-fixtures.json,src/data/twin-site-fixtures.json,build script,BUILD tools/register-twin-water-map.py,tools/register-twin-water-map.py:239,build-tool-output,twin-site-fixtures.json,build-time,test/asset-twin-fixture-models.test.mjs;test/twin-water-registration.test.mjs,low,reviewed,generator output path; breaks regeneration only
DEP-0164,data:twin-site-research.json,src/data/twin-site-research.json,adapter module (lib/store),A-3/A-4 src/lib/asset-twin-research.js,src/lib/asset-twin-research.js:1,static-import-json,../data/twin-site-research.json,static,test/asset-twin-research.test.mjs,medium,reviewed,static import fails build on move/rename; field changes surface in view
DEP-0165,data:twin-water-aerial.json,src/data/twin-water-aerial.json,none (direct),A-3 src/views/asset-twin-water-aerial.js,src/views/asset-twin-water-aerial.js:5,static-import-json,../data/twin-water-aerial.json,static,test/twin-water-aerial.test.mjs,medium,reviewed,static import fails build on move/rename; field changes surface in view
DEP-0166,data:twin-water-aerial.json,src/data/twin-water-aerial.json,build script,BUILD tools/register-twin-water-aerial.py,tools/register-twin-water-aerial.py:253,build-tool-input,src/data/twin-water-aerial.json,build-time,test/twin-water-aerial.test.mjs,medium,reviewed,"build/generator input; path or field change breaks regeneration, not runtime"
DEP-0167,data:twin-water-aerial.json,src/data/twin-water-aerial.json,build script,BUILD tools/register-twin-water-aerial.py,tools/register-twin-water-aerial.py:259,build-tool-output,twin-water-aerial.json,build-time,test/twin-water-aerial.test.mjs,low,reviewed,generator output path; breaks regeneration only
DEP-0168,data:twin-water-candidates.json,src/data/twin-water-candidates.json,none (direct),A-3 src/views/asset-twin-water-aerial.js,src/views/asset-twin-water-aerial.js:7,static-import-json,../data/twin-water-candidates.json,static,test/twin-water-candidates.test.mjs,medium,reviewed,static import fails build on move/rename; field changes surface in view
DEP-0169,data:twin-water-candidates.json,src/data/twin-water-candidates.json,none (direct),A-3 src/views/asset-twin-water.js,src/views/asset-twin-water.js:4,static-import-json,../data/twin-water-candidates.json,static,test/asset-twin-water.test.mjs;test/twin-water-candidates.test.mjs,medium,reviewed,static import fails build on move/rename; field changes surface in view
DEP-0170,data:twin-water-map.json,src/data/twin-water-map.json,none (direct),A-3 src/views/asset-twin-sources.js,src/views/asset-twin-sources.js:3,static-import-json,../data/twin-water-map.json,static,test/asset-twin-water.test.mjs;test/twin-water-aerial.test.mjs;test/twin-water-candidates.test.mjs;test/twin-water-registration.test.mjs,high,reviewed,"keyed by unit/feature ids; static import fails build on move, key/ID change silently breaks joins"
DEP-0171,data:twin-water-map.json,src/data/twin-water-map.json,none (direct),A-3 src/views/asset-twin-water-aerial.js,src/views/asset-twin-water-aerial.js:4,static-import-json,../data/twin-water-map.json,static,test/asset-twin-water.test.mjs;test/twin-water-aerial.test.mjs;test/twin-water-candidates.test.mjs;test/twin-water-registration.test.mjs,high,reviewed,"keyed by unit/feature ids; static import fails build on move, key/ID change silently breaks joins"
DEP-0172,data:twin-water-map.json,src/data/twin-water-map.json,none (direct),A-3 src/views/asset-twin.js,src/views/asset-twin.js:16,static-import-json,../data/twin-water-map.json,static,test/asset-twin-availability.test.mjs;test/asset-twin-water.test.mjs;test/twin-water-aerial.test.mjs;test/twin-water-candidates.test.mjs;test/twin-water-registration.test.mjs,high,reviewed,"keyed by unit/feature ids; static import fails build on move, key/ID change silently breaks joins"
DEP-0173,data:twin-water-map.json,src/data/twin-water-map.json,data carrier (path resolved by the module that loads this JSON),DATA src/data/twin-water-aerial.json,src/data/twin-water-aerial.json:47,data-embedded-path,twin-water-map.json registration.controls[long_133_rear],data-driven (dynamic),test/asset-twin-water.test.mjs;test/twin-water-aerial.test.mjs;test/twin-water-candidates.test.mjs;test/twin-water-registration.test.mjs,medium,reviewed,path string stored inside data; loader resolves it at runtime or it is provenance only
DEP-0174,data:twin-water-map.json,src/data/twin-water-map.json,build script,BUILD tools/export-package.mjs,tools/export-package.mjs:32,build-tool-input,twin-water-map.json,build-time,test/asset-twin-water.test.mjs;test/export-provenance.test.mjs;test/generated-freshness.test.mjs;test/twin-water-aerial.test.mjs;test/twin-water-candidates.test.mjs;+1 more,medium,reviewed,"build/generator input; path or field change breaks regeneration, not runtime"
DEP-0175,data:twin-water-map.json,src/data/twin-water-map.json,build script,BUILD tools/register-twin-water-aerial.py,tools/register-twin-water-aerial.py:117,build-tool-input,twin-water-map.json registration.controls[{c[0]}],build-time,test/asset-twin-water.test.mjs;test/twin-water-aerial.test.mjs;test/twin-water-candidates.test.mjs;test/twin-water-registration.test.mjs,medium,reviewed,"build/generator input; path or field change breaks regeneration, not runtime"
DEP-0176,data:twin-water-map.json,src/data/twin-water-map.json,build script,BUILD tools/register-twin-water-aerial.py,tools/register-twin-water-aerial.py:235,build-tool-output,twin-water-map.json,build-time,test/asset-twin-water.test.mjs;test/twin-water-aerial.test.mjs;test/twin-water-candidates.test.mjs;test/twin-water-registration.test.mjs,low,reviewed,generator output path; breaks regeneration only
DEP-0177,data:twin-water-map.json,src/data/twin-water-map.json,build script,BUILD tools/register-twin-water-map.py,tools/register-twin-water-map.py:251,build-tool-input,src/data/twin-water-map.json,build-time,test/asset-twin-water.test.mjs;test/twin-water-aerial.test.mjs;test/twin-water-candidates.test.mjs;test/twin-water-registration.test.mjs,medium,reviewed,"build/generator input; path or field change breaks regeneration, not runtime"
DEP-0178,data:twin-water-map.json,src/data/twin-water-map.json,build script,BUILD tools/register-twin-water-map.py,tools/register-twin-water-map.py:267,build-tool-output,src/data/twin-water-map.json,build-time,test/asset-twin-water.test.mjs;test/twin-water-aerial.test.mjs;test/twin-water-candidates.test.mjs;test/twin-water-registration.test.mjs,low,reviewed,generator output path; breaks regeneration only
DEP-0179,data:twin-water-official-imagery.json,src/data/twin-water-official-imagery.json,none (direct),A-3 src/views/asset-twin-water-aerial.js,src/views/asset-twin-water-aerial.js:6,static-import-json,../data/twin-water-official-imagery.json,static,test/twin-water-aerial.test.mjs,medium,reviewed,static import fails build on move/rename; field changes surface in view
DEP-0180,data:twin-water-official-imagery.json,src/data/twin-water-official-imagery.json,data carrier (path resolved by the module that loads this JSON),DATA src/data/twin-site-research.json,src/data/twin-site-research.json:26,data-embedded-path,src/data/twin-water-official-imagery.json,data-driven (dynamic),test/twin-water-aerial.test.mjs,medium,reviewed,path string stored inside data; loader resolves it at runtime or it is provenance only
DEP-0181,data:twin-water-official-imagery.json,src/data/twin-water-official-imagery.json,build script,BUILD tools/register-twin-water-aerial.py,tools/register-twin-water-aerial.py:92,build-tool-input,src/data/twin-water-official-imagery.json,build-time,test/twin-water-aerial.test.mjs,medium,reviewed,"build/generator input; path or field change breaks regeneration, not runtime"
DEP-0182,data:units.json,src/data/units.json,data carrier (path resolved by the module that loads this JSON),DATA src/data/directory.json,src/data/directory.json:2,data-embedded-path,units.json,data-driven (dynamic),test/client-privacy.test.mjs;test/data-integrity.test.mjs;test/export-provenance.test.mjs;test/ledger.test.mjs;test/register-facts.test.mjs;+2 more,medium,reviewed,path string stored inside data; loader resolves it at runtime or it is provenance only
DEP-0183,data:units.json,src/data/units.json,data carrier (path resolved by the module that loads this JSON),DATA src/data/renewal-options.json,src/data/renewal-options.json:2,data-embedded-path,units.json,data-driven (dynamic),test/client-privacy.test.mjs;test/data-integrity.test.mjs;test/export-provenance.test.mjs;test/ledger.test.mjs;test/register-facts.test.mjs;+2 more,medium,reviewed,path string stored inside data; loader resolves it at runtime or it is provenance only
DEP-0184,data:units.json,src/data/units.json,serverless function,API api/_atlas-numbers.mjs,api/_atlas-numbers.mjs:96,string-literal-url-or-path,src/data/units.json → authenticated api/_seed.json; per-suite leaseEvidence; docs/sot-2026-07/,dynamic,test/atlas-numbers.test.mjs;test/client-privacy.test.mjs;test/data-integrity.test.mjs;test/export-provenance.test.mjs;test/ledger.test.mjs;+3 more,high,reviewed,"keyed by unit/feature ids; static import fails build on move, key/ID change silently breaks joins"
DEP-0185,data:units.json,src/data/units.json,serverless function,API api/concierge.js,api/concierge.js:25,static-import-json,../src/data/units.json,static,test/autotrigger.test.mjs;test/client-privacy.test.mjs;test/concierge.test.mjs;test/data-integrity.test.mjs;test/export-provenance.test.mjs;+4 more,high,reviewed,"keyed by unit/feature ids; static import fails build on move, key/ID change silently breaks joins"
DEP-0186,data:units.json,src/data/units.json,build script,A-5(build) tools/build-site-twin.mjs,tools/build-site-twin.mjs:61,build-tool-input,src/data/units.json,build-time,test/client-privacy.test.mjs;test/data-integrity.test.mjs;test/export-provenance.test.mjs;test/ledger.test.mjs;test/register-facts.test.mjs;+3 more,medium,reviewed,"build/generator input; path or field change breaks regeneration, not runtime"
DEP-0187,data:units.json,src/data/units.json,build script,BUILD tools/cre-library/otb-slice.mjs,tools/cre-library/otb-slice.mjs:124,build-tool-input,"Public-safe tenancy fields derived from the Tier-1 rent roll (units.json). Lease SF is a lease definition, not a measured footprint.",build-time,test/client-privacy.test.mjs;test/cre-library-otb-slice.test.mjs;test/data-integrity.test.mjs;test/export-provenance.test.mjs;test/ledger.test.mjs;+3 more,medium,reviewed,"build/generator input; path or field change breaks regeneration, not runtime"
DEP-0188,data:units.json,src/data/units.json,build script,BUILD tools/export-google-earth.mjs,tools/export-google-earth.mjs:22,build-tool-input,units.json,build-time,test/client-privacy.test.mjs;test/data-integrity.test.mjs;test/export-provenance.test.mjs;test/ledger.test.mjs;test/register-facts.test.mjs;+2 more,medium,reviewed,"build/generator input; path or field change breaks regeneration, not runtime"
DEP-0189,data:units.json,src/data/units.json,build script,BUILD tools/export-package.mjs,tools/export-package.mjs:19,build-tool-input,units.json,build-time,test/client-privacy.test.mjs;test/data-integrity.test.mjs;test/export-provenance.test.mjs;test/generated-freshness.test.mjs;test/ledger.test.mjs;+3 more,medium,reviewed,"build/generator input; path or field change breaks regeneration, not runtime"
DEP-0190,data:units.json,src/data/units.json,build script,BUILD tools/extract-geometry.mjs,tools/extract-geometry.mjs:12,build-tool-input,src/data/units.json,build-time,test/client-privacy.test.mjs;test/data-integrity.test.mjs;test/export-provenance.test.mjs;test/ledger.test.mjs;test/register-facts.test.mjs;+2 more,medium,reviewed,"build/generator input; path or field change breaks regeneration, not runtime"
DEP-0191,data:units.json,src/data/units.json,build script,BUILD tools/ge-media.py,tools/ge-media.py:25,build-tool-input,units.json,build-time,test/client-privacy.test.mjs;test/data-integrity.test.mjs;test/export-provenance.test.mjs;test/ledger.test.mjs;test/register-facts.test.mjs;+2 more,medium,reviewed,"build/generator input; path or field change breaks regeneration, not runtime"
DEP-0192,data:units.json,src/data/units.json,build script,BUILD tools/leasing-package.py,tools/leasing-package.py:25,build-tool-input,src/data/units.json,build-time,test/client-privacy.test.mjs;test/data-integrity.test.mjs;test/export-provenance.test.mjs;test/ledger.test.mjs;test/register-facts.test.mjs;+2 more,medium,reviewed,"build/generator input; path or field change breaks regeneration, not runtime"
DEP-0193,data:units.json,src/data/units.json,build script,BUILD tools/poster.py,tools/poster.py:16,build-tool-input,units.json,build-time,test/client-privacy.test.mjs;test/data-integrity.test.mjs;test/export-provenance.test.mjs;test/ledger.test.mjs;test/register-facts.test.mjs;+2 more,medium,reviewed,"build/generator input; path or field change breaks regeneration, not runtime"
DEP-0194,data:units.json,src/data/units.json,build script,BUILD tools/proforma.py,tools/proforma.py:12,build-tool-input,units.json,build-time,test/client-privacy.test.mjs;test/data-integrity.test.mjs;test/export-provenance.test.mjs;test/ledger.test.mjs;test/register-facts.test.mjs;+3 more,medium,reviewed,"build/generator input; path or field change breaks regeneration, not runtime"
DEP-0195,data:units.json,src/data/units.json,build script,A-5(build) tools/site-twin/web-package.mjs,tools/site-twin/web-package.mjs:26,build-tool-input,src/data/units.json,build-time,test/client-privacy.test.mjs;test/data-integrity.test.mjs;test/export-provenance.test.mjs;test/ledger.test.mjs;test/register-facts.test.mjs;+3 more,medium,reviewed,"build/generator input; path or field change breaks regeneration, not runtime"
DEP-0196,data:units.json,src/data/units.json,build script,BUILD tools/split-seed.mjs,tools/split-seed.mjs:42,build-tool-input,units.json,build-time,test/client-privacy.test.mjs;test/data-integrity.test.mjs;test/export-provenance.test.mjs;test/generated-freshness.test.mjs;test/ledger.test.mjs;+4 more,medium,reviewed,"build/generator input; path or field change breaks regeneration, not runtime"
DEP-0197,data:units.json,src/data/units.json,none (direct),PUBLIC-PAGE public/manual/index.html,public/manual/index.html:556,string-literal-url-or-path,units.json,dynamic,test/client-privacy.test.mjs;test/data-integrity.test.mjs;test/export-provenance.test.mjs;test/ledger.test.mjs;test/register-facts.test.mjs;+2 more,high,reviewed,"keyed by unit/feature ids; static import fails build on move, key/ID change silently breaks joins"
DEP-0198,data:units.public.json,src/data/units.public.json,adapter module (lib/store),SHELL/A-2 src/lib/command-evidence.js,src/lib/command-evidence.js:73,template-built-url,src/data/units.public.json; docs/sot-2026-07/,dynamic,test/autotrigger.test.mjs;test/client-privacy.test.mjs;test/command-briefing.test.mjs;test/command-evidence.test.mjs;test/cre-library-otb-slice.test.mjs;+4 more,high,reviewed,"keyed by unit/feature ids; static import fails build on move, key/ID change silently breaks joins"
DEP-0199,data:units.public.json,src/data/units.public.json,adapter module (lib/store),MULTI(18) src/store.js,src/store.js:6,static-import-json,./data/units.public.json,static,test/autotrigger.test.mjs;test/client-privacy.test.mjs;test/command-briefing.test.mjs;test/command-evidence.test.mjs;test/cre-library-otb-slice.test.mjs;+6 more,high,reviewed,"keyed by unit/feature ids; static import fails build on move, key/ID change silently breaks joins"
DEP-0200,data:units.public.json,src/data/units.public.json,none (direct),TOUR src/tour/main.js,src/tour/main.js:10,static-import-json,../data/units.public.json,static,test/asset-twin-availability.test.mjs;test/autotrigger.test.mjs;test/client-privacy.test.mjs;test/command-briefing.test.mjs;test/command-evidence.test.mjs;+6 more,high,reviewed,"keyed by unit/feature ids; static import fails build on move, key/ID change silently breaks joins"
DEP-0201,data:units.public.json,src/data/units.public.json,none (direct),A-2 src/views/command.js,src/views/command.js:202,string-literal-url-or-path,src/data/units.public.json · docs/sot-2026-07/,dynamic,test/autotrigger.test.mjs;test/client-privacy.test.mjs;test/command-briefing.test.mjs;test/command-evidence.test.mjs;test/cre-library-otb-slice.test.mjs;+3 more,high,reviewed,"keyed by unit/feature ids; static import fails build on move, key/ID change silently breaks joins"
DEP-0202,data:units.public.json,src/data/units.public.json,serverless function,API api/auto-trigger.mjs,api/auto-trigger.mjs:15,static-import-json,../src/data/units.public.json,static,test/autotrigger.test.mjs;test/client-privacy.test.mjs;test/command-briefing.test.mjs;test/command-evidence.test.mjs;test/cre-library-otb-slice.test.mjs;+3 more,high,reviewed,"keyed by unit/feature ids; static import fails build on move, key/ID change silently breaks joins"
DEP-0203,data:units.public.json,src/data/units.public.json,serverless function,API api/stripe-webhook.mjs,api/stripe-webhook.mjs:13,static-import-json,../src/data/units.public.json,static,test/autotrigger.test.mjs;test/client-privacy.test.mjs;test/command-briefing.test.mjs;test/command-evidence.test.mjs;test/cre-library-otb-slice.test.mjs;+3 more,high,reviewed,"keyed by unit/feature ids; static import fails build on move, key/ID change silently breaks joins"
DEP-0204,data:units.public.json,src/data/units.public.json,serverless function,API api/voice-agent.js,api/voice-agent.js:25,static-import-json,../src/data/units.public.json,static,test/autotrigger.test.mjs;test/client-privacy.test.mjs;test/command-briefing.test.mjs;test/command-evidence.test.mjs;test/cre-library-otb-slice.test.mjs;+3 more,high,reviewed,"keyed by unit/feature ids; static import fails build on move, key/ID change silently breaks joins"
DEP-0205,data:units.public.json,src/data/units.public.json,none (direct),CONFIG vercel.json,vercel.json:5,vercel-function-includeFiles,units.public.json,deploy-time (static),test/autotrigger.test.mjs;test/client-privacy.test.mjs;test/command-briefing.test.mjs;test/command-evidence.test.mjs;test/cre-library-otb-slice.test.mjs;+3 more,high,reviewed,serverless bundle include; move/rename silently drops file from function bundle
DEP-0206,data:units.public.json,src/data/units.public.json,build script,BUILD tools/command-evidence-data.mjs,tools/command-evidence-data.mjs:10,build-tool-input,../src/data/units.public.json,build-time,test/autotrigger.test.mjs;test/client-privacy.test.mjs;test/command-briefing.test.mjs;test/command-evidence.test.mjs;test/cre-library-otb-slice.test.mjs;+4 more,medium,reviewed,"build/generator input; path or field change breaks regeneration, not runtime"
DEP-0207,data:units.public.json,src/data/units.public.json,build script,BUILD tools/cre-library/build-otb-slice.mjs,tools/cre-library/build-otb-slice.mjs:48,build-tool-input,src/data/units.public.json,build-time,test/autotrigger.test.mjs;test/client-privacy.test.mjs;test/command-briefing.test.mjs;test/command-evidence.test.mjs;test/cre-library-otb-slice.test.mjs;+3 more,medium,reviewed,"build/generator input; path or field change breaks regeneration, not runtime"
DEP-0208,data:units.public.json,src/data/units.public.json,build script,BUILD tools/cre-library/otb-slice.mjs,tools/cre-library/otb-slice.mjs:86,build-tool-input,"Plat footprint (bay ${w} ft × depth ${b.depthFt} ft; ${note}) vs lease SF (units.public.json). Different measurement definitions — reported, never reconciled or averaged.",build-time,test/autotrigger.test.mjs;test/client-privacy.test.mjs;test/command-briefing.test.mjs;test/command-evidence.test.mjs;test/cre-library-otb-slice.test.mjs;+3 more,medium,reviewed,"build/generator input; path or field change breaks regeneration, not runtime"
DEP-0209,data:units.public.json,src/data/units.public.json,build script,BUILD tools/split-seed.mjs,tools/split-seed.mjs:56,build-tool-output,src/data/units.public.json,build-time,test/autotrigger.test.mjs;test/client-privacy.test.mjs;test/command-briefing.test.mjs;test/command-evidence.test.mjs;test/cre-library-otb-slice.test.mjs;+5 more,low,reviewed,generator output path; breaks regeneration only
DEP-0210,data:units.public.json,src/data/units.public.json,build script,BUILD tools/split-seed.mjs,tools/split-seed.mjs:58,build-tool-input,units.public.json: ${publicUnits.length} units (stripped ${SENSITIVE_UNIT_FIELDS.join(,build-time,test/autotrigger.test.mjs;test/client-privacy.test.mjs;test/command-briefing.test.mjs;test/command-evidence.test.mjs;test/cre-library-otb-slice.test.mjs;+5 more,medium,reviewed,"build/generator input; path or field change breaks regeneration, not runtime"
DEP-0211,data:vendors.json,src/data/vendors.json,build script,BUILD tools/export-package.mjs,tools/export-package.mjs:24,build-tool-input,vendors.json,build-time,test/client-privacy.test.mjs;test/export-provenance.test.mjs;test/generated-freshness.test.mjs;test/hvac.test.mjs;test/vendors.test.mjs,medium,reviewed,"build/generator input; path or field change breaks regeneration, not runtime"
DEP-0212,data:vendors.json,src/data/vendors.json,build script,BUILD tools/extract-vendors.py,tools/extract-vendors.py:15,build-tool-output,src/data/vendors.json,build-time,test/client-privacy.test.mjs;test/hvac.test.mjs;test/vendors.test.mjs,low,reviewed,generator output path; breaks regeneration only
DEP-0213,data:vendors.json,src/data/vendors.json,build script,BUILD tools/split-seed.mjs,tools/split-seed.mjs:49,build-tool-input,vendors.json,build-time,test/client-privacy.test.mjs;test/export-provenance.test.mjs;test/generated-freshness.test.mjs;test/hvac.test.mjs;test/seed-privacy.test.mjs;+1 more,medium,reviewed,"build/generator input; path or field change breaks regeneration, not runtime"
DEP-0214,data:walkway-columns.json,src/data/walkway-columns.json,adapter module (lib/store),A-2 src/lib/command-map.js,src/lib/command-map.js:6,static-import-json,../data/walkway-columns.json,static,,medium,reviewed,static import fails build on move/rename; field changes surface in view
DEP-0215,data:walkway-columns.json,src/data/walkway-columns.json,build script,BUILD tools/import-fp-columns.py,tools/import-fp-columns.py:123,build-tool-output,walkway-columns.json,build-time,,low,reviewed,generator output path; breaks regeneration only
DEP-0216,public:OTB-mesh.glb,public/OTB-mesh.glb,adapter module (lib/store),A-2 src/lib/scene3d.js,src/lib/scene3d.js:88,string-literal-url-or-path,OTB-mesh.glb,dynamic,,high,reviewed,runtime URL; rename/move gives silent 404 (no build error)
DEP-0217,public:OTB-mesh.glb,public/OTB-mesh.glb,build script,BUILD tools/build-mesh-glb.py,tools/build-mesh-glb.py:19,build-tool-output,OTB-mesh.glb,build-time,,low,reviewed,generator output path; breaks regeneration only
DEP-0218,public:OTB-sat-base.jpg,public/OTB-sat-base.jpg,data carrier (path resolved by the module that loads this JSON),DATA src/data/geometry.json,src/data/geometry.json:243,data-embedded-path," flow arrows; each cut confirmed against the frozen Esri z19 satellite base (public/OTB-sat-base.jpg) via the footprints georef, 2026-09-05",data-driven (dynamic),test/command-evidence.test.mjs,medium,reviewed,path string stored inside data; loader resolves it at runtime or it is provenance only
DEP-0219,public:OTB-sat-base.jpg,public/OTB-sat-base.jpg,data carrier (path resolved by the module that loads this JSON),DATA src/data/sat-base.json,src/data/sat-base.json:2,data-embedded-path,/OTB-sat-base.jpg,data-driven (dynamic),,medium,reviewed,path string stored inside data; loader resolves it at runtime or it is provenance only
DEP-0220,public:OTB-sat-base.jpg,public/OTB-sat-base.jpg,build script,BUILD tools/build-sat-base.py,tools/build-sat-base.py:52,build-tool-output,OTB-sat-base.jpg,build-time,,low,reviewed,generator output path; breaks regeneration only
DEP-0221,public:OTB-sat-base.jpg,public/OTB-sat-base.jpg,build script,BUILD tools/build-sat-base.py,tools/build-sat-base.py:58,build-tool-input,/OTB-sat-base.jpg,build-time,,medium,reviewed,"build/generator input; path or field change breaks regeneration, not runtime"
DEP-0222,public:OTB-sat-base.jpg,public/OTB-sat-base.jpg,build script,BUILD tools/extract-geometry.mjs,tools/extract-geometry.mjs:868,build-tool-input," flow arrows; each cut confirmed against the frozen Esri z19 satellite base (public/OTB-sat-base.jpg) via the footprints georef, 2026-09-05",build-time,,medium,reviewed,"build/generator input; path or field change breaks regeneration, not runtime"
DEP-0223,public:OTB-splat.ksplat,public/OTB-splat.ksplat,adapter module (lib/store),A-2 src/lib/scenesplat.js,src/lib/scenesplat.js:102,string-literal-url-or-path,OTB-splat.ksplat,dynamic,,high,reviewed,runtime URL; rename/move gives silent 404 (no build error)
DEP-0224,public:OTB-splat.ksplat,public/OTB-splat.ksplat,build script,BUILD tools/convert-splat.mjs,tools/convert-splat.mjs:10,build-tool-output,../public/OTB-splat.ksplat,build-time,,low,reviewed,generator output path; breaks regeneration only
DEP-0225,public:floorplan-center.png,public/floorplan-center.png,adapter module (lib/store),K-1/DRAWER src/lib/reference-url.js,src/lib/reference-url.js:3,string-literal-url-or-path,/floorplan-center.png,dynamic,test/reference-url.test.mjs,medium,reviewed,runtime URL; rename/move gives silent 404 (no build error)
DEP-0226,public:floorplan-center.png,public/floorplan-center.png,none (direct),A-1 src/views/plan.js,src/views/plan.js:313,html-href,floorplan-center.png,dynamic (DOM string),test/asset-twin-water-markers.test.mjs;test/marketing.test.mjs;test/printsheet.test.mjs;test/reference-url.test.mjs;test/ribbon.test.mjs;+1 more,medium,reviewed,runtime URL; rename/move gives silent 404 (no build error)
DEP-0227,public:leasing.html,public/leasing.html,adapter module (lib/store),AI-1/B-1 src/lib/leasing.js,src/lib/leasing.js:12,string-literal-url-or-path,https://otb.cypresscommand.com/leasing.html,dynamic,test/autotrigger.test.mjs;test/deals.test.mjs;test/leasing-package.test.mjs;test/leasing.test.mjs;test/matters.test.mjs;+4 more,medium,reviewed,runtime URL; rename/move gives silent 404 (no build error)
DEP-0228,public:leasing.html,public/leasing.html,none (direct),CONFIG vercel.json,vercel.json:17,vercel-function-includeFiles,/leasing.html,deploy-time (static),test/leasing.test.mjs,high,reviewed,serverless bundle include; move/rename silently drops file from function bundle
DEP-0229,public:leasing.html,public/leasing.html,build script,BUILD tools/leasing-package.py,tools/leasing-package.py:194,build-tool-output,leasing.html,build-time,test/leasing.test.mjs,low,reviewed,generator output path; breaks regeneration only
DEP-0230,public:leasing.html,public/leasing.html,build script,BUILD tools/leasing-package.py,tools/leasing-package.py:197,build-tool-input,"leasing.html: %d suites, %d tenant ratings, %d draws, %d KB -> %s",build-time,test/leasing.test.mjs,medium,reviewed,"build/generator input; path or field change breaks regeneration, not runtime"
DEP-0231,public:leasing.html,public/leasing.html,none (direct),PUBLIC-PAGE public/manual/index.html,public/manual/index.html:416,string-literal-url-or-path,leasing.html,dynamic,test/leasing.test.mjs,medium,reviewed,runtime URL; rename/move gives silent 404 (no build error)
DEP-0232,public:plat-render.svg,public/plat-render.svg,adapter module (lib/store),SHELL/A-2 src/lib/command-evidence.js,src/lib/command-evidence.js:76,string-literal-url-or-path,public/plat-render.svg,dynamic,test/command-briefing.test.mjs;test/command-evidence.test.mjs;test/maintenance-evidence.test.mjs;test/marketing.test.mjs;test/reference-url.test.mjs,medium,reviewed,runtime URL; rename/move gives silent 404 (no build error)
DEP-0233,public:plat-render.svg,public/plat-render.svg,adapter module (lib/store),B-1 src/lib/marketing.js,src/lib/marketing.js:116,string-literal-url-or-path,/plat-render.svg,dynamic,test/layers.test.mjs;test/marketing.test.mjs;test/reference-url.test.mjs,medium,reviewed,runtime URL; rename/move gives silent 404 (no build error)
DEP-0234,public:plat-render.svg,public/plat-render.svg,adapter module (lib/store),K-1/DRAWER src/lib/reference-url.js,src/lib/reference-url.js:3,string-literal-url-or-path,/plat-render.svg,dynamic,test/marketing.test.mjs;test/reference-url.test.mjs,medium,reviewed,runtime URL; rename/move gives silent 404 (no build error)
DEP-0235,public:plat-render.svg,public/plat-render.svg,none (direct),TOUR src/tour/main.js,src/tour/main.js:76,html-img-src,/plat-render.svg,dynamic (DOM string),test/asset-twin-availability.test.mjs;test/client-privacy.test.mjs;test/marketing.test.mjs;test/planviews.test.mjs;test/reference-url.test.mjs;+1 more,medium,reviewed,runtime URL; rename/move gives silent 404 (no build error)
DEP-0236,public:plat-render.svg,public/plat-render.svg,none (direct),A-2 src/views/command.js,src/views/command.js:204,string-literal-url-or-path,reference/plat-full-72.png · public/plat-render.svg,dynamic,test/marketing.test.mjs;test/reference-url.test.mjs,medium,reviewed,runtime URL; rename/move gives silent 404 (no build error)
DEP-0237,public:plat-render.svg,public/plat-render.svg,none (direct),A-2 src/views/command.js,src/views/command.js:219,html-img-src,/plat-render.svg,dynamic (DOM string),test/marketing.test.mjs;test/reference-url.test.mjs,medium,reviewed,runtime URL; rename/move gives silent 404 (no build error)
DEP-0238,public:plat-render.svg,public/plat-render.svg,data carrier (path resolved by the module that loads this JSON),DATA src/data/directory.json,src/data/directory.json:153,data-embedded-path,/plat-render.svg,data-driven (dynamic),test/marketing.test.mjs;test/reference-url.test.mjs,medium,reviewed,path string stored inside data; loader resolves it at runtime or it is provenance only
DEP-0239,public:plat-render.svg,public/plat-render.svg,build script,BUILD tools/command-evidence-data.mjs,tools/command-evidence-data.mjs:79,build-tool-input,public/plat-render.svg,build-time,test/command-evidence.test.mjs;test/maintenance-evidence.test.mjs;test/marketing.test.mjs;test/reference-url.test.mjs,medium,reviewed,"build/generator input; path or field change breaks regeneration, not runtime"
DEP-0240,public:plat-render.svg,public/plat-render.svg,build script,BUILD tools/plat.py,tools/plat.py:186,build-tool-output,plat-render.svg,build-time,test/marketing.test.mjs;test/reference-url.test.mjs,low,reviewed,generator output path; breaks regeneration only
DEP-0241,public:brand/cypress/app-icon-180.png,public/brand/cypress/app-icon-180.png,none (direct),SHELL index.html,index.html:8,html-href,/brand/cypress/app-icon-180.png,static,,high,reviewed,runtime URL; rename/move gives silent 404 (no build error)
DEP-0242,public:brand/cypress/cc-04c-horizontal-primary.svg,public/brand/cypress/cc-04c-horizontal-primary.svg,none (direct),SHELL src/main.js,src/main.js:66,html-img-src,/brand/cypress/cc-04c-horizontal-primary.svg,dynamic (DOM string),test/asset-twin-availability.test.mjs;test/client-privacy.test.mjs;test/planviews.test.mjs;test/voicerouter.test.mjs,high,reviewed,runtime URL; rename/move gives silent 404 (no build error)
DEP-0243,public:brand/cypress/cc-04c-horizontal-primary.svg,public/brand/cypress/cc-04c-horizontal-primary.svg,none (direct),A-2 src/views/command-review.js,src/views/command-review.js:4,vite-raw-import,../../public/brand/cypress/cc-04c-horizontal-primary.svg?raw,static,,medium,reviewed,static asset import; move/rename fails build
DEP-0244,public:brand/cypress/cc-04c-horizontal-primary.svg,public/brand/cypress/cc-04c-horizontal-primary.svg,build script,BUILD tools/cre-library/build-otb-slice.mjs,tools/cre-library/build-otb-slice.mjs:102,build-tool-input,public/brand/cypress/cc-04c-horizontal-primary.svg,build-time,,medium,reviewed,"build/generator input; path or field change breaks regeneration, not runtime"
DEP-0245,public:brand/cypress/cc-04c-horizontal-reverse.svg,public/brand/cypress/cc-04c-horizontal-reverse.svg,none (direct),SHELL index.html,index.html:18,html-img-src,/brand/cypress/cc-04c-horizontal-reverse.svg,static,,high,reviewed,runtime URL; rename/move gives silent 404 (no build error)
DEP-0246,public:brand/cypress/cc-04c-mark-primary.svg,public/brand/cypress/cc-04c-mark-primary.svg,,NONE (no runtime reference found),,none-found,,,,low,reviewed,"No code/config reference in src, api, index.html, tour.html, vite.config.js, vercel.json, tools or public HTML; candidate orphan or doc/provenance file - confirm before any move"
DEP-0247,public:brand/cypress/cc-04c-mark-reverse.svg,public/brand/cypress/cc-04c-mark-reverse.svg,,NONE (no runtime reference found),,none-found,,,,low,reviewed,"No code/config reference in src, api, index.html, tour.html, vite.config.js, vercel.json, tools or public HTML; candidate orphan or doc/provenance file - confirm before any move"
DEP-0248,public:brand/cypress/favicon.ico,public/brand/cypress/favicon.ico,none (direct),SHELL index.html,index.html:7,html-href,/brand/cypress/favicon.ico,static,,high,reviewed,runtime URL; rename/move gives silent 404 (no build error)
DEP-0249,public:brand/cypress/fonts/Fraunces-OFL.txt,public/brand/cypress/fonts/Fraunces-OFL.txt,none (direct),A-2 src/views/command-review.js,src/views/command-review.js:5,vite-raw-import,../../public/brand/cypress/fonts/Fraunces-OFL.txt?raw,static,,medium,reviewed,static asset import; move/rename fails build
DEP-0250,public:brand/cypress/fonts/Inter-OFL.txt,public/brand/cypress/fonts/Inter-OFL.txt,none (direct),A-2 src/views/command-review.js,src/views/command-review.js:6,vite-raw-import,../../public/brand/cypress/fonts/Inter-OFL.txt?raw,static,,medium,reviewed,static asset import; move/rename fails build
DEP-0251,public:brand/cypress/fonts/JetBrainsMono-OFL.txt,public/brand/cypress/fonts/JetBrainsMono-OFL.txt,none (direct),A-2 src/views/command-review.js,src/views/command-review.js:7,vite-raw-import,../../public/brand/cypress/fonts/JetBrainsMono-OFL.txt?raw,static,,medium,reviewed,static asset import; move/rename fails build
DEP-0252,public:elevation/METADATA.json,public/elevation/METADATA.json,,NONE (no runtime reference found),,none-found,,,,low,reviewed,"No code/config reference in src, api, index.html, tour.html, vite.config.js, vercel.json, tools or public HTML; candidate orphan or doc/provenance file - confirm before any move"
DEP-0253,public:elevation/OTB-dem-1m.tif,public/elevation/OTB-dem-1m.tif,build script,BUILD tools/fetch-otb-lidar.mjs,tools/fetch-otb-lidar.mjs:17,build-tool-input,OTB-dem-1m.tif,build-time,test/elevation.test.mjs,medium,reviewed,"build/generator input; path or field change breaks regeneration, not runtime"
DEP-0254,public:elevation/OTB-dem-1m.tif,public/elevation/OTB-dem-1m.tif,build script,BUILD tools/ge-media.py,tools/ge-media.py:146,build-tool-input,OTB-dem-1m.tif,build-time,test/elevation.test.mjs,medium,reviewed,"build/generator input; path or field change breaks regeneration, not runtime"
DEP-0255,public:elevation/OTB-hillshade.png,public/elevation/OTB-hillshade.png,data carrier (path resolved by the module that loads this JSON),DATA src/data/elevation.json,src/data/elevation.json:3,data-embedded-path,/elevation/OTB-hillshade.png,data-driven (dynamic),test/elevation.test.mjs,medium,reviewed,path string stored inside data; loader resolves it at runtime or it is provenance only
DEP-0256,public:elevation/OTB-hillshade.png,public/elevation/OTB-hillshade.png,build script,BUILD tools/fetch-otb-lidar.mjs,tools/fetch-otb-lidar.mjs:18,build-tool-input,OTB-hillshade.png,build-time,test/elevation.test.mjs,medium,reviewed,"build/generator input; path or field change breaks regeneration, not runtime"
DEP-0257,public:elevation/OTB-hillshade.png.aux.xml,public/elevation/OTB-hillshade.png.aux.xml,build script,BUILD tools/fetch-otb-lidar.mjs,tools/fetch-otb-lidar.mjs:19,build-tool-input,OTB-hillshade.png.aux.xml,build-time,test/elevation.test.mjs,medium,reviewed,"build/generator input; path or field change breaks regeneration, not runtime"
DEP-0258,public:elevation/OTB-hillshade.tif,public/elevation/OTB-hillshade.tif,build script,BUILD tools/fetch-otb-lidar.mjs,tools/fetch-otb-lidar.mjs:20,build-tool-input,OTB-hillshade.tif,build-time,test/elevation.test.mjs,medium,reviewed,"build/generator input; path or field change breaks regeneration, not runtime"
DEP-0259,public:elevation/OTB-site.laz,public/elevation/OTB-site.laz,build script,BUILD tools/build-twin-mesh.py,tools/build-twin-mesh.py:308,build-tool-input,public/elevation/OTB-site.laz,build-time,test/elevation.test.mjs,medium,reviewed,"build/generator input; path or field change breaks regeneration, not runtime"
DEP-0260,public:elevation/OTB-site.laz,public/elevation/OTB-site.laz,build script,BUILD tools/build-twin-pack.py,tools/build-twin-pack.py:31,build-tool-input,public/elevation/OTB-site.laz,build-time,test/elevation.test.mjs,medium,reviewed,"build/generator input; path or field change breaks regeneration, not runtime"
DEP-0261,public:elevation/OTB-site.laz,public/elevation/OTB-site.laz,build script,BUILD tools/fetch-otb-lidar.mjs,tools/fetch-otb-lidar.mjs:22,build-tool-input,OTB-site.laz,build-time,test/elevation.test.mjs,medium,reviewed,"build/generator input; path or field change breaks regeneration, not runtime"
DEP-0262,public:elevation/OTB-site.laz,public/elevation/OTB-site.laz,build script,BUILD tools/skydio-rectify.py,tools/skydio-rectify.py:56,build-tool-input,public/elevation/OTB-site.laz,build-time,test/elevation.test.mjs,medium,reviewed,"build/generator input; path or field change breaks regeneration, not runtime"
DEP-0263,public:elevation/README.md,public/elevation/README.md,,NONE (no runtime reference found),,none-found,,,,low,reviewed,"No code/config reference in src, api, index.html, tour.html, vite.config.js, vercel.json, tools or public HTML; candidate orphan or doc/provenance file - confirm before any move"
DEP-0264,public:manual/Cypress-Command-Complete-Documentation.pdf,public/manual/Cypress-Command-Complete-Documentation.pdf,build script,BUILD tools/build-manuals.py,tools/build-manuals.py:31,build-tool-input,Cypress-Command-Complete-Documentation.pdf,build-time,,medium,reviewed,"build/generator input; path or field change breaks regeneration, not runtime"
DEP-0265,public:manual/Cypress-Command-Complete-Documentation.pdf,public/manual/Cypress-Command-Complete-Documentation.pdf,none (direct),PUBLIC-PAGE public/manual/index.html,public/manual/index.html:53,html-href,Cypress-Command-Complete-Documentation.pdf,static,,medium,reviewed,runtime URL; rename/move gives silent 404 (no build error)
DEP-0266,public:manual/index.html,public/manual/index.html,,NONE (no runtime reference found),,none-found,,,test/asset-twin-availability.test.mjs;test/site-exterior-headers.test.mjs;test/site-twin-web.test.mjs,low,reviewed,"No code/config reference in src, api, index.html, tour.html, vite.config.js, vercel.json, tools or public HTML; test-only reference; candidate orphan or doc/provenance file - confirm before any move"
DEP-0267,public:manual/intake-form.html,public/manual/intake-form.html,build script,BUILD tools/build-manuals.py,tools/build-manuals.py:153,build-tool-input,intake-form.html,build-time,,medium,reviewed,"build/generator input; path or field change breaks regeneration, not runtime"
DEP-0268,public:manual/intake-form.html,public/manual/intake-form.html,none (direct),PUBLIC-PAGE public/manual/index.html,public/manual/index.html:53,html-href,intake-form.html,static,,medium,reviewed,runtime URL; rename/move gives silent 404 (no build error)
DEP-0269,public:manual/intake-form.html,public/manual/intake-form.html,none (direct),PUBLIC-PAGE public/manual/index.html,public/manual/index.html:714,string-literal-url-or-path,manual/intake-form.html,dynamic,,medium,reviewed,runtime URL; rename/move gives silent 404 (no build error)
DEP-0270,public:manual/img/ai.png,public/manual/img/ai.png,none (direct),PUBLIC-PAGE public/manual/index.html,public/manual/index.html:401,html-img-src,img/ai.png,static,,medium,reviewed,runtime URL; rename/move gives silent 404 (no build error)
DEP-0271,public:manual/img/board.png,public/manual/img/board.png,none (direct),PUBLIC-PAGE public/manual/index.html,public/manual/index.html:304,html-img-src,img/board.png,static,,medium,reviewed,runtime URL; rename/move gives silent 404 (no build error)
DEP-0272,public:manual/img/comp.png,public/manual/img/comp.png,none (direct),PUBLIC-PAGE public/manual/index.html,public/manual/index.html:279,html-img-src,img/comp.png,static,,medium,reviewed,runtime URL; rename/move gives silent 404 (no build error)
DEP-0273,public:manual/img/dash.png,public/manual/img/dash.png,none (direct),PUBLIC-PAGE public/manual/index.html,public/manual/index.html:198,html-img-src,img/dash.png,static,,medium,reviewed,runtime URL; rename/move gives silent 404 (no build error)
DEP-0274,public:manual/img/dates.png,public/manual/img/dates.png,none (direct),PUBLIC-PAGE public/manual/index.html,public/manual/index.html:289,html-img-src,img/dates.png,static,,medium,reviewed,runtime URL; rename/move gives silent 404 (no build error)
DEP-0275,public:manual/img/dir.png,public/manual/img/dir.png,none (direct),PUBLIC-PAGE public/manual/index.html,public/manual/index.html:377,html-img-src,img/dir.png,static,,medium,reviewed,runtime URL; rename/move gives silent 404 (no build error)
DEP-0276,public:manual/img/drawer.png,public/manual/img/drawer.png,none (direct),PUBLIC-PAGE public/manual/index.html,public/manual/index.html:142,html-img-src,img/drawer.png,static,,medium,reviewed,runtime URL; rename/move gives silent 404 (no build error)
DEP-0277,public:manual/img/fin.png,public/manual/img/fin.png,none (direct),PUBLIC-PAGE public/manual/index.html,public/manual/index.html:259,html-img-src,img/fin.png,static,,medium,reviewed,runtime URL; rename/move gives silent 404 (no build error)
DEP-0278,public:manual/img/intake-form.png,public/manual/img/intake-form.png,none (direct),PUBLIC-PAGE public/manual/index.html,public/manual/index.html:712,html-img-src,img/intake-form.png,static,,medium,reviewed,runtime URL; rename/move gives silent 404 (no build error)
DEP-0279,public:manual/img/login.png,public/manual/img/login.png,none (direct),PUBLIC-PAGE public/manual/index.html,public/manual/index.html:76,html-img-src,img/login.png,static,,medium,reviewed,runtime URL; rename/move gives silent 404 (no build error)
DEP-0280,public:manual/img/mobile-dash.png,public/manual/img/mobile-dash.png,none (direct),PUBLIC-PAGE public/manual/index.html,public/manual/index.html:159,html-img-src,img/mobile-dash.png,static,,medium,reviewed,runtime URL; rename/move gives silent 404 (no build error)
DEP-0281,public:manual/img/mobile-nav.png,public/manual/img/mobile-nav.png,none (direct),PUBLIC-PAGE public/manual/index.html,public/manual/index.html:159,html-img-src,img/mobile-nav.png,static,,medium,reviewed,runtime URL; rename/move gives silent 404 (no build error)
DEP-0282,public:manual/img/plan.png,public/manual/img/plan.png,none (direct),PUBLIC-PAGE public/manual/index.html,public/manual/index.html:211,html-img-src,img/plan.png,static,,medium,reviewed,runtime URL; rename/move gives silent 404 (no build error)
DEP-0283,public:manual/img/roll.png,public/manual/img/roll.png,none (direct),PUBLIC-PAGE public/manual/index.html,public/manual/index.html:251,html-img-src,img/roll.png,static,,medium,reviewed,runtime URL; rename/move gives silent 404 (no build error)
DEP-0284,public:manual/img/spatial.png,public/manual/img/spatial.png,none (direct),PUBLIC-PAGE public/manual/index.html,public/manual/index.html:239,html-img-src,img/spatial.png,static,,medium,reviewed,runtime URL; rename/move gives silent 404 (no build error)
DEP-0285,public:qr/leasing.svg,public/qr/leasing.svg,adapter module (lib/store),B-1 src/lib/marketing.js,src/lib/marketing.js:122,string-literal-url-or-path,/qr/leasing.svg,dynamic,test/layers.test.mjs;test/marketing.test.mjs,medium,reviewed,runtime URL; rename/move gives silent 404 (no build error)
DEP-0286,public:qr/tour.svg,public/qr/tour.svg,adapter module (lib/store),B-1 src/lib/marketing.js,src/lib/marketing.js:123,string-literal-url-or-path,/qr/tour.svg,dynamic,test/layers.test.mjs;test/marketing.test.mjs,medium,reviewed,runtime URL; rename/move gives silent 404 (no build error)
DEP-0287,public:tenant-logos/105.png,public/tenant-logos/105.png,data carrier (path resolved by the module that loads this JSON),DATA src/data/floorplan-links.json,src/data/floorplan-links.json:15,data-embedded-path,105.png,data-driven (dynamic),,medium,reviewed,path string stored inside data; loader resolves it at runtime or it is provenance only
DEP-0288,public:tenant-logos/107.png,public/tenant-logos/107.png,data carrier (path resolved by the module that loads this JSON),DATA src/data/floorplan-links.json,src/data/floorplan-links.json:20,data-embedded-path,107.png,data-driven (dynamic),,medium,reviewed,path string stored inside data; loader resolves it at runtime or it is provenance only
DEP-0289,public:tenant-logos/109.png,public/tenant-logos/109.png,data carrier (path resolved by the module that loads this JSON),DATA src/data/floorplan-links.json,src/data/floorplan-links.json:25,data-embedded-path,109.png,data-driven (dynamic),,medium,reviewed,path string stored inside data; loader resolves it at runtime or it is provenance only
DEP-0290,public:tenant-logos/111.png,public/tenant-logos/111.png,data carrier (path resolved by the module that loads this JSON),DATA src/data/floorplan-links.json,src/data/floorplan-links.json:30,data-embedded-path,111.png,data-driven (dynamic),,medium,reviewed,path string stored inside data; loader resolves it at runtime or it is provenance only
DEP-0291,public:tenant-logos/113.png,public/tenant-logos/113.png,data carrier (path resolved by the module that loads this JSON),DATA src/data/floorplan-links.json,src/data/floorplan-links.json:35,data-embedded-path,113.png,data-driven (dynamic),,medium,reviewed,path string stored inside data; loader resolves it at runtime or it is provenance only
DEP-0292,public:tenant-logos/115.png,public/tenant-logos/115.png,data carrier (path resolved by the module that loads this JSON),DATA src/data/floorplan-links.json,src/data/floorplan-links.json:40,data-embedded-path,115.png,data-driven (dynamic),,medium,reviewed,path string stored inside data; loader resolves it at runtime or it is provenance only
DEP-0293,public:tenant-logos/117.5.png,public/tenant-logos/117.5.png,data carrier (path resolved by the module that loads this JSON),DATA src/data/floorplan-links.json,src/data/floorplan-links.json:50,data-embedded-path,117.5.png,data-driven (dynamic),,medium,reviewed,path string stored inside data; loader resolves it at runtime or it is provenance only
DEP-0294,public:tenant-logos/117.png,public/tenant-logos/117.png,data carrier (path resolved by the module that loads this JSON),DATA src/data/floorplan-links.json,src/data/floorplan-links.json:45,data-embedded-path,117.png,data-driven (dynamic),,medium,reviewed,path string stored inside data; loader resolves it at runtime or it is provenance only
DEP-0295,public:tenant-logos/119.png,public/tenant-logos/119.png,data carrier (path resolved by the module that loads this JSON),DATA src/data/floorplan-links.json,src/data/floorplan-links.json:55,data-embedded-path,119.png,data-driven (dynamic),,medium,reviewed,path string stored inside data; loader resolves it at runtime or it is provenance only
DEP-0296,public:tenant-logos/125.png,public/tenant-logos/125.png,data carrier (path resolved by the module that loads this JSON),DATA src/data/floorplan-links.json,src/data/floorplan-links.json:75,data-embedded-path,125.png,data-driven (dynamic),,medium,reviewed,path string stored inside data; loader resolves it at runtime or it is provenance only
DEP-0297,public:tenant-logos/127.png,public/tenant-logos/127.png,data carrier (path resolved by the module that loads this JSON),DATA src/data/floorplan-links.json,src/data/floorplan-links.json:80,data-embedded-path,127.png,data-driven (dynamic),,medium,reviewed,path string stored inside data; loader resolves it at runtime or it is provenance only
DEP-0298,public:tenant-logos/129.png,public/tenant-logos/129.png,data carrier (path resolved by the module that loads this JSON),DATA src/data/floorplan-links.json,src/data/floorplan-links.json:85,data-embedded-path,129.png,data-driven (dynamic),test/marketing.test.mjs,medium,reviewed,path string stored inside data; loader resolves it at runtime or it is provenance only
DEP-0299,public:tenant-logos/135A.png,public/tenant-logos/135A.png,data carrier (path resolved by the module that loads this JSON),DATA src/data/floorplan-links.json,src/data/floorplan-links.json:100,data-embedded-path,135A.png,data-driven (dynamic),,medium,reviewed,path string stored inside data; loader resolves it at runtime or it is provenance only
DEP-0300,public:tenant-logos/135B.png,public/tenant-logos/135B.png,data carrier (path resolved by the module that loads this JSON),DATA src/data/floorplan-links.json,src/data/floorplan-links.json:105,data-embedded-path,135B.png,data-driven (dynamic),,medium,reviewed,path string stored inside data; loader resolves it at runtime or it is provenance only
DEP-0301,public:tenant-logos/137.png,public/tenant-logos/137.png,data carrier (path resolved by the module that loads this JSON),DATA src/data/floorplan-links.json,src/data/floorplan-links.json:110,data-embedded-path,137.png,data-driven (dynamic),,medium,reviewed,path string stored inside data; loader resolves it at runtime or it is provenance only
DEP-0302,public:tenant-logos/139.png,public/tenant-logos/139.png,data carrier (path resolved by the module that loads this JSON),DATA src/data/floorplan-links.json,src/data/floorplan-links.json:115,data-embedded-path,139.png,data-driven (dynamic),,medium,reviewed,path string stored inside data; loader resolves it at runtime or it is provenance only
DEP-0303,public:tenant-logos/141.png,public/tenant-logos/141.png,data carrier (path resolved by the module that loads this JSON),DATA src/data/floorplan-links.json,src/data/floorplan-links.json:120,data-embedded-path,141.png,data-driven (dynamic),,medium,reviewed,path string stored inside data; loader resolves it at runtime or it is provenance only
DEP-0304,public:tenant-logos/143.png,public/tenant-logos/143.png,data carrier (path resolved by the module that loads this JSON),DATA src/data/floorplan-links.json,src/data/floorplan-links.json:125,data-embedded-path,143.png,data-driven (dynamic),,medium,reviewed,path string stored inside data; loader resolves it at runtime or it is provenance only
DEP-0305,public:tenant-logos/145.png,public/tenant-logos/145.png,data carrier (path resolved by the module that loads this JSON),DATA src/data/floorplan-links.json,src/data/floorplan-links.json:130,data-embedded-path,145.png,data-driven (dynamic),,medium,reviewed,path string stored inside data; loader resolves it at runtime or it is provenance only
DEP-0306,public:tenant-logos/149.png,public/tenant-logos/149.png,data carrier (path resolved by the module that loads this JSON),DATA src/data/floorplan-links.json,src/data/floorplan-links.json:135,data-embedded-path,149.png,data-driven (dynamic),test/marketing.test.mjs,medium,reviewed,path string stored inside data; loader resolves it at runtime or it is provenance only
DEP-0307,public:twin/complete-model.glb,public/twin/complete-model.glb,none (direct),A-3 src/views/asset-twin.js,src/views/asset-twin.js:315,html-href,${import.meta.env.BASE_URL}twin/complete-model.glb,dynamic (DOM string),test/asset-twin-availability.test.mjs;test/merge-twin-glb.test.mjs,high,reviewed,runtime URL; rename/move gives silent 404 (no build error)
DEP-0308,public:twin/complete-model.glb,public/twin/complete-model.glb,build script,BUILD tools/merge-twin-glb.mjs,tools/merge-twin-glb.mjs:171,build-tool-output,public/twin/complete-model.glb,build-time,test/asset-twin-fixture-models.test.mjs;test/asset-twin-site-context.test.mjs;test/merge-twin-glb.test.mjs,low,reviewed,generator output path; breaks regeneration only
DEP-0309,public:twin/fixture-models.json,public/twin/fixture-models.json,none (direct),A-3 src/views/asset-twin.js,src/views/asset-twin.js:315,html-href,${import.meta.env.BASE_URL}twin/fixture-models.json,dynamic (DOM string),test/asset-twin-availability.test.mjs;test/asset-twin-fixture-models.test.mjs,high,reviewed,runtime URL; rename/move gives silent 404 (no build error)
DEP-0310,public:twin/fixture-models.json,public/twin/fixture-models.json,build script,BUILD tools/build-twin-fixtures.mjs,tools/build-twin-fixtures.mjs:82,build-tool-input,public/twin/fixture-models.json,build-time,test/asset-twin-fixture-models.test.mjs,medium,reviewed,"build/generator input; path or field change breaks regeneration, not runtime"
DEP-0311,public:twin/fixtures.glb,public/twin/fixtures.glb,none (direct),A-3 src/views/asset-twin.js,src/views/asset-twin.js:315,html-href,${import.meta.env.BASE_URL}twin/fixtures.glb,dynamic (DOM string),test/asset-twin-availability.test.mjs;test/asset-twin-fixture-models.test.mjs;test/merge-twin-glb.test.mjs,high,reviewed,runtime URL; rename/move gives silent 404 (no build error)
DEP-0312,public:twin/fixtures.glb,public/twin/fixtures.glb,build script,BUILD tools/build-twin-fixtures.mjs,tools/build-twin-fixtures.mjs:81,build-tool-output,public/twin/fixtures.glb,build-time,test/asset-twin-fixture-models.test.mjs;test/merge-twin-glb.test.mjs,low,reviewed,generator output path; breaks regeneration only
DEP-0313,public:twin/fixtures.glb,public/twin/fixtures.glb,build script,BUILD tools/merge-twin-glb.mjs,tools/merge-twin-glb.mjs:171,build-tool-output,public/twin/fixtures.glb,build-time,test/asset-twin-fixture-models.test.mjs;test/asset-twin-site-context.test.mjs;test/merge-twin-glb.test.mjs,low,reviewed,generator output path; breaks regeneration only
DEP-0314,public:twin/historical-plan-review.md,public/twin/historical-plan-review.md,none (direct),A-3 src/views/asset-twin-sources.js,src/views/asset-twin-sources.js:14,html-href,${import.meta.env.BASE_URL}twin/historical-plan-review.md,dynamic (DOM string),,medium,reviewed,runtime URL; rename/move gives silent 404 (no build error)
DEP-0315,public:twin/historical-plan-review.md,public/twin/historical-plan-review.md,none (direct),A-4 src/views/site-evidence.js,src/views/site-evidence.js:62,html-href,${import.meta.env.BASE_URL}twin/historical-plan-review.md,dynamic (DOM string),,medium,reviewed,runtime URL; rename/move gives silent 404 (no build error)
DEP-0316,public:twin/model-data.json,public/twin/model-data.json,adapter module (lib/store),A-3 src/lib/asset-twin-scene.js,src/lib/asset-twin-scene.js:28,string-literal-url-or-path,Source model-data.json with bounds and columns is required.,dynamic,test/asset-twin-scene-model.test.mjs;test/asset-twin-source-data.test.mjs;test/asset-twin-upper-floors.test.mjs;test/twin-water-registration.test.mjs,high,reviewed,runtime URL; rename/move gives silent 404 (no build error)
DEP-0317,public:twin/model-data.json,public/twin/model-data.json,none (direct),A-3 src/views/asset-twin.js,src/views/asset-twin.js:37,template-built-url,${import.meta.env.BASE_URL}twin/model-data.json,dynamic,test/asset-twin-availability.test.mjs;test/asset-twin-scene-model.test.mjs;test/asset-twin-source-data.test.mjs;test/asset-twin-upper-floors.test.mjs;test/twin-water-registration.test.mjs,high,reviewed,runtime URL; rename/move gives silent 404 (no build error)
DEP-0318,public:twin/model-data.json,public/twin/model-data.json,data carrier (path resolved by the module that loads this JSON),DATA src/data/twin-water-map.json,src/data/twin-water-map.json:46,data-embedded-path,public/twin/model-data.json,data-driven (dynamic),test/asset-twin-scene-model.test.mjs;test/asset-twin-source-data.test.mjs;test/asset-twin-upper-floors.test.mjs;test/twin-water-registration.test.mjs,medium,reviewed,path string stored inside data; loader resolves it at runtime or it is provenance only
DEP-0319,public:twin/model-data.json,public/twin/model-data.json,build script,BUILD tools/build-twin-pack.py,tools/build-twin-pack.py:280,build-tool-input,model-data.json,build-time,test/asset-twin-scene-model.test.mjs;test/asset-twin-source-data.test.mjs;test/asset-twin-upper-floors.test.mjs;test/twin-water-registration.test.mjs,medium,reviewed,"build/generator input; path or field change breaks regeneration, not runtime"
DEP-0320,public:twin/model-data.json,public/twin/model-data.json,build script,BUILD tools/build-twin-upper-floors.mjs,tools/build-twin-upper-floors.mjs:18,build-tool-output,model-data.json,build-time,test/asset-twin-scene-model.test.mjs;test/asset-twin-source-data.test.mjs;test/asset-twin-upper-floors.test.mjs;test/twin-water-registration.test.mjs,low,reviewed,generator output path; breaks regeneration only
DEP-0321,public:twin/model-data.json,public/twin/model-data.json,build script,BUILD tools/digitize-site-sources.py,tools/digitize-site-sources.py:384,build-tool-output,C:/Users/adam/Documents/Codex/2026-09-23/ca/outputs/OTB_Column_Twin/model-data.json,build-time,test/asset-twin-scene-model.test.mjs;test/asset-twin-source-data.test.mjs;test/asset-twin-upper-floors.test.mjs;test/twin-water-registration.test.mjs,low,reviewed,generator output path; breaks regeneration only
DEP-0322,public:twin/model-data.json,public/twin/model-data.json,build script,BUILD tools/digitize-site-sources.py,tools/digitize-site-sources.py:391,build-tool-input,codex model-data.json not found - cross-link skipped,build-time,test/asset-twin-scene-model.test.mjs;test/asset-twin-source-data.test.mjs;test/asset-twin-upper-floors.test.mjs;test/twin-water-registration.test.mjs,medium,reviewed,"build/generator input; path or field change breaks regeneration, not runtime"
DEP-0323,public:twin/model-data.json,public/twin/model-data.json,build script,BUILD tools/extract-twin-site-fixtures.py,tools/extract-twin-site-fixtures.py:113,build-tool-input,public/twin/model-data.json,build-time,test/asset-twin-scene-model.test.mjs;test/asset-twin-source-data.test.mjs;test/asset-twin-upper-floors.test.mjs;test/twin-water-registration.test.mjs,medium,reviewed,"build/generator input; path or field change breaks regeneration, not runtime"
DEP-0324,public:twin/model-data.json,public/twin/model-data.json,build script,BUILD tools/register-twin-water-aerial.py,tools/register-twin-water-aerial.py:149,build-tool-input,public/twin/model-data.json,build-time,test/asset-twin-scene-model.test.mjs;test/asset-twin-source-data.test.mjs;test/asset-twin-upper-floors.test.mjs;test/twin-water-registration.test.mjs,medium,reviewed,"build/generator input; path or field change breaks regeneration, not runtime"
DEP-0325,public:twin/model-data.json,public/twin/model-data.json,build script,BUILD tools/register-twin-water-map.py,tools/register-twin-water-map.py:22,build-tool-input,public/twin/model-data.json,build-time,test/asset-twin-scene-model.test.mjs;test/asset-twin-source-data.test.mjs;test/asset-twin-upper-floors.test.mjs;test/twin-water-registration.test.mjs,medium,reviewed,"build/generator input; path or field change breaks regeneration, not runtime"
DEP-0326,public:twin/model-data.json,public/twin/model-data.json,build script,BUILD tools/register-twin-water-map.py,tools/register-twin-water-map.py:239,build-tool-output,model-data.json,build-time,test/asset-twin-scene-model.test.mjs;test/asset-twin-source-data.test.mjs;test/asset-twin-upper-floors.test.mjs;test/twin-water-registration.test.mjs,low,reviewed,generator output path; breaks regeneration only
DEP-0327,public:twin/model-report.json,public/twin/model-report.json,,NONE (no runtime reference found),,none-found,,,,low,reviewed,"No code/config reference in src, api, index.html, tour.html, vite.config.js, vercel.json, tools or public HTML; candidate orphan or doc/provenance file - confirm before any move"
DEP-0328,public:twin/model.glb,public/twin/model.glb,adapter module (lib/store),A-3 src/lib/asset-twin-scene.js,src/lib/asset-twin-scene.js:24,string-literal-url-or-path,/twin/model.glb,dynamic,test/asset-twin-availability.test.mjs;test/asset-twin-fixture-models.test.mjs;test/asset-twin-scene-model.test.mjs;test/asset-twin-upper-floors.test.mjs;test/merge-twin-glb.test.mjs;+1 more,high,reviewed,runtime URL; rename/move gives silent 404 (no build error)
DEP-0329,public:twin/model.glb,public/twin/model.glb,none (direct),A-3 src/views/asset-twin.js,src/views/asset-twin.js:32,template-built-url,${import.meta.env.BASE_URL}twin/model.glb,dynamic,test/asset-twin-availability.test.mjs;test/asset-twin-fixture-models.test.mjs;test/asset-twin-scene-model.test.mjs;test/asset-twin-upper-floors.test.mjs;test/merge-twin-glb.test.mjs;+1 more,high,reviewed,runtime URL; rename/move gives silent 404 (no build error)
DEP-0330,public:twin/model.glb,public/twin/model.glb,build script,BUILD tools/build-twin-fixtures.mjs,tools/build-twin-fixtures.mjs:80,build-tool-input,public/twin/model.glb,build-time,test/asset-twin-availability.test.mjs;test/asset-twin-fixture-models.test.mjs;test/asset-twin-scene-model.test.mjs;test/asset-twin-upper-floors.test.mjs;test/merge-twin-glb.test.mjs;+1 more,medium,reviewed,"build/generator input; path or field change breaks regeneration, not runtime"
DEP-0331,public:twin/model.glb,public/twin/model.glb,build script,BUILD tools/build-twin-site-context.mjs,tools/build-twin-site-context.mjs:56,build-tool-input,public/twin/model.glb,build-time,test/asset-twin-availability.test.mjs;test/asset-twin-fixture-models.test.mjs;test/asset-twin-scene-model.test.mjs;test/asset-twin-site-context.test.mjs;test/asset-twin-upper-floors.test.mjs;+2 more,medium,reviewed,"build/generator input; path or field change breaks regeneration, not runtime"
DEP-0332,public:twin/model.glb,public/twin/model.glb,build script,BUILD tools/merge-twin-glb.mjs,tools/merge-twin-glb.mjs:171,build-tool-output,public/twin/model.glb,build-time,test/asset-twin-availability.test.mjs;test/asset-twin-fixture-models.test.mjs;test/asset-twin-scene-model.test.mjs;test/asset-twin-site-context.test.mjs;test/asset-twin-upper-floors.test.mjs;+2 more,low,reviewed,generator output path; breaks regeneration only
DEP-0333,public:twin/site-capture-checklist.html,public/twin/site-capture-checklist.html,none (direct),A-3 src/views/asset-twin-sources.js,src/views/asset-twin-sources.js:12,html-href,${import.meta.env.BASE_URL}twin/site-capture-checklist.html,dynamic (DOM string),,medium,reviewed,runtime URL; rename/move gives silent 404 (no build error)
DEP-0334,public:twin/site-context.glb,public/twin/site-context.glb,none (direct),A-3 src/views/asset-twin.js,src/views/asset-twin.js:36,template-built-url,${import.meta.env.BASE_URL}twin/site-context.glb,dynamic,test/asset-twin-availability.test.mjs;test/asset-twin-site-context.test.mjs;test/merge-twin-glb.test.mjs,high,reviewed,runtime URL; rename/move gives silent 404 (no build error)
DEP-0335,public:twin/site-context.glb,public/twin/site-context.glb,build script,BUILD tools/build-twin-site-context.mjs,tools/build-twin-site-context.mjs:155,build-tool-output,site-context.glb,build-time,test/asset-twin-site-context.test.mjs;test/merge-twin-glb.test.mjs,low,reviewed,generator output path; breaks regeneration only
DEP-0336,public:twin/site-context.glb,public/twin/site-context.glb,build script,BUILD tools/merge-twin-glb.mjs,tools/merge-twin-glb.mjs:171,build-tool-output,public/twin/site-context.glb,build-time,test/asset-twin-fixture-models.test.mjs;test/asset-twin-site-context.test.mjs;test/merge-twin-glb.test.mjs,low,reviewed,generator output path; breaks regeneration only
DEP-0337,public:twin/site-context.json,public/twin/site-context.json,none (direct),A-3 src/views/asset-twin.js,src/views/asset-twin.js:35,template-built-url,${import.meta.env.BASE_URL}twin/site-context.json,dynamic,test/asset-twin-availability.test.mjs;test/asset-twin-site-context.test.mjs;test/asset-twin-site-records.test.mjs;test/merge-twin-glb.test.mjs,high,reviewed,runtime URL; rename/move gives silent 404 (no build error)
DEP-0338,public:twin/site-context.json,public/twin/site-context.json,build script,BUILD tools/build-twin-site-context.mjs,tools/build-twin-site-context.mjs:155,build-tool-output,site-context.json,build-time,test/asset-twin-site-context.test.mjs;test/asset-twin-site-records.test.mjs;test/merge-twin-glb.test.mjs,low,reviewed,generator output path; breaks regeneration only
DEP-0339,public:twin/upper-floors.glb,public/twin/upper-floors.glb,none (direct),A-3 src/views/asset-twin.js,src/views/asset-twin.js:34,template-built-url,${import.meta.env.BASE_URL}twin/upper-floors.glb,dynamic,test/asset-twin-availability.test.mjs;test/asset-twin-upper-floors.test.mjs;test/merge-twin-glb.test.mjs,high,reviewed,runtime URL; rename/move gives silent 404 (no build error)
DEP-0340,public:twin/upper-floors.glb,public/twin/upper-floors.glb,build script,BUILD tools/build-twin-upper-floors.mjs,tools/build-twin-upper-floors.mjs:115,build-tool-input,upper-floors.glb,build-time,test/asset-twin-upper-floors.test.mjs;test/merge-twin-glb.test.mjs,medium,reviewed,"build/generator input; path or field change breaks regeneration, not runtime"
DEP-0341,public:twin/upper-floors.glb,public/twin/upper-floors.glb,build script,BUILD tools/build-twin-upper-floors.mjs,tools/build-twin-upper-floors.mjs:118,build-tool-output,upper-floors.glb,build-time,test/asset-twin-upper-floors.test.mjs;test/merge-twin-glb.test.mjs,low,reviewed,generator output path; breaks regeneration only
DEP-0342,public:twin/upper-floors.glb,public/twin/upper-floors.glb,build script,BUILD tools/merge-twin-glb.mjs,tools/merge-twin-glb.mjs:171,build-tool-output,public/twin/upper-floors.glb,build-time,test/asset-twin-fixture-models.test.mjs;test/asset-twin-site-context.test.mjs;test/asset-twin-upper-floors.test.mjs;test/merge-twin-glb.test.mjs,low,reviewed,generator output path; breaks regeneration only
DEP-0343,public:twin/upper-floors.json,public/twin/upper-floors.json,none (direct),A-3 src/views/asset-twin.js,src/views/asset-twin.js:33,template-built-url,${import.meta.env.BASE_URL}twin/upper-floors.json,dynamic,test/asset-twin-availability.test.mjs;test/asset-twin-upper-floors.test.mjs,high,reviewed,runtime URL; rename/move gives silent 404 (no build error)
DEP-0344,public:twin/upper-floors.json,public/twin/upper-floors.json,build script,BUILD tools/build-twin-upper-floors.mjs,tools/build-twin-upper-floors.mjs:118,build-tool-output,upper-floors.json,build-time,test/asset-twin-upper-floors.test.mjs,low,reviewed,generator output path; breaks regeneration only
DEP-0345,asset:twin/aerial-reference.jpg,src/assets/twin/aerial-reference.jpg,none (direct),A-3 src/views/asset-twin.js,src/views/asset-twin.js:12,static-import,../assets/twin/aerial-reference.jpg,static,test/asset-twin-availability.test.mjs,medium,reviewed,static asset import; move/rename fails build
DEP-0346,asset:twin/aerial-reference.jpg,src/assets/twin/aerial-reference.jpg,none (direct),A-4 src/views/site-evidence.js,src/views/site-evidence.js:54,string-literal-url-or-path,aerial-reference.jpg,dynamic,,medium,reviewed,runtime URL; rename/move gives silent 404 (no build error)
DEP-0347,asset:twin/bench-reference.jpg,src/assets/twin/bench-reference.jpg,none (direct),A-3 src/views/asset-twin-sources.js,src/views/asset-twin-sources.js:17,template-built-url,bench-reference.jpg,dynamic,,medium,reviewed,runtime URL; rename/move gives silent 404 (no build error)
DEP-0348,asset:twin/night-reference.jpg,src/assets/twin/night-reference.jpg,none (direct),A-3 src/views/asset-twin.js,src/views/asset-twin.js:15,static-import,../assets/twin/night-reference.jpg,static,test/asset-twin-availability.test.mjs,medium,reviewed,static asset import; move/rename fails build
DEP-0349,asset:twin/storefront-reference.jpg,src/assets/twin/storefront-reference.jpg,none (direct),A-3 src/views/asset-twin.js,src/views/asset-twin.js:11,static-import,../assets/twin/storefront-reference.jpg,static,test/asset-twin-availability.test.mjs,medium,reviewed,static asset import; move/rename fails build
DEP-0350,asset:twin/infrastructure/site-fixtures.png,src/assets/twin/infrastructure/site-fixtures.png,build script,BUILD tools/extract-twin-site-fixtures.py,tools/extract-twin-site-fixtures.py:143,build-tool-input,src/assets/twin/infrastructure/site-fixtures.png,build-time,,medium,reviewed,"build/generator input; path or field change breaks regeneration, not runtime"
DEP-0351,asset:twin/infrastructure/water-shutoff-map.png,src/assets/twin/infrastructure/water-shutoff-map.png,data carrier (path resolved by the module that loads this JSON),DATA src/data/twin-water-map.json,src/data/twin-water-map.json:31,data-embedded-path,src/assets/twin/infrastructure/water-shutoff-map.png,data-driven (dynamic),test/twin-water-registration.test.mjs,medium,reviewed,path string stored inside data; loader resolves it at runtime or it is provenance only
DEP-0352,asset:twin/infrastructure/water-shutoff-map.png,src/assets/twin/infrastructure/water-shutoff-map.png,build script,BUILD tools/extract-twin-infrastructure.py,tools/extract-twin-infrastructure.py:235,build-tool-input,water-shutoff-map.png,build-time,test/twin-water-registration.test.mjs,medium,reviewed,"build/generator input; path or field change breaks regeneration, not runtime"
DEP-0353,asset:twin/infrastructure/water-shutoff-map.png,src/assets/twin/infrastructure/water-shutoff-map.png,build script,BUILD tools/register-twin-water-map.py,tools/register-twin-water-map.py:19,build-tool-input,src/assets/twin/infrastructure/water-shutoff-map.png,build-time,test/twin-water-registration.test.mjs,medium,reviewed,"build/generator input; path or field change breaks regeneration, not runtime"
DEP-0354,public:brand/cypress/fonts/Fraunces-400.woff2,public/brand/cypress/fonts/Fraunces-400.woff2,command-review.js font embed,A-2 src/views/command-review.js,src/views/command-review.js:21,fetch-url,/brand/cypress/fonts/${file}.woff2,dynamic,,high,reviewed,template fetch keyed by font file stem
DEP-0355,public:brand/cypress/fonts/Inter-400.woff2,public/brand/cypress/fonts/Inter-400.woff2,command-review.js font embed,A-2 src/views/command-review.js,src/views/command-review.js:21,fetch-url,/brand/cypress/fonts/${file}.woff2,dynamic,,high,reviewed,template fetch keyed by font file stem
DEP-0356,public:brand/cypress/fonts/JetBrainsMono-400.woff2,public/brand/cypress/fonts/JetBrainsMono-400.woff2,command-review.js font embed,A-2 src/views/command-review.js,src/views/command-review.js:21,fetch-url,/brand/cypress/fonts/${file}.woff2,dynamic,,high,reviewed,template fetch keyed by font file stem
DEP-0357,public:tenant-logos/101.png,public/tenant-logos/101.png,logos.js logoUrl(unit) gated by src/data/logo-thumbs.json,R-1/B-1/DRAWER src/lib/logos.js,src/lib/logos.js:9,template-built-url,/tenant-logos/{unit}.png (unit=101),dynamic,,high,reviewed,filename IS the unit id (dotted '117.5' kept); listed in logo-thumbs manifest; rename silently drops logo
DEP-0358,public:tenant-logos/103.png,public/tenant-logos/103.png,logos.js logoUrl(unit) gated by src/data/logo-thumbs.json,R-1/B-1/DRAWER src/lib/logos.js,src/lib/logos.js:9,template-built-url,/tenant-logos/{unit}.png (unit=103),dynamic,,high,reviewed,filename IS the unit id (dotted '117.5' kept); listed in logo-thumbs manifest; rename silently drops logo
DEP-0359,public:tenant-logos/105.png,public/tenant-logos/105.png,logos.js logoUrl(unit) gated by src/data/logo-thumbs.json,R-1/B-1/DRAWER src/lib/logos.js,src/lib/logos.js:9,template-built-url,/tenant-logos/{unit}.png (unit=105),dynamic,,high,reviewed,filename IS the unit id (dotted '117.5' kept); listed in logo-thumbs manifest; rename silently drops logo
DEP-0360,public:tenant-logos/107.png,public/tenant-logos/107.png,logos.js logoUrl(unit) gated by src/data/logo-thumbs.json,R-1/B-1/DRAWER src/lib/logos.js,src/lib/logos.js:9,template-built-url,/tenant-logos/{unit}.png (unit=107),dynamic,,high,reviewed,filename IS the unit id (dotted '117.5' kept); listed in logo-thumbs manifest; rename silently drops logo
DEP-0361,public:tenant-logos/109.png,public/tenant-logos/109.png,logos.js logoUrl(unit) gated by src/data/logo-thumbs.json,R-1/B-1/DRAWER src/lib/logos.js,src/lib/logos.js:9,template-built-url,/tenant-logos/{unit}.png (unit=109),dynamic,,high,reviewed,filename IS the unit id (dotted '117.5' kept); listed in logo-thumbs manifest; rename silently drops logo
DEP-0362,public:tenant-logos/111.png,public/tenant-logos/111.png,logos.js logoUrl(unit) gated by src/data/logo-thumbs.json,R-1/B-1/DRAWER src/lib/logos.js,src/lib/logos.js:9,template-built-url,/tenant-logos/{unit}.png (unit=111),dynamic,,high,reviewed,filename IS the unit id (dotted '117.5' kept); listed in logo-thumbs manifest; rename silently drops logo
DEP-0363,public:tenant-logos/113.png,public/tenant-logos/113.png,logos.js logoUrl(unit) gated by src/data/logo-thumbs.json,R-1/B-1/DRAWER src/lib/logos.js,src/lib/logos.js:9,template-built-url,/tenant-logos/{unit}.png (unit=113),dynamic,,high,reviewed,filename IS the unit id (dotted '117.5' kept); listed in logo-thumbs manifest; rename silently drops logo
DEP-0364,public:tenant-logos/115.png,public/tenant-logos/115.png,logos.js logoUrl(unit) gated by src/data/logo-thumbs.json,R-1/B-1/DRAWER src/lib/logos.js,src/lib/logos.js:9,template-built-url,/tenant-logos/{unit}.png (unit=115),dynamic,,high,reviewed,filename IS the unit id (dotted '117.5' kept); listed in logo-thumbs manifest; rename silently drops logo
DEP-0365,public:tenant-logos/117.5.png,public/tenant-logos/117.5.png,logos.js logoUrl(unit) gated by src/data/logo-thumbs.json,R-1/B-1/DRAWER src/lib/logos.js,src/lib/logos.js:9,template-built-url,/tenant-logos/{unit}.png (unit=117.5),dynamic,,high,reviewed,filename IS the unit id (dotted '117.5' kept); listed in logo-thumbs manifest; rename silently drops logo
DEP-0366,public:tenant-logos/117.png,public/tenant-logos/117.png,logos.js logoUrl(unit) gated by src/data/logo-thumbs.json,R-1/B-1/DRAWER src/lib/logos.js,src/lib/logos.js:9,template-built-url,/tenant-logos/{unit}.png (unit=117),dynamic,,high,reviewed,filename IS the unit id (dotted '117.5' kept); listed in logo-thumbs manifest; rename silently drops logo
DEP-0367,public:tenant-logos/119.5.png,public/tenant-logos/119.5.png,logos.js logoUrl(unit) gated by src/data/logo-thumbs.json,R-1/B-1/DRAWER src/lib/logos.js,src/lib/logos.js:9,template-built-url,/tenant-logos/{unit}.png (unit=119.5),dynamic,,high,reviewed,filename IS the unit id (dotted '117.5' kept); listed in logo-thumbs manifest; rename silently drops logo
DEP-0368,public:tenant-logos/119.png,public/tenant-logos/119.png,logos.js logoUrl(unit) gated by src/data/logo-thumbs.json,R-1/B-1/DRAWER src/lib/logos.js,src/lib/logos.js:9,template-built-url,/tenant-logos/{unit}.png (unit=119),dynamic,,high,reviewed,filename IS the unit id (dotted '117.5' kept); listed in logo-thumbs manifest; rename silently drops logo
DEP-0369,public:tenant-logos/121.png,public/tenant-logos/121.png,logos.js logoUrl(unit) gated by src/data/logo-thumbs.json,R-1/B-1/DRAWER src/lib/logos.js,src/lib/logos.js:9,template-built-url,/tenant-logos/{unit}.png (unit=121),dynamic,,high,reviewed,filename IS the unit id (dotted '117.5' kept); listed in logo-thumbs manifest; rename silently drops logo
DEP-0370,public:tenant-logos/123.png,public/tenant-logos/123.png,logos.js logoUrl(unit) gated by src/data/logo-thumbs.json,R-1/B-1/DRAWER src/lib/logos.js,src/lib/logos.js:9,template-built-url,/tenant-logos/{unit}.png (unit=123),dynamic,,high,reviewed,filename IS the unit id (dotted '117.5' kept); listed in logo-thumbs manifest; rename silently drops logo
DEP-0371,public:tenant-logos/125.png,public/tenant-logos/125.png,logos.js logoUrl(unit) gated by src/data/logo-thumbs.json,R-1/B-1/DRAWER src/lib/logos.js,src/lib/logos.js:9,template-built-url,/tenant-logos/{unit}.png (unit=125),dynamic,,high,reviewed,filename IS the unit id (dotted '117.5' kept); listed in logo-thumbs manifest; rename silently drops logo
DEP-0372,public:tenant-logos/127.png,public/tenant-logos/127.png,logos.js logoUrl(unit) gated by src/data/logo-thumbs.json,R-1/B-1/DRAWER src/lib/logos.js,src/lib/logos.js:9,template-built-url,/tenant-logos/{unit}.png (unit=127),dynamic,,high,reviewed,filename IS the unit id (dotted '117.5' kept); listed in logo-thumbs manifest; rename silently drops logo
DEP-0373,public:tenant-logos/129.png,public/tenant-logos/129.png,logos.js logoUrl(unit) gated by src/data/logo-thumbs.json,R-1/B-1/DRAWER src/lib/logos.js,src/lib/logos.js:9,template-built-url,/tenant-logos/{unit}.png (unit=129),dynamic,test/marketing.test.mjs,high,reviewed,filename IS the unit id (dotted '117.5' kept); listed in logo-thumbs manifest; rename silently drops logo
DEP-0374,public:tenant-logos/135A.png,public/tenant-logos/135A.png,logos.js logoUrl(unit) gated by src/data/logo-thumbs.json,R-1/B-1/DRAWER src/lib/logos.js,src/lib/logos.js:9,template-built-url,/tenant-logos/{unit}.png (unit=135A),dynamic,,high,reviewed,filename IS the unit id (dotted '117.5' kept); listed in logo-thumbs manifest; rename silently drops logo
DEP-0375,public:tenant-logos/135B.png,public/tenant-logos/135B.png,logos.js logoUrl(unit) gated by src/data/logo-thumbs.json,R-1/B-1/DRAWER src/lib/logos.js,src/lib/logos.js:9,template-built-url,/tenant-logos/{unit}.png (unit=135B),dynamic,,high,reviewed,filename IS the unit id (dotted '117.5' kept); listed in logo-thumbs manifest; rename silently drops logo
DEP-0376,public:tenant-logos/137.png,public/tenant-logos/137.png,logos.js logoUrl(unit) gated by src/data/logo-thumbs.json,R-1/B-1/DRAWER src/lib/logos.js,src/lib/logos.js:9,template-built-url,/tenant-logos/{unit}.png (unit=137),dynamic,,high,reviewed,filename IS the unit id (dotted '117.5' kept); listed in logo-thumbs manifest; rename silently drops logo
DEP-0377,public:tenant-logos/139.png,public/tenant-logos/139.png,logos.js logoUrl(unit) gated by src/data/logo-thumbs.json,R-1/B-1/DRAWER src/lib/logos.js,src/lib/logos.js:9,template-built-url,/tenant-logos/{unit}.png (unit=139),dynamic,,high,reviewed,filename IS the unit id (dotted '117.5' kept); listed in logo-thumbs manifest; rename silently drops logo
DEP-0378,public:tenant-logos/141.png,public/tenant-logos/141.png,logos.js logoUrl(unit) gated by src/data/logo-thumbs.json,R-1/B-1/DRAWER src/lib/logos.js,src/lib/logos.js:9,template-built-url,/tenant-logos/{unit}.png (unit=141),dynamic,,high,reviewed,filename IS the unit id (dotted '117.5' kept); listed in logo-thumbs manifest; rename silently drops logo
DEP-0379,public:tenant-logos/143.png,public/tenant-logos/143.png,logos.js logoUrl(unit) gated by src/data/logo-thumbs.json,R-1/B-1/DRAWER src/lib/logos.js,src/lib/logos.js:9,template-built-url,/tenant-logos/{unit}.png (unit=143),dynamic,,high,reviewed,filename IS the unit id (dotted '117.5' kept); listed in logo-thumbs manifest; rename silently drops logo
DEP-0380,public:tenant-logos/145.png,public/tenant-logos/145.png,logos.js logoUrl(unit) gated by src/data/logo-thumbs.json,R-1/B-1/DRAWER src/lib/logos.js,src/lib/logos.js:9,template-built-url,/tenant-logos/{unit}.png (unit=145),dynamic,,high,reviewed,filename IS the unit id (dotted '117.5' kept); listed in logo-thumbs manifest; rename silently drops logo
DEP-0381,public:tenant-logos/149.png,public/tenant-logos/149.png,logos.js logoUrl(unit) gated by src/data/logo-thumbs.json,R-1/B-1/DRAWER src/lib/logos.js,src/lib/logos.js:9,template-built-url,/tenant-logos/{unit}.png (unit=149),dynamic,test/marketing.test.mjs,high,reviewed,filename IS the unit id (dotted '117.5' kept); listed in logo-thumbs manifest; rename silently drops logo
DEP-0382,asset:twin/aerial-reference.jpg,src/assets/twin/aerial-reference.jpg,asset-twin-sources.sourceImageURL(name) via import.meta.glob,A-3 src/views/asset-twin-sources.js,src/views/asset-twin-sources.js:6,vite-import-glob,"../assets/twin/**/*.{png,jpg} -> 'aerial-reference.jpg'",static (build-resolved glob; runtime lookup by filename),,medium,reviewed,glob-bundled; callers look up by relative name string held in twin-*.json data
DEP-0383,asset:twin/bench-reference.jpg,src/assets/twin/bench-reference.jpg,asset-twin-sources.sourceImageURL(name) via import.meta.glob,A-3 src/views/asset-twin-sources.js,src/views/asset-twin-sources.js:6,vite-import-glob,"../assets/twin/**/*.{png,jpg} -> 'bench-reference.jpg'",static (build-resolved glob; runtime lookup by filename),,medium,reviewed,glob-bundled; callers look up by relative name string held in twin-*.json data
DEP-0384,asset:twin/night-reference.jpg,src/assets/twin/night-reference.jpg,asset-twin-sources.sourceImageURL(name) via import.meta.glob,A-3 src/views/asset-twin-sources.js,src/views/asset-twin-sources.js:6,vite-import-glob,"../assets/twin/**/*.{png,jpg} -> 'night-reference.jpg'",static (build-resolved glob; runtime lookup by filename),,medium,reviewed,glob-bundled; callers look up by relative name string held in twin-*.json data
DEP-0385,asset:twin/storefront-reference.jpg,src/assets/twin/storefront-reference.jpg,asset-twin-sources.sourceImageURL(name) via import.meta.glob,A-3 src/views/asset-twin-sources.js,src/views/asset-twin-sources.js:6,vite-import-glob,"../assets/twin/**/*.{png,jpg} -> 'storefront-reference.jpg'",static (build-resolved glob; runtime lookup by filename),,medium,reviewed,glob-bundled; callers look up by relative name string held in twin-*.json data
DEP-0386,asset:twin/infrastructure/dotd-2024-aerial.jpg,src/assets/twin/infrastructure/dotd-2024-aerial.jpg,asset-twin-sources.sourceImageURL(name) via import.meta.glob,A-3 src/views/asset-twin-sources.js,src/views/asset-twin-sources.js:6,vite-import-glob,"../assets/twin/**/*.{png,jpg} -> 'infrastructure/dotd-2024-aerial.jpg'",static (build-resolved glob; runtime lookup by filename),,medium,reviewed,glob-bundled; callers look up by relative name string held in twin-*.json data
DEP-0387,asset:twin/infrastructure/gis-overview.png,src/assets/twin/infrastructure/gis-overview.png,asset-twin-sources.sourceImageURL(name) via import.meta.glob,A-3 src/views/asset-twin-sources.js,src/views/asset-twin-sources.js:6,vite-import-glob,"../assets/twin/**/*.{png,jpg} -> 'infrastructure/gis-overview.png'",static (build-resolved glob; runtime lookup by filename),,medium,reviewed,glob-bundled; callers look up by relative name string held in twin-*.json data
DEP-0388,asset:twin/infrastructure/gis-south.png,src/assets/twin/infrastructure/gis-south.png,asset-twin-sources.sourceImageURL(name) via import.meta.glob,A-3 src/views/asset-twin-sources.js,src/views/asset-twin-sources.js:6,vite-import-glob,"../assets/twin/**/*.{png,jpg} -> 'infrastructure/gis-south.png'",static (build-resolved glob; runtime lookup by filename),,medium,reviewed,glob-bundled; callers look up by relative name string held in twin-*.json data
DEP-0389,asset:twin/infrastructure/gis-west.png,src/assets/twin/infrastructure/gis-west.png,asset-twin-sources.sourceImageURL(name) via import.meta.glob,A-3 src/views/asset-twin-sources.js,src/views/asset-twin-sources.js:6,vite-import-glob,"../assets/twin/**/*.{png,jpg} -> 'infrastructure/gis-west.png'",static (build-resolved glob; runtime lookup by filename),,medium,reviewed,glob-bundled; callers look up by relative name string held in twin-*.json data
DEP-0390,asset:twin/infrastructure/site-fixtures.png,src/assets/twin/infrastructure/site-fixtures.png,asset-twin-sources.sourceImageURL(name) via import.meta.glob,A-3 src/views/asset-twin-sources.js,src/views/asset-twin-sources.js:6,vite-import-glob,"../assets/twin/**/*.{png,jpg} -> 'infrastructure/site-fixtures.png'",static (build-resolved glob; runtime lookup by filename),,medium,reviewed,glob-bundled; callers look up by relative name string held in twin-*.json data
DEP-0391,asset:twin/infrastructure/time-clock-101.jpg,src/assets/twin/infrastructure/time-clock-101.jpg,asset-twin-sources.sourceImageURL(name) via import.meta.glob,A-3 src/views/asset-twin-sources.js,src/views/asset-twin-sources.js:6,vite-import-glob,"../assets/twin/**/*.{png,jpg} -> 'infrastructure/time-clock-101.jpg'",static (build-resolved glob; runtime lookup by filename),test/site-evidence-labels.test.mjs,medium,reviewed,glob-bundled; callers look up by relative name string held in twin-*.json data
DEP-0392,asset:twin/infrastructure/time-clock-101.jpg,src/assets/twin/infrastructure/time-clock-101.jpg,site-evidence-labels.clockLabel(),A-4 src/views/site-evidence.js,src/views/site-evidence.js:42,vite-import-glob,../assets/twin/infrastructure/time-clock-*.jpg,static (build-resolved glob; runtime lookup by filename),test/site-evidence-labels.test.mjs,medium,reviewed,"filename encodes suite with '-' for '.' (117-5, 135a) - a second suite-key normalization in use"
DEP-0393,asset:twin/infrastructure/time-clock-103.jpg,src/assets/twin/infrastructure/time-clock-103.jpg,asset-twin-sources.sourceImageURL(name) via import.meta.glob,A-3 src/views/asset-twin-sources.js,src/views/asset-twin-sources.js:6,vite-import-glob,"../assets/twin/**/*.{png,jpg} -> 'infrastructure/time-clock-103.jpg'",static (build-resolved glob; runtime lookup by filename),,medium,reviewed,glob-bundled; callers look up by relative name string held in twin-*.json data
DEP-0394,asset:twin/infrastructure/time-clock-103.jpg,src/assets/twin/infrastructure/time-clock-103.jpg,site-evidence-labels.clockLabel(),A-4 src/views/site-evidence.js,src/views/site-evidence.js:42,vite-import-glob,../assets/twin/infrastructure/time-clock-*.jpg,static (build-resolved glob; runtime lookup by filename),,medium,reviewed,"filename encodes suite with '-' for '.' (117-5, 135a) - a second suite-key normalization in use"
DEP-0395,asset:twin/infrastructure/time-clock-105.jpg,src/assets/twin/infrastructure/time-clock-105.jpg,asset-twin-sources.sourceImageURL(name) via import.meta.glob,A-3 src/views/asset-twin-sources.js,src/views/asset-twin-sources.js:6,vite-import-glob,"../assets/twin/**/*.{png,jpg} -> 'infrastructure/time-clock-105.jpg'",static (build-resolved glob; runtime lookup by filename),,medium,reviewed,glob-bundled; callers look up by relative name string held in twin-*.json data
DEP-0396,asset:twin/infrastructure/time-clock-105.jpg,src/assets/twin/infrastructure/time-clock-105.jpg,site-evidence-labels.clockLabel(),A-4 src/views/site-evidence.js,src/views/site-evidence.js:42,vite-import-glob,../assets/twin/infrastructure/time-clock-*.jpg,static (build-resolved glob; runtime lookup by filename),,medium,reviewed,"filename encodes suite with '-' for '.' (117-5, 135a) - a second suite-key normalization in use"
DEP-0397,asset:twin/infrastructure/time-clock-107.jpg,src/assets/twin/infrastructure/time-clock-107.jpg,asset-twin-sources.sourceImageURL(name) via import.meta.glob,A-3 src/views/asset-twin-sources.js,src/views/asset-twin-sources.js:6,vite-import-glob,"../assets/twin/**/*.{png,jpg} -> 'infrastructure/time-clock-107.jpg'",static (build-resolved glob; runtime lookup by filename),,medium,reviewed,glob-bundled; callers look up by relative name string held in twin-*.json data
DEP-0398,asset:twin/infrastructure/time-clock-107.jpg,src/assets/twin/infrastructure/time-clock-107.jpg,site-evidence-labels.clockLabel(),A-4 src/views/site-evidence.js,src/views/site-evidence.js:42,vite-import-glob,../assets/twin/infrastructure/time-clock-*.jpg,static (build-resolved glob; runtime lookup by filename),,medium,reviewed,"filename encodes suite with '-' for '.' (117-5, 135a) - a second suite-key normalization in use"
DEP-0399,asset:twin/infrastructure/time-clock-109.jpg,src/assets/twin/infrastructure/time-clock-109.jpg,asset-twin-sources.sourceImageURL(name) via import.meta.glob,A-3 src/views/asset-twin-sources.js,src/views/asset-twin-sources.js:6,vite-import-glob,"../assets/twin/**/*.{png,jpg} -> 'infrastructure/time-clock-109.jpg'",static (build-resolved glob; runtime lookup by filename),,medium,reviewed,glob-bundled; callers look up by relative name string held in twin-*.json data
DEP-0400,asset:twin/infrastructure/time-clock-109.jpg,src/assets/twin/infrastructure/time-clock-109.jpg,site-evidence-labels.clockLabel(),A-4 src/views/site-evidence.js,src/views/site-evidence.js:42,vite-import-glob,../assets/twin/infrastructure/time-clock-*.jpg,static (build-resolved glob; runtime lookup by filename),,medium,reviewed,"filename encodes suite with '-' for '.' (117-5, 135a) - a second suite-key normalization in use"
DEP-0401,asset:twin/infrastructure/time-clock-113.jpg,src/assets/twin/infrastructure/time-clock-113.jpg,asset-twin-sources.sourceImageURL(name) via import.meta.glob,A-3 src/views/asset-twin-sources.js,src/views/asset-twin-sources.js:6,vite-import-glob,"../assets/twin/**/*.{png,jpg} -> 'infrastructure/time-clock-113.jpg'",static (build-resolved glob; runtime lookup by filename),,medium,reviewed,glob-bundled; callers look up by relative name string held in twin-*.json data
DEP-0402,asset:twin/infrastructure/time-clock-113.jpg,src/assets/twin/infrastructure/time-clock-113.jpg,site-evidence-labels.clockLabel(),A-4 src/views/site-evidence.js,src/views/site-evidence.js:42,vite-import-glob,../assets/twin/infrastructure/time-clock-*.jpg,static (build-resolved glob; runtime lookup by filename),,medium,reviewed,"filename encodes suite with '-' for '.' (117-5, 135a) - a second suite-key normalization in use"
DEP-0403,asset:twin/infrastructure/time-clock-115.jpg,src/assets/twin/infrastructure/time-clock-115.jpg,asset-twin-sources.sourceImageURL(name) via import.meta.glob,A-3 src/views/asset-twin-sources.js,src/views/asset-twin-sources.js:6,vite-import-glob,"../assets/twin/**/*.{png,jpg} -> 'infrastructure/time-clock-115.jpg'",static (build-resolved glob; runtime lookup by filename),,medium,reviewed,glob-bundled; callers look up by relative name string held in twin-*.json data
DEP-0404,asset:twin/infrastructure/time-clock-115.jpg,src/assets/twin/infrastructure/time-clock-115.jpg,site-evidence-labels.clockLabel(),A-4 src/views/site-evidence.js,src/views/site-evidence.js:42,vite-import-glob,../assets/twin/infrastructure/time-clock-*.jpg,static (build-resolved glob; runtime lookup by filename),,medium,reviewed,"filename encodes suite with '-' for '.' (117-5, 135a) - a second suite-key normalization in use"
DEP-0405,asset:twin/infrastructure/time-clock-117-5.jpg,src/assets/twin/infrastructure/time-clock-117-5.jpg,asset-twin-sources.sourceImageURL(name) via import.meta.glob,A-3 src/views/asset-twin-sources.js,src/views/asset-twin-sources.js:6,vite-import-glob,"../assets/twin/**/*.{png,jpg} -> 'infrastructure/time-clock-117-5.jpg'",static (build-resolved glob; runtime lookup by filename),test/site-evidence-labels.test.mjs,medium,reviewed,glob-bundled; callers look up by relative name string held in twin-*.json data
DEP-0406,asset:twin/infrastructure/time-clock-117-5.jpg,src/assets/twin/infrastructure/time-clock-117-5.jpg,site-evidence-labels.clockLabel(),A-4 src/views/site-evidence.js,src/views/site-evidence.js:42,vite-import-glob,../assets/twin/infrastructure/time-clock-*.jpg,static (build-resolved glob; runtime lookup by filename),test/site-evidence-labels.test.mjs,medium,reviewed,"filename encodes suite with '-' for '.' (117-5, 135a) - a second suite-key normalization in use"
DEP-0407,asset:twin/infrastructure/time-clock-117.jpg,src/assets/twin/infrastructure/time-clock-117.jpg,asset-twin-sources.sourceImageURL(name) via import.meta.glob,A-3 src/views/asset-twin-sources.js,src/views/asset-twin-sources.js:6,vite-import-glob,"../assets/twin/**/*.{png,jpg} -> 'infrastructure/time-clock-117.jpg'",static (build-resolved glob; runtime lookup by filename),,medium,reviewed,glob-bundled; callers look up by relative name string held in twin-*.json data
DEP-0408,asset:twin/infrastructure/time-clock-117.jpg,src/assets/twin/infrastructure/time-clock-117.jpg,site-evidence-labels.clockLabel(),A-4 src/views/site-evidence.js,src/views/site-evidence.js:42,vite-import-glob,../assets/twin/infrastructure/time-clock-*.jpg,static (build-resolved glob; runtime lookup by filename),,medium,reviewed,"filename encodes suite with '-' for '.' (117-5, 135a) - a second suite-key normalization in use"
DEP-0409,asset:twin/infrastructure/time-clock-119-5-2.jpg,src/assets/twin/infrastructure/time-clock-119-5-2.jpg,asset-twin-sources.sourceImageURL(name) via import.meta.glob,A-3 src/views/asset-twin-sources.js,src/views/asset-twin-sources.js:6,vite-import-glob,"../assets/twin/**/*.{png,jpg} -> 'infrastructure/time-clock-119-5-2.jpg'",static (build-resolved glob; runtime lookup by filename),test/site-evidence-labels.test.mjs,medium,reviewed,glob-bundled; callers look up by relative name string held in twin-*.json data
DEP-0410,asset:twin/infrastructure/time-clock-119-5-2.jpg,src/assets/twin/infrastructure/time-clock-119-5-2.jpg,site-evidence-labels.clockLabel(),A-4 src/views/site-evidence.js,src/views/site-evidence.js:42,vite-import-glob,../assets/twin/infrastructure/time-clock-*.jpg,static (build-resolved glob; runtime lookup by filename),test/site-evidence-labels.test.mjs,medium,reviewed,"filename encodes suite with '-' for '.' (117-5, 135a) - a second suite-key normalization in use"
DEP-0411,asset:twin/infrastructure/time-clock-119-5.jpg,src/assets/twin/infrastructure/time-clock-119-5.jpg,asset-twin-sources.sourceImageURL(name) via import.meta.glob,A-3 src/views/asset-twin-sources.js,src/views/asset-twin-sources.js:6,vite-import-glob,"../assets/twin/**/*.{png,jpg} -> 'infrastructure/time-clock-119-5.jpg'",static (build-resolved glob; runtime lookup by filename),,medium,reviewed,glob-bundled; callers look up by relative name string held in twin-*.json data
DEP-0412,asset:twin/infrastructure/time-clock-119-5.jpg,src/assets/twin/infrastructure/time-clock-119-5.jpg,site-evidence-labels.clockLabel(),A-4 src/views/site-evidence.js,src/views/site-evidence.js:42,vite-import-glob,../assets/twin/infrastructure/time-clock-*.jpg,static (build-resolved glob; runtime lookup by filename),,medium,reviewed,"filename encodes suite with '-' for '.' (117-5, 135a) - a second suite-key normalization in use"
DEP-0413,asset:twin/infrastructure/time-clock-119.jpg,src/assets/twin/infrastructure/time-clock-119.jpg,asset-twin-sources.sourceImageURL(name) via import.meta.glob,A-3 src/views/asset-twin-sources.js,src/views/asset-twin-sources.js:6,vite-import-glob,"../assets/twin/**/*.{png,jpg} -> 'infrastructure/time-clock-119.jpg'",static (build-resolved glob; runtime lookup by filename),,medium,reviewed,glob-bundled; callers look up by relative name string held in twin-*.json data
DEP-0414,asset:twin/infrastructure/time-clock-119.jpg,src/assets/twin/infrastructure/time-clock-119.jpg,site-evidence-labels.clockLabel(),A-4 src/views/site-evidence.js,src/views/site-evidence.js:42,vite-import-glob,../assets/twin/infrastructure/time-clock-*.jpg,static (build-resolved glob; runtime lookup by filename),,medium,reviewed,"filename encodes suite with '-' for '.' (117-5, 135a) - a second suite-key normalization in use"
DEP-0415,asset:twin/infrastructure/time-clock-121.jpg,src/assets/twin/infrastructure/time-clock-121.jpg,asset-twin-sources.sourceImageURL(name) via import.meta.glob,A-3 src/views/asset-twin-sources.js,src/views/asset-twin-sources.js:6,vite-import-glob,"../assets/twin/**/*.{png,jpg} -> 'infrastructure/time-clock-121.jpg'",static (build-resolved glob; runtime lookup by filename),,medium,reviewed,glob-bundled; callers look up by relative name string held in twin-*.json data
DEP-0416,asset:twin/infrastructure/time-clock-121.jpg,src/assets/twin/infrastructure/time-clock-121.jpg,site-evidence-labels.clockLabel(),A-4 src/views/site-evidence.js,src/views/site-evidence.js:42,vite-import-glob,../assets/twin/infrastructure/time-clock-*.jpg,static (build-resolved glob; runtime lookup by filename),,medium,reviewed,"filename encodes suite with '-' for '.' (117-5, 135a) - a second suite-key normalization in use"
DEP-0417,asset:twin/infrastructure/time-clock-123.jpg,src/assets/twin/infrastructure/time-clock-123.jpg,asset-twin-sources.sourceImageURL(name) via import.meta.glob,A-3 src/views/asset-twin-sources.js,src/views/asset-twin-sources.js:6,vite-import-glob,"../assets/twin/**/*.{png,jpg} -> 'infrastructure/time-clock-123.jpg'",static (build-resolved glob; runtime lookup by filename),,medium,reviewed,glob-bundled; callers look up by relative name string held in twin-*.json data
DEP-0418,asset:twin/infrastructure/time-clock-123.jpg,src/assets/twin/infrastructure/time-clock-123.jpg,site-evidence-labels.clockLabel(),A-4 src/views/site-evidence.js,src/views/site-evidence.js:42,vite-import-glob,../assets/twin/infrastructure/time-clock-*.jpg,static (build-resolved glob; runtime lookup by filename),,medium,reviewed,"filename encodes suite with '-' for '.' (117-5, 135a) - a second suite-key normalization in use"
DEP-0419,asset:twin/infrastructure/time-clock-125.jpg,src/assets/twin/infrastructure/time-clock-125.jpg,asset-twin-sources.sourceImageURL(name) via import.meta.glob,A-3 src/views/asset-twin-sources.js,src/views/asset-twin-sources.js:6,vite-import-glob,"../assets/twin/**/*.{png,jpg} -> 'infrastructure/time-clock-125.jpg'",static (build-resolved glob; runtime lookup by filename),,medium,reviewed,glob-bundled; callers look up by relative name string held in twin-*.json data
DEP-0420,asset:twin/infrastructure/time-clock-125.jpg,src/assets/twin/infrastructure/time-clock-125.jpg,site-evidence-labels.clockLabel(),A-4 src/views/site-evidence.js,src/views/site-evidence.js:42,vite-import-glob,../assets/twin/infrastructure/time-clock-*.jpg,static (build-resolved glob; runtime lookup by filename),,medium,reviewed,"filename encodes suite with '-' for '.' (117-5, 135a) - a second suite-key normalization in use"
DEP-0421,asset:twin/infrastructure/time-clock-127.jpg,src/assets/twin/infrastructure/time-clock-127.jpg,asset-twin-sources.sourceImageURL(name) via import.meta.glob,A-3 src/views/asset-twin-sources.js,src/views/asset-twin-sources.js:6,vite-import-glob,"../assets/twin/**/*.{png,jpg} -> 'infrastructure/time-clock-127.jpg'",static (build-resolved glob; runtime lookup by filename),,medium,reviewed,glob-bundled; callers look up by relative name string held in twin-*.json data
DEP-0422,asset:twin/infrastructure/time-clock-127.jpg,src/assets/twin/infrastructure/time-clock-127.jpg,site-evidence-labels.clockLabel(),A-4 src/views/site-evidence.js,src/views/site-evidence.js:42,vite-import-glob,../assets/twin/infrastructure/time-clock-*.jpg,static (build-resolved glob; runtime lookup by filename),,medium,reviewed,"filename encodes suite with '-' for '.' (117-5, 135a) - a second suite-key normalization in use"
DEP-0423,asset:twin/infrastructure/time-clock-129.jpg,src/assets/twin/infrastructure/time-clock-129.jpg,asset-twin-sources.sourceImageURL(name) via import.meta.glob,A-3 src/views/asset-twin-sources.js,src/views/asset-twin-sources.js:6,vite-import-glob,"../assets/twin/**/*.{png,jpg} -> 'infrastructure/time-clock-129.jpg'",static (build-resolved glob; runtime lookup by filename),,medium,reviewed,glob-bundled; callers look up by relative name string held in twin-*.json data
DEP-0424,asset:twin/infrastructure/time-clock-129.jpg,src/assets/twin/infrastructure/time-clock-129.jpg,site-evidence-labels.clockLabel(),A-4 src/views/site-evidence.js,src/views/site-evidence.js:42,vite-import-glob,../assets/twin/infrastructure/time-clock-*.jpg,static (build-resolved glob; runtime lookup by filename),,medium,reviewed,"filename encodes suite with '-' for '.' (117-5, 135a) - a second suite-key normalization in use"
DEP-0425,asset:twin/infrastructure/time-clock-131-133.jpg,src/assets/twin/infrastructure/time-clock-131-133.jpg,asset-twin-sources.sourceImageURL(name) via import.meta.glob,A-3 src/views/asset-twin-sources.js,src/views/asset-twin-sources.js:6,vite-import-glob,"../assets/twin/**/*.{png,jpg} -> 'infrastructure/time-clock-131-133.jpg'",static (build-resolved glob; runtime lookup by filename),test/site-evidence-labels.test.mjs,medium,reviewed,glob-bundled; callers look up by relative name string held in twin-*.json data
DEP-0426,asset:twin/infrastructure/time-clock-131-133.jpg,src/assets/twin/infrastructure/time-clock-131-133.jpg,site-evidence-labels.clockLabel(),A-4 src/views/site-evidence.js,src/views/site-evidence.js:42,vite-import-glob,../assets/twin/infrastructure/time-clock-*.jpg,static (build-resolved glob; runtime lookup by filename),test/site-evidence-labels.test.mjs,medium,reviewed,"filename encodes suite with '-' for '.' (117-5, 135a) - a second suite-key normalization in use"
DEP-0427,asset:twin/infrastructure/time-clock-135a.jpg,src/assets/twin/infrastructure/time-clock-135a.jpg,asset-twin-sources.sourceImageURL(name) via import.meta.glob,A-3 src/views/asset-twin-sources.js,src/views/asset-twin-sources.js:6,vite-import-glob,"../assets/twin/**/*.{png,jpg} -> 'infrastructure/time-clock-135a.jpg'",static (build-resolved glob; runtime lookup by filename),test/site-evidence-labels.test.mjs,medium,reviewed,glob-bundled; callers look up by relative name string held in twin-*.json data
DEP-0428,asset:twin/infrastructure/time-clock-135a.jpg,src/assets/twin/infrastructure/time-clock-135a.jpg,site-evidence-labels.clockLabel(),A-4 src/views/site-evidence.js,src/views/site-evidence.js:42,vite-import-glob,../assets/twin/infrastructure/time-clock-*.jpg,static (build-resolved glob; runtime lookup by filename),test/site-evidence-labels.test.mjs,medium,reviewed,"filename encodes suite with '-' for '.' (117-5, 135a) - a second suite-key normalization in use"
DEP-0429,asset:twin/infrastructure/time-clock-137.jpg,src/assets/twin/infrastructure/time-clock-137.jpg,asset-twin-sources.sourceImageURL(name) via import.meta.glob,A-3 src/views/asset-twin-sources.js,src/views/asset-twin-sources.js:6,vite-import-glob,"../assets/twin/**/*.{png,jpg} -> 'infrastructure/time-clock-137.jpg'",static (build-resolved glob; runtime lookup by filename),,medium,reviewed,glob-bundled; callers look up by relative name string held in twin-*.json data
DEP-0430,asset:twin/infrastructure/time-clock-137.jpg,src/assets/twin/infrastructure/time-clock-137.jpg,site-evidence-labels.clockLabel(),A-4 src/views/site-evidence.js,src/views/site-evidence.js:42,vite-import-glob,../assets/twin/infrastructure/time-clock-*.jpg,static (build-resolved glob; runtime lookup by filename),,medium,reviewed,"filename encodes suite with '-' for '.' (117-5, 135a) - a second suite-key normalization in use"
DEP-0431,asset:twin/infrastructure/time-clock-141.jpg,src/assets/twin/infrastructure/time-clock-141.jpg,asset-twin-sources.sourceImageURL(name) via import.meta.glob,A-3 src/views/asset-twin-sources.js,src/views/asset-twin-sources.js:6,vite-import-glob,"../assets/twin/**/*.{png,jpg} -> 'infrastructure/time-clock-141.jpg'",static (build-resolved glob; runtime lookup by filename),,medium,reviewed,glob-bundled; callers look up by relative name string held in twin-*.json data
DEP-0432,asset:twin/infrastructure/time-clock-141.jpg,src/assets/twin/infrastructure/time-clock-141.jpg,site-evidence-labels.clockLabel(),A-4 src/views/site-evidence.js,src/views/site-evidence.js:42,vite-import-glob,../assets/twin/infrastructure/time-clock-*.jpg,static (build-resolved glob; runtime lookup by filename),,medium,reviewed,"filename encodes suite with '-' for '.' (117-5, 135a) - a second suite-key normalization in use"
DEP-0433,asset:twin/infrastructure/time-clock-143.jpg,src/assets/twin/infrastructure/time-clock-143.jpg,asset-twin-sources.sourceImageURL(name) via import.meta.glob,A-3 src/views/asset-twin-sources.js,src/views/asset-twin-sources.js:6,vite-import-glob,"../assets/twin/**/*.{png,jpg} -> 'infrastructure/time-clock-143.jpg'",static (build-resolved glob; runtime lookup by filename),,medium,reviewed,glob-bundled; callers look up by relative name string held in twin-*.json data
DEP-0434,asset:twin/infrastructure/time-clock-143.jpg,src/assets/twin/infrastructure/time-clock-143.jpg,site-evidence-labels.clockLabel(),A-4 src/views/site-evidence.js,src/views/site-evidence.js:42,vite-import-glob,../assets/twin/infrastructure/time-clock-*.jpg,static (build-resolved glob; runtime lookup by filename),,medium,reviewed,"filename encodes suite with '-' for '.' (117-5, 135a) - a second suite-key normalization in use"
DEP-0435,asset:twin/infrastructure/time-clock-145.jpg,src/assets/twin/infrastructure/time-clock-145.jpg,asset-twin-sources.sourceImageURL(name) via import.meta.glob,A-3 src/views/asset-twin-sources.js,src/views/asset-twin-sources.js:6,vite-import-glob,"../assets/twin/**/*.{png,jpg} -> 'infrastructure/time-clock-145.jpg'",static (build-resolved glob; runtime lookup by filename),,medium,reviewed,glob-bundled; callers look up by relative name string held in twin-*.json data
DEP-0436,asset:twin/infrastructure/time-clock-145.jpg,src/assets/twin/infrastructure/time-clock-145.jpg,site-evidence-labels.clockLabel(),A-4 src/views/site-evidence.js,src/views/site-evidence.js:42,vite-import-glob,../assets/twin/infrastructure/time-clock-*.jpg,static (build-resolved glob; runtime lookup by filename),,medium,reviewed,"filename encodes suite with '-' for '.' (117-5, 135a) - a second suite-key normalization in use"
DEP-0437,asset:twin/infrastructure/time-clock-149.jpg,src/assets/twin/infrastructure/time-clock-149.jpg,asset-twin-sources.sourceImageURL(name) via import.meta.glob,A-3 src/views/asset-twin-sources.js,src/views/asset-twin-sources.js:6,vite-import-glob,"../assets/twin/**/*.{png,jpg} -> 'infrastructure/time-clock-149.jpg'",static (build-resolved glob; runtime lookup by filename),,medium,reviewed,glob-bundled; callers look up by relative name string held in twin-*.json data
DEP-0438,asset:twin/infrastructure/time-clock-149.jpg,src/assets/twin/infrastructure/time-clock-149.jpg,site-evidence-labels.clockLabel(),A-4 src/views/site-evidence.js,src/views/site-evidence.js:42,vite-import-glob,../assets/twin/infrastructure/time-clock-*.jpg,static (build-resolved glob; runtime lookup by filename),,medium,reviewed,"filename encodes suite with '-' for '.' (117-5, 135a) - a second suite-key normalization in use"
DEP-0439,asset:twin/infrastructure/water-shutoff-map.png,src/assets/twin/infrastructure/water-shutoff-map.png,asset-twin-sources.sourceImageURL(name) via import.meta.glob,A-3 src/views/asset-twin-sources.js,src/views/asset-twin-sources.js:6,vite-import-glob,"../assets/twin/**/*.{png,jpg} -> 'infrastructure/water-shutoff-map.png'",static (build-resolved glob; runtime lookup by filename),test/twin-water-registration.test.mjs,medium,reviewed,glob-bundled; callers look up by relative name string held in twin-*.json data
DEP-0440,asset:twin/plans/101-first.png,src/assets/twin/plans/101-first.png,asset-twin-sources.sourceImageURL(name) via import.meta.glob,A-3 src/views/asset-twin-sources.js,src/views/asset-twin-sources.js:6,vite-import-glob,"../assets/twin/**/*.{png,jpg} -> 'plans/101-first.png'",static (build-resolved glob; runtime lookup by filename),,medium,reviewed,glob-bundled; callers look up by relative name string held in twin-*.json data
DEP-0441,asset:twin/plans/101-second.png,src/assets/twin/plans/101-second.png,asset-twin-sources.sourceImageURL(name) via import.meta.glob,A-3 src/views/asset-twin-sources.js,src/views/asset-twin-sources.js:6,vite-import-glob,"../assets/twin/**/*.{png,jpg} -> 'plans/101-second.png'",static (build-resolved glob; runtime lookup by filename),,medium,reviewed,glob-bundled; callers look up by relative name string held in twin-*.json data
DEP-0442,asset:twin/plans/103-first.png,src/assets/twin/plans/103-first.png,asset-twin-sources.sourceImageURL(name) via import.meta.glob,A-3 src/views/asset-twin-sources.js,src/views/asset-twin-sources.js:6,vite-import-glob,"../assets/twin/**/*.{png,jpg} -> 'plans/103-first.png'",static (build-resolved glob; runtime lookup by filename),,medium,reviewed,glob-bundled; callers look up by relative name string held in twin-*.json data
DEP-0443,asset:twin/plans/103-second.png,src/assets/twin/plans/103-second.png,asset-twin-sources.sourceImageURL(name) via import.meta.glob,A-3 src/views/asset-twin-sources.js,src/views/asset-twin-sources.js:6,vite-import-glob,"../assets/twin/**/*.{png,jpg} -> 'plans/103-second.png'",static (build-resolved glob; runtime lookup by filename),,medium,reviewed,glob-bundled; callers look up by relative name string held in twin-*.json data
DEP-0444,public:draco/draco_decoder.wasm,public/draco/draco_decoder.wasm,three DRACOLoader.setDecoderPath (loader appends filename),A-2 src/lib/scenegoogle.js,src/lib/scenegoogle.js:85,template-built-url,import.meta.env.BASE_URL + 'draco/',dynamic,,high,reviewed,directory-level reference; filenames fixed by three.js DRACOLoader; A-2 Google 3D tiles lens
DEP-0445,public:draco/draco_wasm_wrapper.js,public/draco/draco_wasm_wrapper.js,three DRACOLoader.setDecoderPath (loader appends filename),A-2 src/lib/scenegoogle.js,src/lib/scenegoogle.js:85,template-built-url,import.meta.env.BASE_URL + 'draco/',dynamic,,high,reviewed,directory-level reference; filenames fixed by three.js DRACOLoader; A-2 Google 3D tiles lens
DEP-0446,file:reference/plat-full-72.png,reference/plat-full-72.png,none (direct),A-2 src/views/command.js,src/views/command.js:5,vite-url-import,../../reference/plat-full-72.png?url,static,test/command-evidence.test.mjs,high,reviewed,outside src/ and public/; bundled by Vite
DEP-0447,supabase:table:api_usage,supabase/migrations/20260710182958_api_usage_rate_limit.sql,,NONE (no direct client/api reference found),,none-found,api_usage,,,low,reviewed,"may be reached via RPC/trigger/SQL function, dropped later, or server-only; not verified against live DB"
DEP-0448,supabase:table:app_secrets,supabase/migrations/20260716205410_auto_trigger_threads.sql,,NONE (no direct client/api reference found),,none-found,app_secrets,,,low,reviewed,"may be reached via RPC/trigger/SQL function, dropped later, or server-only; not verified against live DB"
DEP-0449,supabase:table:authorized_emails,supabase/migrations/20260708211923_owner_email_allowlist.sql,supabase-js query,MULTI(20) src/lib/remote.js,src/lib/remote.js:349,supabase-table,authorized_emails,"dynamic (network, RLS-gated)",test/local-review.test.mjs;test/maintenance-asset-twin.test.mjs;test/physical-asset-evidence-remote.test.mjs;test/seed-privacy.test.mjs;test/state-storage.test.mjs,high,reviewed,schema/RLS change or rename breaks at runtime only
DEP-0450,supabase:table:board_state,supabase/migrations/20260804101425_typed_layers.sql,statesync/layers registry (row diff sync),MULTI(23) src/lib/layers.js,src/lib/layers.js:121,supabase-table,board_state,"dynamic (network, RLS-gated)",test/layers-rows.test.mjs;test/layers.test.mjs;test/statesync.test.mjs,high,reviewed,schema/RLS change or rename breaks at runtime only
DEP-0451,supabase:bucket:assets,supabase/migrations/20260620122947_otb_storage_assets.sql,bucketstore/assets adapter,A-1/K-1/B-1/DRAWER src/lib/assets.js,src/lib/assets.js:21,supabase-storage,assets,"dynamic (network, RLS-gated)",test/asset-twin-scene-math.test.mjs,high,reviewed,schema/RLS change or rename breaks at runtime only
DEP-0452,supabase:bucket:documents,supabase/migrations/20260707173305_documents_bucket_and_policies.sql,bucketstore/assets adapter,T-1/K-1/N-1/DRAWER src/lib/docs.js,src/lib/docs.js:18,supabase-storage,documents,"dynamic (network, RLS-gated)",test/docs.test.mjs;test/matters.test.mjs,high,reviewed,schema/RLS change or rename breaks at runtime only
DEP-0453,supabase:bucket:documents,supabase/migrations/20260707173305_documents_bucket_and_policies.sql,bucketstore/assets adapter,DRAWER src/lib/leaseUI.js,src/lib/leaseUI.js:196,supabase-storage,documents,"dynamic (network, RLS-gated)",test/client-privacy.test.mjs;test/leaseui.test.mjs;test/seed-privacy.test.mjs,high,reviewed,schema/RLS change or rename breaks at runtime only
DEP-0454,supabase:bucket:maintenance-photos,supabase/migrations/20260723170000_maintenance_module.sql,bucketstore/assets adapter,SHELL/D-0/A-3/W-1/M-1/V-1 src/lib/maintenance.js,src/lib/maintenance.js:97,supabase-storage,maintenance-photos,"dynamic (network, RLS-gated)",test/maintenance-asset-twin.test.mjs;test/maintenance.test.mjs;test/voicecall.test.mjs,high,reviewed,schema/RLS change or rename breaks at runtime only
DEP-0455,supabase:bucket:physical-asset-photos,supabase/migrations/20260924120000_physical_assets.sql,bucketstore/assets adapter,SHELL/D-0/A-3/W-1/M-1/V-1 src/lib/physical-assets.js,src/lib/physical-assets.js:32,supabase-storage,physical-asset-photos,"dynamic (network, RLS-gated)",test/maintenance-asset-twin.test.mjs;test/physical-asset-evidence-remote.test.mjs,high,reviewed,schema/RLS change or rename breaks at runtime only
DEP-0456,supabase:bucket:safe,supabase/migrations/20260707194616_owner_safe_bucket_log_policies.sql,bucketstore/assets adapter,S-1 src/lib/safe.js,src/lib/safe.js:28,supabase-storage,safe,"dynamic (network, RLS-gated)",test/atlas-numbers.test.mjs;test/pages.test.mjs;test/router.test.mjs;test/safe.test.mjs,high,reviewed,schema/RLS change or rename breaks at runtime only
DEP-0457,supabase:bucket:tour,supabase/migrations/20260918150000_tour_bucket.sql,bucketstore/assets adapter,B-1 src/lib/tour.js,src/lib/tour.js:11,supabase-storage,tour,"dynamic (network, RLS-gated)",test/deals.test.mjs;test/marketing.test.mjs;test/site-exterior-headers.test.mjs;test/voicecall.test.mjs,high,reviewed,schema/RLS change or rename breaks at runtime only
DEP-0458,supabase:bucket:vendor-docs,supabase/migrations/20260708111850_vendor_portal_p3.sql,bucketstore/assets adapter,V-1 src/lib/vendors.js,src/lib/vendors.js:54,supabase-storage,vendor-docs,"dynamic (network, RLS-gated)",test/vendors.test.mjs,high,reviewed,schema/RLS change or rename breaks at runtime only
DEP-0459,supabase:table:camera_overrides,supabase/migrations/20260804101425_typed_layers.sql,statesync/layers registry (row diff sync),MULTI(23) src/lib/layers.js,src/lib/layers.js:143,supabase-table,camera_overrides,"dynamic (network, RLS-gated)",test/layers-rows.test.mjs;test/layers.test.mjs;test/statesync.test.mjs,high,reviewed,camera_id keyed overrides of src/data/cameras.json; schema/RLS change or rename breaks at runtime only
DEP-0460,supabase:table:chat_messages,supabase/migrations/20260708181505_agent_desk_transcripts.sql,supabase-js query,AI-1 src/views/concierge.js,src/views/concierge.js:205,supabase-table,chat_messages,"dynamic (network, RLS-gated)",test/autotrigger.test.mjs;test/concierge.test.mjs,high,reviewed,schema/RLS change or rename breaks at runtime only
DEP-0461,supabase:table:chat_messages,supabase/migrations/20260708181505_agent_desk_transcripts.sql,supabase-js query,API api/concierge.js,api/concierge.js:115,supabase-rest,chat_messages,"dynamic (network, RLS-gated)",test/autotrigger.test.mjs;test/concierge.test.mjs,high,reviewed,schema/RLS change or rename breaks at runtime only
DEP-0462,supabase:table:chat_threads,supabase/migrations/20260708181505_agent_desk_transcripts.sql,supabase-js query,AI-1 src/views/concierge.js,src/views/concierge.js:196,supabase-table,chat_threads,"dynamic (network, RLS-gated)",test/autotrigger.test.mjs;test/concierge.test.mjs,high,reviewed,schema/RLS change or rename breaks at runtime only
DEP-0463,supabase:table:chat_threads,supabase/migrations/20260708181505_agent_desk_transcripts.sql,supabase-js query,API api/concierge.js,api/concierge.js:103,supabase-rest,chat_threads,"dynamic (network, RLS-gated)",test/autotrigger.test.mjs;test/concierge.test.mjs,high,reviewed,schema/RLS change or rename breaks at runtime only
DEP-0464,supabase:table:client_errors,supabase/migrations/20260805030624_client_error_log.sql,supabase-js query,MULTI(20) src/lib/remote.js,src/lib/remote.js:336,supabase-table,client_errors,"dynamic (network, RLS-gated)",test/local-review.test.mjs;test/maintenance-asset-twin.test.mjs;test/physical-asset-evidence-remote.test.mjs;test/seed-privacy.test.mjs;test/state-storage.test.mjs,high,reviewed,schema/RLS change or rename breaks at runtime only
DEP-0465,supabase:table:comm_log,supabase/migrations/20260829170500_comms_matters_deals.sql,supabase-js query,D-1/L-1/M-1 src/lib/comms.js,src/lib/comms.js:62,supabase-table,comm_log,"dynamic (network, RLS-gated)",test/comms.test.mjs,high,reviewed,schema/RLS change or rename breaks at runtime only
DEP-0466,supabase:table:comm_log,supabase/migrations/20260829170500_comms_matters_deals.sql,supabase-js query,T-1/N-1 src/lib/matters.js,src/lib/matters.js:104,supabase-table,comm_log,"dynamic (network, RLS-gated)",test/matters.test.mjs,high,reviewed,schema/RLS change or rename breaks at runtime only
DEP-0467,supabase:table:comp_state,supabase/migrations/20260804101425_typed_layers.sql,statesync/layers registry (row diff sync),MULTI(23) src/lib/layers.js,src/lib/layers.js:103,supabase-table,comp_state,"dynamic (network, RLS-gated)",test/layers-rows.test.mjs;test/layers.test.mjs;test/statesync.test.mjs,high,reviewed,unit x field compliance; schema/RLS change or rename breaks at runtime only
DEP-0468,supabase:table:compliance_events,supabase/migrations/20260720222223_compliance_event_log.sql,supabase-js query,MULTI(20) src/lib/remote.js,src/lib/remote.js:164,supabase-table,compliance_events,"dynamic (network, RLS-gated)",test/local-review.test.mjs;test/maintenance-asset-twin.test.mjs;test/physical-asset-evidence-remote.test.mjs;test/seed-privacy.test.mjs;test/state-storage.test.mjs,high,reviewed,schema/RLS change or rename breaks at runtime only
DEP-0469,supabase:table:cron_heartbeats,supabase/migrations/20260805025709_cron_heartbeat.sql,supabase-js query,MULTI(20) src/lib/remote.js,src/lib/remote.js:293,supabase-table,cron_heartbeats,"dynamic (network, RLS-gated)",test/local-review.test.mjs;test/maintenance-asset-twin.test.mjs;test/physical-asset-evidence-remote.test.mjs;test/seed-privacy.test.mjs;test/state-storage.test.mjs,high,reviewed,schema/RLS change or rename breaks at runtime only
DEP-0470,supabase:table:deals,supabase/migrations/20260829170500_comms_matters_deals.sql,supabase-js query,W-1 src/lib/deals.js,src/lib/deals.js:21,supabase-table,deals,"dynamic (network, RLS-gated)",test/deals.test.mjs,high,reviewed,schema/RLS change or rename breaks at runtime only
DEP-0471,supabase:table:directory_state,supabase/migrations/20260804101425_typed_layers.sql,statesync/layers registry (row diff sync),MULTI(23) src/lib/layers.js,src/lib/layers.js:123,supabase-table,directory_state,"dynamic (network, RLS-gated)",test/layers-rows.test.mjs;test/layers.test.mjs;test/statesync.test.mjs,high,reviewed,schema/RLS change or rename breaks at runtime only
DEP-0472,supabase:table:esign_requests,supabase/migrations/20260725100000_esign_requests.sql,supabase-js query,DRAWER src/lib/esignUI.js,src/lib/esignUI.js:41,supabase-table,esign_requests,"dynamic (network, RLS-gated)",,high,reviewed,schema/RLS change or rename breaks at runtime only
DEP-0473,supabase:table:esign_requests,supabase/migrations/20260725100000_esign_requests.sql,supabase-js query,DRAWER src/lib/leaseUI.js,src/lib/leaseUI.js:200,supabase-table,esign_requests,"dynamic (network, RLS-gated)",test/client-privacy.test.mjs;test/leaseui.test.mjs;test/seed-privacy.test.mjs,high,reviewed,schema/RLS change or rename breaks at runtime only
DEP-0474,supabase:table:governance_items,supabase/migrations/20260829210000_governance_items.sql,supabase-js query,S-1/T-1 src/lib/governance.js,src/lib/governance.js:98,supabase-table,governance_items,"dynamic (network, RLS-gated)",test/governance.test.mjs;test/matters.test.mjs,high,reviewed,schema/RLS change or rename breaks at runtime only
DEP-0475,supabase:table:hvac_contracts,supabase/migrations/20260911130000_hvac_contracts.sql,supabase-js query,A-3/T-1/DRAWER src/lib/hvac.js,src/lib/hvac.js:146,supabase-table,hvac_contracts,"dynamic (network, RLS-gated)",test/comms.test.mjs;test/hvac.test.mjs;test/physical-assets.test.mjs;test/planviews.test.mjs,high,reviewed,schema/RLS change or rename breaks at runtime only
DEP-0476,supabase:table:hvac_units,supabase/migrations/20260829170000_ac_harvest_tables.sql,supabase-js query,A-3/T-1/DRAWER src/lib/hvac.js,src/lib/hvac.js:163,supabase-table,hvac_units,"dynamic (network, RLS-gated)",test/comms.test.mjs;test/hvac.test.mjs;test/physical-assets.test.mjs;test/planviews.test.mjs,high,reviewed,AC-harvest HVAC systems keyed by text id + unit; schema/RLS change or rename breaks at runtime only
DEP-0477,supabase:table:invoices,supabase/migrations/20260911120000_invoices.sql,supabase-js query,MULTI(20) src/lib/remote.js,src/lib/remote.js:218,supabase-table,invoices,"dynamic (network, RLS-gated)",test/local-review.test.mjs;test/maintenance-asset-twin.test.mjs;test/physical-asset-evidence-remote.test.mjs;test/seed-privacy.test.mjs;test/state-storage.test.mjs,high,reviewed,schema/RLS change or rename breaks at runtime only
DEP-0478,supabase:table:layer_settings,supabase/migrations/20260804101425_typed_layers.sql,statesync/layers registry (row diff sync),MULTI(23) src/lib/layers.js,src/lib/layers.js:127,supabase-table,layer_settings,"dynamic (network, RLS-gated)",test/layers-rows.test.mjs;test/layers.test.mjs;test/statesync.test.mjs,high,reviewed,schema/RLS change or rename breaks at runtime only
DEP-0479,supabase:table:lease_abstracts,supabase/migrations/20260829170000_ac_harvest_tables.sql,supabase-js query,T-1/DRAWER src/lib/leaseref.js,src/lib/leaseref.js:17,supabase-table,lease_abstracts,"dynamic (network, RLS-gated)",test/leaseref.test.mjs,high,reviewed,lease abstracts (unit-keyed); schema/RLS change or rename breaks at runtime only
DEP-0480,supabase:table:ledger_entries,supabase/migrations/20260721223852_ledger_lite.sql,supabase-js query,MULTI(20) src/lib/remote.js,src/lib/remote.js:185,supabase-table,ledger_entries,"dynamic (network, RLS-gated)",test/local-review.test.mjs;test/maintenance-asset-twin.test.mjs;test/physical-asset-evidence-remote.test.mjs;test/seed-privacy.test.mjs;test/state-storage.test.mjs,high,reviewed,schema/RLS change or rename breaks at runtime only
DEP-0481,supabase:table:maintenance_events,supabase/migrations/20260723170000_maintenance_module.sql,supabase-js query,SHELL/D-0/A-3/W-1/M-1/V-1 src/lib/maintenance.js,src/lib/maintenance.js:121,supabase-table,maintenance_events,"dynamic (network, RLS-gated)",test/maintenance-asset-twin.test.mjs;test/maintenance.test.mjs;test/voicecall.test.mjs,high,reviewed,schema/RLS change or rename breaks at runtime only
DEP-0482,supabase:table:maintenance_events,supabase/migrations/20260723170000_maintenance_module.sql,supabase-js query,MULTI(20) src/lib/remote.js,src/lib/remote.js:259,supabase-table,maintenance_events,"dynamic (network, RLS-gated)",test/local-review.test.mjs;test/maintenance-asset-twin.test.mjs;test/physical-asset-evidence-remote.test.mjs;test/seed-privacy.test.mjs;test/state-storage.test.mjs,high,reviewed,schema/RLS change or rename breaks at runtime only
DEP-0483,supabase:table:maintenance_events,supabase/migrations/20260723170000_maintenance_module.sql,supabase-js query,API api/_maintenance-read.mjs,api/_maintenance-read.mjs:23,supabase-rest,maintenance_events,"dynamic (network, RLS-gated)",test/maintenance-evidence.test.mjs,high,reviewed,schema/RLS change or rename breaks at runtime only
DEP-0484,supabase:table:maintenance_requests,supabase/migrations/20260723170000_maintenance_module.sql,supabase-js query,SHELL/D-0/A-3/W-1/M-1/V-1 src/lib/maintenance.js,src/lib/maintenance.js:120,supabase-table,maintenance_requests,"dynamic (network, RLS-gated)",test/maintenance-asset-twin.test.mjs;test/maintenance.test.mjs;test/voicecall.test.mjs,high,reviewed,unit-scoped work orders; schema/RLS change or rename breaks at runtime only
DEP-0485,supabase:table:maintenance_requests,supabase/migrations/20260723170000_maintenance_module.sql,supabase-js query,MULTI(20) src/lib/remote.js,src/lib/remote.js:258,supabase-table,maintenance_requests,"dynamic (network, RLS-gated)",test/local-review.test.mjs;test/maintenance-asset-twin.test.mjs;test/physical-asset-evidence-remote.test.mjs;test/seed-privacy.test.mjs;test/state-storage.test.mjs,high,reviewed,unit-scoped work orders; schema/RLS change or rename breaks at runtime only
DEP-0486,supabase:table:maintenance_requests,supabase/migrations/20260723170000_maintenance_module.sql,supabase-js query,API api/_maintenance-read.mjs,api/_maintenance-read.mjs:19,supabase-rest,maintenance_requests,"dynamic (network, RLS-gated)",test/maintenance-evidence.test.mjs,high,reviewed,unit-scoped work orders; schema/RLS change or rename breaks at runtime only
DEP-0487,supabase:table:matters,supabase/migrations/20260829170500_comms_matters_deals.sql,supabase-js query,T-1/N-1 src/lib/matters.js,src/lib/matters.js:91,supabase-table,matters,"dynamic (network, RLS-gated)",test/matters.test.mjs,high,reviewed,schema/RLS change or rename breaks at runtime only
DEP-0488,supabase:table:occupancy_samples,supabase/migrations/20260722212237_c3_occupancy.sql,supabase-js query,MULTI(20) src/lib/remote.js,src/lib/remote.js:271,supabase-table,occupancy_samples,"dynamic (network, RLS-gated)",test/local-review.test.mjs;test/maintenance-asset-twin.test.mjs;test/physical-asset-evidence-remote.test.mjs;test/seed-privacy.test.mjs;test/state-storage.test.mjs,high,reviewed,schema/RLS change or rename breaks at runtime only
DEP-0489,supabase:table:org_members,supabase/migrations/20260802014818_phase_b_foundation.sql,supabase-js query,API api/_seed-auth.mjs,api/_seed-auth.mjs:21,supabase-rest,org_members,"dynamic (network, RLS-gated)",test/atlas-numbers.test.mjs;test/seed-auth.test.mjs,high,reviewed,schema/RLS change or rename breaks at runtime only
DEP-0490,supabase:table:orgs,supabase/migrations/20260802014818_phase_b_foundation.sql,supabase-js query,API api/_seed-auth.mjs,api/_seed-auth.mjs:13,supabase-rest,orgs,"dynamic (network, RLS-gated)",test/atlas-numbers.test.mjs;test/seed-auth.test.mjs,high,reviewed,schema/RLS change or rename breaks at runtime only
DEP-0491,supabase:table:owner_briefs,supabase/migrations/20260717160451_owner_intelligence_briefs.sql,supabase-js query,S-1 src/lib/boardreport.js,src/lib/boardreport.js:372,supabase-table,owner_briefs,"dynamic (network, RLS-gated)",test/boardreport.test.mjs,high,reviewed,schema/RLS change or rename breaks at runtime only
DEP-0492,supabase:table:owner_briefs,supabase/migrations/20260717160451_owner_intelligence_briefs.sql,supabase-js query,AI-1 src/views/concierge.js,src/views/concierge.js:124,supabase-table,owner_briefs,"dynamic (network, RLS-gated)",test/autotrigger.test.mjs;test/concierge.test.mjs,high,reviewed,schema/RLS change or rename breaks at runtime only
DEP-0493,supabase:table:payment_history,supabase/migrations/20260829170000_ac_harvest_tables.sql,supabase-js query,P-1/S-1/DRAWER src/lib/payhistory.js,src/lib/payhistory.js:18,supabase-table,payment_history,"dynamic (network, RLS-gated)",test/payhistory.test.mjs,high,reviewed,schema/RLS change or rename breaks at runtime only
DEP-0494,supabase:table:physical_asset_bindings,supabase/migrations/20260924120000_physical_assets.sql,supabase-js query,SHELL/D-0/A-3/W-1/M-1/V-1 src/lib/physical-assets.js,src/lib/physical-assets.js:186,supabase-table,physical_asset_bindings,"dynamic (network, RLS-gated)",test/maintenance-asset-twin.test.mjs;test/physical-asset-evidence-remote.test.mjs,high,reviewed,"source_key -> pa_ id (unit:<id>, model:<model>:column:<id>); schema/RLS change or rename breaks at runtime only"
DEP-0495,supabase:table:physical_asset_inspections,supabase/migrations/20260924120000_physical_assets.sql,supabase-js query,SHELL/D-0/A-3/W-1/M-1/V-1 src/lib/physical-assets.js,src/lib/physical-assets.js:265,supabase-table,physical_asset_inspections,"dynamic (network, RLS-gated)",test/maintenance-asset-twin.test.mjs;test/physical-asset-evidence-remote.test.mjs,high,reviewed,pai_ inspections; schema/RLS change or rename breaks at runtime only
DEP-0496,supabase:table:physical_asset_photos,supabase/migrations/20260924120000_physical_assets.sql,supabase-js query,SHELL/D-0/A-3/W-1/M-1/V-1 src/lib/physical-assets.js,src/lib/physical-assets.js:287,supabase-table,physical_asset_photos,"dynamic (network, RLS-gated)",test/maintenance-asset-twin.test.mjs;test/physical-asset-evidence-remote.test.mjs,high,reviewed,photo rows for physical-asset-photos bucket; schema/RLS change or rename breaks at runtime only
DEP-0497,supabase:table:physical_assets,supabase/migrations/20260924120000_physical_assets.sql,supabase-js query via table-name list/config,SHELL/D-0/A-3/W-1/M-1/V-1 src/lib/physical-assets.js,src/lib/physical-assets.js:69,supabase-table-name-string,physical_assets,"dynamic (network, RLS-gated)",test/maintenance-asset-twin.test.mjs;test/physical-asset-evidence-remote.test.mjs,high,reviewed,A-3 permanent asset identity pa_<uuidv4>; table name held in a list/config then passed to sb.from()/REST
DEP-0498,supabase:table:profiles,supabase/migrations/20260620122933_otb_core_schema.sql,supabase-js query,MULTI(20) src/lib/remote.js,src/lib/remote.js:86,supabase-table,profiles,"dynamic (network, RLS-gated)",test/local-review.test.mjs;test/maintenance-asset-twin.test.mjs;test/physical-asset-evidence-remote.test.mjs;test/seed-privacy.test.mjs;test/state-storage.test.mjs,high,reviewed,schema/RLS change or rename breaks at runtime only
DEP-0499,supabase:table:profiles,supabase/migrations/20260620122933_otb_core_schema.sql,supabase-js query,API api/_auth.mjs,api/_auth.mjs:39,supabase-rest,profiles,"dynamic (network, RLS-gated)",test/ratelimit.test.mjs,high,reviewed,schema/RLS change or rename breaks at runtime only
DEP-0500,supabase:table:properties,supabase/migrations/20260802014818_phase_b_foundation.sql,supabase-js query,MULTI(20) src/lib/remote.js,src/lib/remote.js:46,supabase-table,properties,"dynamic (network, RLS-gated)",test/local-review.test.mjs;test/maintenance-asset-twin.test.mjs;test/physical-asset-evidence-remote.test.mjs;test/seed-privacy.test.mjs;test/state-storage.test.mjs,high,reviewed,property uuid + slug + facts jsonb (identifiers); schema/RLS change or rename breaks at runtime only
DEP-0501,supabase:table:properties,supabase/migrations/20260802014818_phase_b_foundation.sql,supabase-js query,API api/_seed-auth.mjs,api/_seed-auth.mjs:17,supabase-rest,properties,"dynamic (network, RLS-gated)",test/atlas-numbers.test.mjs;test/seed-auth.test.mjs,high,reviewed,property uuid + slug + facts jsonb (identifiers); schema/RLS change or rename breaks at runtime only
DEP-0502,supabase:table:properties,supabase/migrations/20260802014818_phase_b_foundation.sql,supabase-js query,API api/_supa.mjs,api/_supa.mjs:62,supabase-rest,properties,"dynamic (network, RLS-gated)",test/preview-isolation.test.mjs,high,reviewed,property uuid + slug + facts jsonb (identifiers); schema/RLS change or rename breaks at runtime only
DEP-0503,supabase:table:property_settings,supabase/migrations/20260802014818_phase_b_foundation.sql,,NONE (no direct client/api reference found),,none-found,property_settings,,,low,reviewed,"may be reached via RPC/trigger/SQL function, dropped later, or server-only; not verified against live DB"
DEP-0504,supabase:table:property_state,supabase/migrations/20260620122933_otb_core_schema.sql,,NONE (no direct client/api reference found),,none-found,property_state,,,low,reviewed,"may be reached via RPC/trigger/SQL function, dropped later, or server-only; not verified against live DB"
DEP-0505,supabase:table:rent_escalation_ref,supabase/migrations/20260829170000_ac_harvest_tables.sql,supabase-js query,T-1/DRAWER src/lib/leaseref.js,src/lib/leaseref.js:18,supabase-table,rent_escalation_ref,"dynamic (network, RLS-gated)",test/leaseref.test.mjs,high,reviewed,schema/RLS change or rename breaks at runtime only
DEP-0506,supabase:table:safe_log,supabase/migrations/20260707194616_owner_safe_bucket_log_policies.sql,supabase-js query via table-name list/config,S-1 src/lib/safe.js,src/lib/safe.js:29,supabase-table-name-string,safe_log,"dynamic (network, RLS-gated)",test/atlas-numbers.test.mjs;test/pages.test.mjs;test/router.test.mjs;test/safe.test.mjs,high,reviewed,table name held in a list/config then passed to sb.from()/REST
DEP-0507,supabase:table:signin_log,supabase/migrations/20260917120000_signin_log.sql,supabase-js query,MULTI(20) src/lib/remote.js,src/lib/remote.js:327,supabase-table,signin_log,"dynamic (network, RLS-gated)",test/local-review.test.mjs;test/maintenance-asset-twin.test.mjs;test/physical-asset-evidence-remote.test.mjs;test/seed-privacy.test.mjs;test/state-storage.test.mjs,high,reviewed,schema/RLS change or rename breaks at runtime only
DEP-0508,supabase:table:site_features,supabase/migrations/20260804101425_typed_layers.sql,statesync/layers registry (row diff sync),MULTI(23) src/lib/layers.js,src/lib/layers.js:136,supabase-table,site_features,"dynamic (network, RLS-gated)",test/layers-rows.test.mjs;test/layers.test.mjs;test/statesync.test.mjs,high,reviewed,A-1 📍 feature pins (plan-px x/y); siteassets PIN_CAT -> register category; schema/RLS change or rename breaks at runtime only
DEP-0509,supabase:table:sop_assignments,supabase/migrations/20260825170000_sop_module.sql,supabase-js query,O-1 src/lib/sop.js,src/lib/sop.js:269,supabase-table,sop_assignments,"dynamic (network, RLS-gated)",test/sop.test.mjs,high,reviewed,schema/RLS change or rename breaks at runtime only
DEP-0510,supabase:table:sop_categories,supabase/migrations/20260825170000_sop_module.sql,supabase-js query,O-1 src/lib/sop.js,src/lib/sop.js:209,supabase-table,sop_categories,"dynamic (network, RLS-gated)",test/sop.test.mjs,high,reviewed,schema/RLS change or rename breaks at runtime only
DEP-0511,supabase:table:sop_completions,supabase/migrations/20260825170000_sop_module.sql,supabase-js query,O-1 src/lib/sop.js,src/lib/sop.js:195,supabase-table,sop_completions,"dynamic (network, RLS-gated)",test/sop.test.mjs,high,reviewed,schema/RLS change or rename breaks at runtime only
DEP-0512,supabase:table:sop_procedures,supabase/migrations/20260825170000_sop_module.sql,supabase-js query,O-1 src/lib/sop.js,src/lib/sop.js:230,supabase-table,sop_procedures,"dynamic (network, RLS-gated)",test/sop.test.mjs,high,reviewed,schema/RLS change or rename breaks at runtime only
DEP-0513,supabase:table:sop_steps,supabase/migrations/20260825170000_sop_module.sql,supabase-js query,O-1 src/lib/sop.js,src/lib/sop.js:247,supabase-table,sop_steps,"dynamic (network, RLS-gated)",test/sop.test.mjs,high,reviewed,schema/RLS change or rename breaks at runtime only
DEP-0514,supabase:table:tenant_contacts,supabase/migrations/20260723170000_maintenance_module.sql,supabase-js query,SHELL/D-0/A-3/W-1/M-1/V-1 src/lib/maintenance.js,src/lib/maintenance.js:183,supabase-table,tenant_contacts,"dynamic (network, RLS-gated)",test/maintenance-asset-twin.test.mjs;test/maintenance.test.mjs;test/voicecall.test.mjs,high,reviewed,tenant login -> unit scope (email PK; property_id TEXT 'otb'); schema/RLS change or rename breaks at runtime only
DEP-0515,supabase:table:tenant_contacts,supabase/migrations/20260723170000_maintenance_module.sql,supabase-js query,M-1 src/views/maintenance.js,src/views/maintenance.js:259,supabase-table,tenant_contacts,"dynamic (network, RLS-gated)",test/maintenance-asset-twin.test.mjs;test/maintenance.test.mjs;test/voicecall.test.mjs,high,reviewed,tenant login -> unit scope (email PK; property_id TEXT 'otb'); schema/RLS change or rename breaks at runtime only
DEP-0516,supabase:table:tour_bookings,supabase/migrations/20260724120000_a3_voice_lines.sql,,NONE (no direct client/api reference found),,none-found,tour_bookings,,,low,reviewed,"may be reached via RPC/trigger/SQL function, dropped later, or server-only; not verified against live DB"
DEP-0517,supabase:table:unit_notes,supabase/migrations/20260804101425_typed_layers.sql,statesync/layers registry (row diff sync),MULTI(23) src/lib/layers.js,src/lib/layers.js:117,supabase-table,unit_notes,"dynamic (network, RLS-gated)",test/layers-rows.test.mjs;test/layers.test.mjs;test/statesync.test.mjs,high,reviewed,unit-keyed notes; schema/RLS change or rename breaks at runtime only
DEP-0518,supabase:table:vendor_log,supabase/migrations/20260708111850_vendor_portal_p3.sql,supabase-js query via table-name list/config,V-1 src/lib/vendors.js,src/lib/vendors.js:55,supabase-table-name-string,vendor_log,"dynamic (network, RLS-gated)",test/vendors.test.mjs,high,reviewed,table name held in a list/config then passed to sb.from()/REST
DEP-0519,supabase:table:vendors,supabase/migrations/20260708111850_vendor_portal_p3.sql,supabase-js query,V-1 src/lib/vendors.js,src/lib/vendors.js:43,supabase-table,vendors,"dynamic (network, RLS-gated)",test/vendors.test.mjs,high,reviewed,schema/RLS change or rename breaks at runtime only
DEP-0520,supabase:table:vendors,supabase/migrations/20260708111850_vendor_portal_p3.sql,supabase-js query,V-1 src/views/vendorportal.js,src/views/vendorportal.js:240,supabase-table,vendors,"dynamic (network, RLS-gated)",,high,reviewed,schema/RLS change or rename breaks at runtime only
DEP-0521,supabase:table:voice_calls,supabase/migrations/20260724120000_a3_voice_lines.sql,,NONE (no direct client/api reference found),,none-found,voice_calls,,,low,reviewed,"may be reached via RPC/trigger/SQL function, dropped later, or server-only; not verified against live DB"
DEP-0522,supabase:table:voice_settings,supabase/migrations/20260724120000_a3_voice_lines.sql,,NONE (no direct client/api reference found),,none-found,voice_settings,,,low,reviewed,"may be reached via RPC/trigger/SQL function, dropped later, or server-only; not verified against live DB"
DEP-0523,public:brand/cypress/favicon.svg,public/brand/cypress/favicon.svg (MISSING),none (direct),TOUR tour.html,tour.html:8,html-href,/brand/cypress/favicon.svg,static,,medium,reviewed,"BROKEN LINK: target file does not exist in public/brand/cypress (only favicon.ico, app-icon-180.png); /tour favicon 404s. Report only - not fixed (read-only audit)"
