  0
SECTION
  2
HEADER
  9
$ACADVER
  1
AC1014
  9
$ACADMAINTVER
 70
     9
  9
$DWGCODEPAGE
  3
ANSI_1252
  9
$INSBASE
 10
0.0
 20
0.0
 30
0.0
  9
$EXTMIN
 10
315.9517109624279
 20
-150.7338396727391
 30
-0.0000000000000002
  9
$EXTMAX
 10
1192.729611469557
 20
600.5743367526006
 30
0.0
  9
$LIMMIN
 10
0.0
 20
0.0
  9
$LIMMAX
 10
1260.0
 20
900.0
  9
$ORTHOMODE
 70
     0
  9
$REGENMODE
 70
     1
  9
$FILLMODE
 70
     1
  9
$QTEXTMODE
 70
     0
  9
$MIRRTEXT
 70
     1
  9
$DRAGMODE
 70
     2
  9
$LTSCALE
 40
30.0
  9
$OSMODE
 70
    37
  9
$ATTMODE
 70
     1
  9
$TEXTSIZE
 40
3.6
  9
$TRACEWID
 40
6.0
  9
$TEXTSTYLE
  7
L120
  9
$CLAYER
  8
TENANT_TXT
  9
$CELTYPE
  6
HIDDEN4
  9
$CECOLOR
 62
   256
  9
$CELTSCALE
 40
1.0
  9
$DELOBJ
 70
     1
  9
$DISPSILH
 70
     0
  9
$DIMSCALE
 40
30.0
  9
$DIMASZ
 40
0.08
  9
$DIMEXO
 40
0.0625
  9
$DIMDLI
 40
0.38
  9
$DIMRND
 40
0.0
  9
$DIMDLE
 40
0.0
  9
$DIMEXE
 40
0.18
  9
$DIMTP
 40
0.0
  9
$DIMTM
 40
0.0
  9
$DIMTXT
 40
0.18
  9
$DIMCEN
 40
0.0
  9
$DIMTSZ
 40
0.0
  9
$DIMTOL
 70
     0
  9
$DIMLIM
 70
     0
  9
$DIMTIH
 70
     0
  9
$DIMTOH
 70
     0
  9
$DIMSE1
 70
     1
  9
$DIMSE2
 70
     1
  9
$DIMTAD
 70
     1
  9
$DIMZIN
 70
     0
  9
$DIMBLK
  1

  9
$DIMASO
 70
     1
  9
$DIMSHO
 70
     1
  9
$DIMPOST
  1
'
  9
$DIMAPOST
  1
m
  9
$DIMALT
 70
     0
  9
$DIMALTD
 70
     2
  9
$DIMALTF
 40
0.3048
  9
$DIMLFAC
 40
1.0
  9
$DIMTOFL
 70
     0
  9
$DIMTVP
 40
0.0
  9
$DIMTIX
 70
     0
  9
$DIMSOXD
 70
     0
  9
$DIMSAH
 70
     0
  9
$DIMBLK1
  1

  9
$DIMBLK2
  1

  9
$DIMSTYLE
  2
ED30
  9
$DIMCLRD
 70
     2
  9
$DIMCLRE
 70
     0
  9
$DIMCLRT
 70
     2
  9
$DIMTFAC
 40
1.0
  9
$DIMGAP
 40
0.03
  9
$DIMJUST
 70
     0
  9
$DIMSD1
 70
     0
  9
$DIMSD2
 70
     0
  9
$DIMTOLJ
 70
     1
  9
$DIMTZIN
 70
     0
  9
$DIMALTZ
 70
     0
  9
$DIMALTTZ
 70
     0
  9
$DIMFIT
 70
     3
  9
$DIMUPT
 70
     0
  9
$DIMUNIT
 70
     2
  9
$DIMDEC
 70
     2
  9
$DIMTDEC
 70
     4
  9
$DIMALTU
 70
     2
  9
$DIMALTTD
 70
     2
  9
$DIMTXSTY
  7
L60
  9
$DIMAUNIT
 70
     0
  9
$LUNITS
 70
     2
  9
$LUPREC
 70
     2
  9
$SKETCHINC
 40
0.1
  9
$FILLETRAD
 40
175.0
  9
$AUNITS
 70
     1
  9
$AUPREC
 70
     4
  9
$MENU
  1
survey
  9
$ELEVATION
 40
0.0
  9
$PELEVATION
 40
0.0
  9
$THICKNESS
 40
0.0
  9
$LIMCHECK
 70
     0
  9
$CHAMFERA
 40
0.0
  9
$CHAMFERB
 40
0.0
  9
$CHAMFERC
 40
0.0
  9
$CHAMFERD
 40
0.0
  9
$SKPOLY
 70
     0
  9
$TDCREATE
 40
2450205.013083333
  9
$TDUPDATE
 40
2461211.878694294
  9
$TDINDWG
 40
2.6392624769
  9
$TDUSRTIMER
 40
2.6392624769
  9
$USRTIMER
 70
     1
  9
$ANGBASE
 50
0.0
  9
$ANGDIR
 70
     0
  9
$PDMODE
 70
    34
  9
$PDSIZE
 40
0.05
  9
$PLINEWID
 40
0.0
  9
$COORDS
 70
     1
  9
$SPLFRAME
 70
     0
  9
$SPLINETYPE
 70
     6
  9
$SPLINESEGS
 70
     8
  9
$ATTDIA
 70
     0
  9
$ATTREQ
 70
     1
  9
$HANDLING
 70
     1
  9
$HANDSEED
  5
14BD0
  9
$SURFTAB1
 70
     6
  9
$SURFTAB2
 70
     6
  9
$SURFTYPE
 70
     6
  9
$SURFU
 70
     6
  9
$SURFV
 70
     6
  9
$UCSNAME
  2

  9
$UCSORG
 10
0.0
 20
0.0
 30
0.0
  9
$UCSXDIR
 10
1.0
 20
0.0
 30
0.0
  9
$UCSYDIR
 10
0.0
 20
1.0
 30
0.0
  9
$PUCSNAME
  2

  9
$PUCSORG
 10
0.0
 20
0.0
 30
0.0
  9
$PUCSXDIR
 10
1.0
 20
0.0
 30
0.0
  9
$PUCSYDIR
 10
0.0
 20
1.0
 30
0.0
  9
$USERI1
 70
     4
  9
$USERI2
 70
     2
  9
$USERI3
 70
     0
  9
$USERI4
 70
  4096
  9
$USERI5
 70
  9152
  9
$USERR1
 40
20.0
  9
$USERR2
 40
30.0
  9
$USERR3
 40
0.8982297155393422
  9
$USERR4
 40
10000.0
  9
$USERR5
 40
10000.0
  9
$WORLDVIEW
 70
     1
  9
$SHADEDGE
 70
     3
  9
$SHADEDIF
 70
    70
  9
$TILEMODE
 70
     0
  9
$MAXACTVP
 70
    16
  9
$PINSBASE
 10
0.0
 20
0.0
 30
0.0
  9
$PLIMCHECK
 70
     0
  9
$PEXTMIN
 10
4768.51512829356
 20
-1621.418615939255
 30
-0.0015258207003583
  9
$PEXTMAX
 10
5928.125951996508
 20
-797.395600488574
 30
0.0000000349246037
  9
$PLIMMIN
 10
0.0
 20
0.0
  9
$PLIMMAX
 10
1080.0
 20
720.0
  9
$UNITMODE
 70
     0
  9
$VISRETAIN
 70
     0
  9
$PLINEGEN
 70
     0
  9
$PSLTSCALE
 70
     1
  9
$TREEDEPTH
 70
  3020
  9
$PICKSTYLE
 70
     1
  9
$CMLSTYLE
  2
STANDARD
  9
$CMLJUST
 70
     0
  9
$CMLSCALE
 40
1.0
  9
$PROXYGRAPHICS
 70
     1
  9
$MEASUREMENT
 70
     0
  0
ENDSEC
  0
SECTION
  2
CLASSES
  0
CLASS
  1
DICTIONARYVAR
  2
AcDbDictionaryVar
  3
ObjectDBX Classes
 90
        0
280
     0
281
     0
  0
CLASS
  1
LWPOLYLINE
  2
AcDbPolyline
  3
ObjectDBX Classes
 90
        0
280
     0
281
     1
  0
CLASS
  1
SdskBlkNotify
  2
SdskBlkNotify
  3
"AecCivilCogo"
 90
        1
280
     1
281
     0
  0
CLASS
  1
LabelObjectNotify
  2
LabelObjectNotify
  3
"AecCivilCogo"
 90
        1
280
     1
281
     0
  0
CLASS
  1
HATCH
  2
AcDbHatch
  3
ObjectDBX Classes
 90
        0
280
     0
281
     1
  0
CLASS
  1
OLE2FRAME
  2
AcDbOle2Frame
  3
ObjectDBX Classes
 90
        0
280
     0
281
     1
  0
CLASS
  1
VISUALSTYLE
  2
AcDbVisualStyle
  3
ObjectDBX Classes
 90
     4095
280
     0
281
     0
  0
CLASS
  1
ACDBDICTIONARYWDFLT
  2
AcDbDictionaryWithDefault
  3
ObjectDBX Classes
 90
        0
280
     0
281
     0
  0
CLASS
  1
SCALE
  2
AcDbScale
  3
ObjectDBX Classes
 90
     1153
280
     0
281
     0
  0
CLASS
  1
MATERIAL
  2
AcDbMaterial
  3
ObjectDBX Classes
 90
     1153
280
     0
281
     0
  0
CLASS
  1
TABLESTYLE
  2
AcDbTableStyle
  3
ObjectDBX Classes
 90
     4095
280
     0
281
     0
  0
CLASS
  1
MLEADERSTYLE
  2
AcDbMLeaderStyle
  3
ACDB_MLEADERSTYLE_CLASS
 90
     4095
280
     0
281
     0
  0
CLASS
  1
XRECORD
  2
AcDbXrecord
  3
ObjectDBX Classes
 90
        0
280
     0
281
     0
  0
CLASS
  1
ACDBPLACEHOLDER
  2
AcDbPlaceHolder
  3
ObjectDBX Classes
 90
        0
280
     0
281
     0
  0
CLASS
  1
LAYOUT
  2
AcDbLayout
  3
ObjectDBX Classes
 90
        0
280
     0
281
     0
  0
ENDSEC
  0
SECTION
  2
TABLES
  0
TABLE
  2
VPORT
  5
5CC5
102
{ACAD_XDICTIONARY
360
14BC6
102
}
330
0
100
AcDbSymbolTable
 70
     1
  0
VPORT
  5
14B54
330
5CC5
100
AcDbSymbolTableRecord
100
AcDbViewportTableRecord
  2
*ACTIVE
 70
     0
 10
0.0
 20
0.0
 11
1.0
 21
1.0
 12
888.4847285075539
 22
308.6241056413246
 13
0.0
 23
0.0
 14
5.0
 24
5.0
 15
0.0
 25
0.0
 16
0.0
 26
0.0
 36
1.0
 17
0.0
 27
0.0
 37
0.0
 40
750.6805012410578
 41
2.206134969325154
 42
50.0
 43
0.0
 44
0.0
 50
0.0
 51
0.0
 71
     0
 72
   100
 73
     1
 74
     1
 75
     0
 76
     0
 77
     0
 78
     0
  0
ENDTAB
  0
TABLE
  2
LTYPE
  5
5CC2
330
0
100
AcDbSymbolTable
 70
     9
  0
LTYPE
  5
5CCE
330
5CC2
100
AcDbSymbolTableRecord
100
AcDbLinetypeTableRecord
  2
BYBLOCK
 70
     0
  3

 72
    65
 73
     0
 40
0.0
  0
LTYPE
  5
5CCF
330
5CC2
100
AcDbSymbolTableRecord
100
AcDbLinetypeTableRecord
  2
BYLAYER
 70
     0
  3

 72
    65
 73
     0
 40
0.0
  0
LTYPE
  5
5CD0
330
5CC2
100
AcDbSymbolTableRecord
100
AcDbLinetypeTableRecord
  2
CONTINUOUS
 70
     0
  3
Solid line
 72
    65
 73
     0
 40
0.0
  0
LTYPE
  5
5D58
330
5CC2
100
AcDbSymbolTableRecord
100
AcDbLinetypeTableRecord
  2
CENTER2
 70
     0
  3
___ _ ___ _ ___ _ ___ _ ___ _ ___ _ ___ _ ___ _
 72
    65
 73
     4
 40
1.125
 49
0.75
 74
     0
 49
-0.125
 74
     0
 49
0.125
 74
     0
 49
-0.125
 74
     0
  0
LTYPE
  5
5D5B
330
5CC2
100
AcDbSymbolTableRecord
100
AcDbLinetypeTableRecord
  2
DASHDOT2
 70
     0
  3
_._._._._._._._._._._._._._._._._._._._._._._._
 72
    65
 73
     4
 40
0.5
 49
0.25
 74
     0
 49
-0.125
 74
     0
 49
0.0
 74
     0
 49
-0.125
 74
     0
  0
LTYPE
  5
5D5E
330
5CC2
100
AcDbSymbolTableRecord
100
AcDbLinetypeTableRecord
  2
DASHED2
 70
     0
  3
_ _ _ _ _ _ _ _ _ _ _ _ _ _ _ _ _ _ _ _ _ _ _ _
 72
    65
 73
     2
 40
0.375
 49
0.25
 74
     0
 49
-0.125
 74
     0
  0
LTYPE
  5
5D67
330
5CC2
100
AcDbSymbolTableRecord
100
AcDbLinetypeTableRecord
  2
HIDDEN2
 70
     0
  3
_ _ _ _ _ _ _ _ _ _ _ _ _ _ _ _ _ _ _ _ _ _ _ _
 72
    65
 73
     2
 40
0.1875
 49
0.125
 74
     0
 49
-0.0625
 74
     0
  0
LTYPE
  5
5D70
330
5CC2
100
AcDbSymbolTableRecord
100
AcDbLinetypeTableRecord
  2
BORDER4
 70
     0
  3
_ _ . _ _ . _ _ . _ _ .
 72
    65
 73
     6
 40
0.4375
 49
0.125
 74
     0
 49
-0.0625
 74
     0
 49
0.125
 74
     0
 49
-0.0625
 74
     0
 49
0.0
 74
     0
 49
-0.0625
 74
     0
  0
LTYPE
  5
5D71
330
5CC2
100
AcDbSymbolTableRecord
100
AcDbLinetypeTableRecord
  2
CENTER4
 70
     0
  3
__ _ __ _ __ _ __
 72
    65
 73
     4
 40
0.5
 49
0.3125
 74
     0
 49
-0.0625
 74
     0
 49
0.0625
 74
     0
 49
-0.0625
 74
     0
  0
LTYPE
  5
5D73
330
5CC2
100
AcDbSymbolTableRecord
100
AcDbLinetypeTableRecord
  2
DASHED4
 70
     0
  3
_ _ _ _ _ _ _ _
 72
    65
 73
     2
 40
0.1875
 49
0.125
 74
     0
 49
-0.0625
 74
     0
  0
LTYPE
  5
5D7B
330
5CC2
100
AcDbSymbolTableRecord
100
AcDbLinetypeTableRecord
  2
HIDDEN4
 70
     0
  3
_ _ _ _
 72
    65
 73
     2
 40
0.09375
 49
0.0625
 74
     0
 49
-0.03125
 74
     0
  0
ENDTAB
  0
TABLE
  2
LAYER
  5
5CBF
330
0
100
AcDbSymbolTable
 70
    71
  0
LAYER
  5
5CCB
330
5CBF
100
AcDbSymbolTableRecord
100
AcDbLayerTableRecord
  2
0
 70
     0
 62
     7
  6
CONTINUOUS
  0
LAYER
  5
5D8A
330
5CBF
100
AcDbSymbolTableRecord
100
AcDbLayerTableRecord
  2
DCA_INFO
 70
     0
 62
     4
  6
CONTINUOUS
  0
LAYER
  5
5D8B
330
5CBF
100
AcDbSymbolTableRecord
100
AcDbLayerTableRecord
  2
PTSURV
 70
     0
 62
     2
  6
BORDER4
  0
LAYER
  5
5D8D
330
5CBF
100
AcDbSymbolTableRecord
100
AcDbLayerTableRecord
  2
PNTS
 70
     0
 62
     2
  6
CONTINUOUS
  0
LAYER
  5
5D8E
330
5CBF
100
AcDbSymbolTableRecord
100
AcDbLayerTableRecord
  2
DESC
 70
     0
 62
     3
  6
CONTINUOUS
  0
LAYER
  5
5D8F
330
5CBF
100
AcDbSymbolTableRecord
100
AcDbLayerTableRecord
  2
PTTRAV
 70
     0
 62
     3
  6
HIDDEN2
  0
LAYER
  5
5D90
330
5CBF
100
AcDbSymbolTableRecord
100
AcDbLayerTableRecord
  2
PTSYM1
 70
     0
 62
     7
  6
CONTINUOUS
  0
LAYER
  5
5D91
330
5CBF
100
AcDbSymbolTableRecord
100
AcDbLayerTableRecord
  2
LINLEGAL
 70
     0
 62
     7
  6
CONTINUOUS
  0
LAYER
  5
5D92
330
5CBF
100
AcDbSymbolTableRecord
100
AcDbLayerTableRecord
  2
DEFPOINTS
 70
     0
 62
     7
  6
CONTINUOUS
  0
LAYER
  5
5D93
330
5CBF
100
AcDbSymbolTableRecord
100
AcDbLayerTableRecord
  2
LINXSEC
 70
     0
 62
     1
  6
CONTINUOUS
  0
LAYER
  5
5D94
330
5CBF
100
AcDbSymbolTableRecord
100
AcDbLayerTableRecord
  2
PTNGELEV
 70
     0
 62
     2
  6
CONTINUOUS
  0
LAYER
  5
5D95
330
5CBF
100
AcDbSymbolTableRecord
100
AcDbLayerTableRecord
  2
LINCONC
 70
     0
 62
     2
  6
CONTINUOUS
  0
LAYER
  5
5D96
330
5CBF
100
AcDbSymbolTableRecord
100
AcDbLayerTableRecord
  2
LINSEWER
 70
     0
 62
     3
  6
CENTER4
  0
LAYER
  5
5D97
330
5CBF
100
AcDbSymbolTableRecord
100
AcDbLayerTableRecord
  2
LINEDGRD
 70
     0
 62
     2
  6
CONTINUOUS
  0
LAYER
  5
5D98
330
5CBF
100
AcDbSymbolTableRecord
100
AcDbLayerTableRecord
  2
LINCLRD
 70
     0
 62
     1
  6
CENTER2
  0
LAYER
  5
5D99
330
5CBF
100
AcDbSymbolTableRecord
100
AcDbLayerTableRecord
  2
LINDRAIN
 70
     0
 62
     3
  6
CENTER4
  0
LAYER
  5
5D9A
330
5CBF
100
AcDbSymbolTableRecord
100
AcDbLayerTableRecord
  2
LINWATER
 70
     0
 62
     3
  6
CENTER4
  0
LAYER
  5
5D9B
330
5CBF
100
AcDbSymbolTableRecord
100
AcDbLayerTableRecord
  2
LINTELGAS
 70
     0
 62
     3
  6
CENTER4
  0
LAYER
  5
5D9D
330
5CBF
100
AcDbSymbolTableRecord
100
AcDbLayerTableRecord
  2
TXTUTIL
 70
     0
 62
     1
  6
CONTINUOUS
  0
LAYER
  5
5D9E
330
5CBF
100
AcDbSymbolTableRecord
100
AcDbLayerTableRecord
  2
LINELEC
 70
     0
 62
     1
  6
CONTINUOUS
  0
LAYER
  5
5D9F
330
5CBF
100
AcDbSymbolTableRecord
100
AcDbLayerTableRecord
  2
TXARROW
 70
     0
 62
     2
  6
CONTINUOUS
  0
LAYER
  5
5DA0
330
5CBF
100
AcDbSymbolTableRecord
100
AcDbLayerTableRecord
  2
EGTIN-FLT
 70
     0
 62
     2
  6
CONTINUOUS
  0
LAYER
  5
5DA1
330
5CBF
100
AcDbSymbolTableRecord
100
AcDbLayerTableRecord
  2
EGCONT-HGH
 70
     0
 62
     2
  6
CONTINUOUS
  0
LAYER
  5
5DA2
330
5CBF
100
AcDbSymbolTableRecord
100
AcDbLayerTableRecord
  2
EGCONT-NML
 70
     0
 62
     2
  6
CENTER4
  0
LAYER
  5
5DA3
330
5CBF
100
AcDbSymbolTableRecord
100
AcDbLayerTableRecord
  2
TREES
 70
     0
 62
     1
  6
CONTINUOUS
  0
LAYER
  5
5DA4
330
5CBF
100
AcDbSymbolTableRecord
100
AcDbLayerTableRecord
  2
TREETXT
 70
     0
 62
     1
  6
CONTINUOUS
  0
LAYER
  5
5DA5
330
5CBF
100
AcDbSymbolTableRecord
100
AcDbLayerTableRecord
  2
EGCOUTXT
 70
     0
 62
     3
  6
CONTINUOUS
  0
LAYER
  5
5DA6
330
5CBF
100
AcDbSymbolTableRecord
100
AcDbLayerTableRecord
  2
TXTBOUDIM
 70
     0
 62
     6
  6
CONTINUOUS
  0
LAYER
  5
5DA7
330
5CBF
100
AcDbSymbolTableRecord
100
AcDbLayerTableRecord
  2
TRASH
 70
     0
 62
     3
  6
CONTINUOUS
  0
LAYER
  5
5DA8
330
5CBF
100
AcDbSymbolTableRecord
100
AcDbLayerTableRecord
  2
TXTSTRNAME
 70
     0
 62
     5
  6
CONTINUOUS
  0
LAYER
  5
5DA9
330
5CBF
100
AcDbSymbolTableRecord
100
AcDbLayerTableRecord
  2
LOTNUM
 70
     0
 62
     3
  6
HIDDEN4
  0
LAYER
  5
5DAA
330
5CBF
100
AcDbSymbolTableRecord
100
AcDbLayerTableRecord
  2
TXTMISC
 70
     0
 62
     3
  6
CONTINUOUS
  0
LAYER
  5
5DAB
330
5CBF
100
AcDbSymbolTableRecord
100
AcDbLayerTableRecord
  2
HATCH
 70
     0
 62
     1
  6
CONTINUOUS
  0
LAYER
  5
5DAE
330
5CBF
100
AcDbSymbolTableRecord
100
AcDbLayerTableRecord
  2
SCALE
 70
     0
 62
     2
  6
CONTINUOUS
  0
LAYER
  5
5DB2
330
5CBF
100
AcDbSymbolTableRecord
100
AcDbLayerTableRecord
  2
EGTIN-VIEW
 70
     0
 62
     7
  6
CONTINUOUS
  0
LAYER
  5
5DB3
330
5CBF
100
AcDbSymbolTableRecord
100
AcDbLayerTableRecord
  2
BMARKS
 70
     0
 62
     4
  6
CONTINUOUS
  0
LAYER
  5
5DB4
330
5CBF
100
AcDbSymbolTableRecord
100
AcDbLayerTableRecord
  2
PTCOR
 70
     0
 62
     4
  6
CONTINUOUS
  0
LAYER
  5
5DB5
330
5CBF
100
AcDbSymbolTableRecord
100
AcDbLayerTableRecord
  2
PTSUR2
 70
     0
 62
     7
  6
CONTINUOUS
  0
LAYER
  5
5DB6
330
5CBF
100
AcDbSymbolTableRecord
100
AcDbLayerTableRecord
  2
TRAVLAN
 70
     0
 62
     2
  6
CENTER4
  0
LAYER
  5
5DB7
330
5CBF
100
AcDbSymbolTableRecord
100
AcDbLayerTableRecord
  2
LINBLDG
 70
     0
 62
     4
  6
CONTINUOUS
  0
LAYER
  5
5DB8
330
5CBF
100
AcDbSymbolTableRecord
100
AcDbLayerTableRecord
  2
PARKING
 70
     0
 62
     1
  6
CONTINUOUS
  0
LAYER
  5
5DB9
330
5CBF
100
AcDbSymbolTableRecord
100
AcDbLayerTableRecord
  2
PTXSLOT7
 70
     0
 62
     2
  6
CONTINUOUS
  0
LAYER
  5
5DBA
330
5CBF
100
AcDbSymbolTableRecord
100
AcDbLayerTableRecord
  2
LINLEG2
 70
     0
 62
     1
  6
CENTER4
  0
LAYER
  5
5DBB
330
5CBF
100
AcDbSymbolTableRecord
100
AcDbLayerTableRecord
  2
TXTBOU2
 70
     0
 62
     2
  6
CONTINUOUS
  0
LAYER
  5
5DBC
330
5CBF
100
AcDbSymbolTableRecord
100
AcDbLayerTableRecord
  2
LINCON2
 70
     0
 62
     2
  6
CONTINUOUS
  0
LAYER
  5
5DBD
330
5CBF
100
AcDbSymbolTableRecord
100
AcDbLayerTableRecord
  2
SUBNAME
 70
     0
 62
     3
  6
HIDDEN4
  0
LAYER
  5
5DBE
330
5CBF
100
AcDbSymbolTableRecord
100
AcDbLayerTableRecord
  2
TXTMISC2
 70
     0
 62
     3
  6
CONTINUOUS
  0
LAYER
  5
5DC1
330
5CBF
100
AcDbSymbolTableRecord
100
AcDbLayerTableRecord
  2
LOTLBLS
 70
     0
 62
     7
  6
CONTINUOUS
  0
LAYER
  5
5DC3
330
5CBF
100
AcDbSymbolTableRecord
100
AcDbLayerTableRecord
  2
TXTBOU3
 70
     0
 62
     6
  6
CONTINUOUS
  0
LAYER
  5
5DC4
330
5CBF
100
AcDbSymbolTableRecord
100
AcDbLayerTableRecord
  2
LINLEG3
 70
     0
 62
     7
  6
CONTINUOUS
  0
LAYER
  5
5DC5
330
5CBF
100
AcDbSymbolTableRecord
100
AcDbLayerTableRecord
  2
LEGAL
 70
     0
 62
     4
  6
CONTINUOUS
  0
LAYER
  5
5DC8
330
5CBF
100
AcDbSymbolTableRecord
100
AcDbLayerTableRecord
  2
TXTPROPL
 70
     0
 62
     2
  6
CONTINUOUS
  0
LAYER
  5
5DDB
330
5CBF
100
AcDbSymbolTableRecord
100
AcDbLayerTableRecord
  2
TEXTM
 70
     0
 62
     2
  6
CONTINUOUS
  0
LAYER
  5
5DDC
330
5CBF
100
AcDbSymbolTableRecord
100
AcDbLayerTableRecord
  2
TEXTL
 70
     0
 62
     3
  6
CONTINUOUS
  0
LAYER
  5
62F4
330
5CBF
100
AcDbSymbolTableRecord
100
AcDbLayerTableRecord
  2
BORTXT
 70
     0
 62
     3
  6
CONTINUOUS
  0
LAYER
  5
62F7
330
5CBF
100
AcDbSymbolTableRecord
100
AcDbLayerTableRecord
  2
BEARING
 70
     0
 62
     6
  6
CONTINUOUS
  0
LAYER
  5
62F9
330
5CBF
100
AcDbSymbolTableRecord
100
AcDbLayerTableRecord
  2
EASEMENT
 70
     0
 62
     2
  6
DASHED2
  0
LAYER
  5
6485
330
5CBF
100
AcDbSymbolTableRecord
100
AcDbLayerTableRecord
  2
PTSUR3
 70
     0
 62
     1
  6
CONTINUOUS
  0
LAYER
  5
6AA2
330
5CBF
100
AcDbSymbolTableRecord
100
AcDbLayerTableRecord
  2
DAYSTAMP
 70
     0
 62
     2
  6
CONTINUOUS
  0
LAYER
  5
6AD0
330
5CBF
100
AcDbSymbolTableRecord
100
AcDbLayerTableRecord
  2
EASEMENT_TXT
 70
     0
 62
     2
  6
CONTINUOUS
  0
LAYER
  5
7016
330
5CBF
100
AcDbSymbolTableRecord
100
AcDbLayerTableRecord
  2
TOPO
 70
     0
 62
     2
  6
CONTINUOUS
  0
LAYER
  5
7019
330
5CBF
100
AcDbSymbolTableRecord
100
AcDbLayerTableRecord
  2
TOPO_TXT
 70
     0
 62
     2
  6
CONTINUOUS
  0
LAYER
  5
701A
330
5CBF
100
AcDbSymbolTableRecord
100
AcDbLayerTableRecord
  2
NOPLOT
 70
     0
 62
   -32
  6
CONTINUOUS
  0
LAYER
  5
135C3
330
5CBF
100
AcDbSymbolTableRecord
100
AcDbLayerTableRecord
  2
LIQUORLINE
 70
     0
 62
    94
  6
DASHDOT2
  0
LAYER
  5
13C90
330
5CBF
100
AcDbSymbolTableRecord
100
AcDbLayerTableRecord
  2
BLD_HT
 70
     0
 62
     5
  6
CONTINUOUS
  0
LAYER
  5
13C91
330
5CBF
100
AcDbSymbolTableRecord
100
AcDbLayerTableRecord
  2
PROPLINE_DIVIDE
 70
     0
 62
     7
  6
CONTINUOUS
  0
LAYER
  5
13C92
330
5CBF
100
AcDbSymbolTableRecord
100
AcDbLayerTableRecord
  2
BEARING_DIVIDE
 70
     0
 62
     6
  6
CONTINUOUS
  0
LAYER
  5
13C93
330
5CBF
100
AcDbSymbolTableRecord
100
AcDbLayerTableRecord
  2
CIR_DIVIDE
 70
     0
 62
     3
  6
CONTINUOUS
  0
LAYER
  5
14929
330
5CBF
100
AcDbSymbolTableRecord
100
AcDbLayerTableRecord
  2
PARKING_TXT
 70
     0
 62
     2
  6
CONTINUOUS
  0
LAYER
  5
1492A
330
5CBF
100
AcDbSymbolTableRecord
100
AcDbLayerTableRecord
  2
TENANT_TXT
 70
     0
 62
     3
  6
CONTINUOUS
  0
LAYER
  5
1492C
330
5CBF
100
AcDbSymbolTableRecord
100
AcDbLayerTableRecord
  2
UNITS
 70
     0
 62
     4
  6
DASHED4
  0
ENDTAB
  0
TABLE
  2
STYLE
  5
5CC0
330
0
100
AcDbSymbolTable
 70
    16
  0
STYLE
  5
5CCC
330
5CC0
100
AcDbSymbolTableRecord
100
AcDbTextStyleTableRecord
  2
STANDARD
 70
     0
 40
0.0
 41
1.0
 50
0.0
 71
     0
 42
0.2
  3
txt
  4

  0
STYLE
  5
5D12
330
5CC0
100
AcDbSymbolTableRecord
100
AcDbTextStyleTableRecord
  2
L40
 70
     0
 40
1.2
 41
1.0
 50
0.0
 71
     0
 42
0.2
  3
simplex
  4

  0
STYLE
  5
5D13
330
5CC0
100
AcDbSymbolTableRecord
100
AcDbTextStyleTableRecord
  2
L50
 70
     0
 40
1.5
 41
1.0
 50
0.0
 71
     0
 42
1.5
  3
simplex
  4

  0
STYLE
  5
5D14
330
5CC0
100
AcDbSymbolTableRecord
100
AcDbTextStyleTableRecord
  2
L60
 70
     0
 40
1.8
 41
1.0
 50
0.0
 71
     0
 42
1.8
  3
simplex
  4

  0
STYLE
  5
5D15
330
5CC0
100
AcDbSymbolTableRecord
100
AcDbTextStyleTableRecord
  2
L80
 70
     0
 40
2.4
 41
1.0
 50
0.0
 71
     0
 42
2.4
  3
simplex
  4

  0
STYLE
  5
5D16
330
5CC0
100
AcDbSymbolTableRecord
100
AcDbTextStyleTableRecord
  2
L120
 70
     0
 40
3.6
 41
1.0
 50
0.0
 71
     0
 42
3.6
  3
simplex
  4

  0
STYLE
  5
5D17
330
5CC0
100
AcDbSymbolTableRecord
100
AcDbTextStyleTableRecord
  2
L140
 70
     0
 40
4.2
 41
1.0
 50
0.0
 71
     0
 42
4.199999999999998
  3
simplex
  4

  0
STYLE
  5
5D18
330
5CC0
100
AcDbSymbolTableRecord
100
AcDbTextStyleTableRecord
  2
L175
 70
     0
 40
5.25
 41
1.0
 50
0.0
 71
     0
 42
5.25
  3
simplex
  4

  0
STYLE
  5
5D19
330
5CC0
100
AcDbSymbolTableRecord
100
AcDbTextStyleTableRecord
  2
L200
 70
     0
 40
6.0
 41
1.0
 50
0.0
 71
     0
 42
6.0
  3
simplex
  4

  0
STYLE
  5
5D1F
330
5CC0
100
AcDbSymbolTableRecord
100
AcDbTextStyleTableRecord
  2
L100
 70
     0
 40
3.0
 41
1.0
 50
0.0
 71
     0
 42
3.0
  3
simplex
  4

  0
STYLE
  5
5D22
330
5CC0
100
AcDbSymbolTableRecord
100
AcDbTextStyleTableRecord
  2
S4
 70
     0
 40
0.0834
 41
1.000000000000049
 50
0.0
 71
     0
 42
0.0556
  3
simplex
  4

  0
STYLE
  5
5D2B
330
5CC0
100
AcDbSymbolTableRecord
100
AcDbTextStyleTableRecord
  2
DO240
 70
     0
 40
7.199999999999995
 41
1.0
 50
0.0
 71
     0
 42
7.0
  3
DOTFONT
  4

  0
STYLE
  5
5D31
330
5CC0
100
AcDbSymbolTableRecord
100
AcDbTextStyleTableRecord
  2
S1
 70
     0
 40
1.5
 41
1.0
 50
10.0
 71
     0
 42
1.0
  3
SIMPLEX
  4

  0
STYLE
  5
5D32
330
5CC0
100
AcDbSymbolTableRecord
100
AcDbTextStyleTableRecord
  2
C6
 70
     0
 40
3.748500000000071
 41
1.000000000000049
 50
0.0
 71
     0
 42
0.2
  3
complex
  4

  0
STYLE
  5
5D33
330
5CC0
100
AcDbSymbolTableRecord
100
AcDbTextStyleTableRecord
  2
C10
 70
     0
 40
6.250500000000073
 41
1.000000000000049
 50
0.0
 71
     0
 42
3.333
  3
complex
  4

  0
STYLE
  5
5D42
330
5CC0
100
AcDbSymbolTableRecord
100
AcDbTextStyleTableRecord
  2
I
 70
     0
 40
3.0
 41
1.0
 50
0.0
 71
     0
 42
3.0
  3
ITALIC.shx
  4

  0
ENDTAB
  0
TABLE
  2
VIEW
  5
5CC3
330
0
100
AcDbSymbolTable
 70
     0
  0
ENDTAB
  0
TABLE
  2
UCS
  5
5CC4
330
0
100
AcDbSymbolTable
 70
     0
  0
ENDTAB
  0
TABLE
  2
APPID
  5
5CC6
330
0
100
AcDbSymbolTable
 70
    16
  0
APPID
  5
5CCD
330
5CC6
100
AcDbSymbolTableRecord
100
AcDbRegAppTableRecord
  2
ACAD
 70
     0
  0
APPID
  5
5D84
330
5CC6
100
AcDbSymbolTableRecord
100
AcDbRegAppTableRecord
  2
SDI_SETUP
 70
     0
  0
APPID
  5
5D85
330
5CC6
100
AcDbSymbolTableRecord
100
AcDbRegAppTableRecord
  2
DCA_FIGURE_XENT
 70
     0
  0
APPID
  5
5DD4
330
5CC6
100
AcDbSymbolTableRecord
100
AcDbRegAppTableRecord
  2
ADCADD_ZZ
 70
     0
  0
APPID
  5
5DD9
330
5CC6
100
AcDbSymbolTableRecord
100
AcDbRegAppTableRecord
  2
SDSK_PMN
 70
     0
  0
APPID
  5
5DDD
330
5CC6
100
AcDbSymbolTableRecord
100
AcDbRegAppTableRecord
  2
SDSK_POINT
 70
     0
  0
APPID
  5
5DDE
330
5CC6
100
AcDbSymbolTableRecord
100
AcDbRegAppTableRecord
  2
CIVIL_DRAFT
 70
     0
  0
APPID
  5
5DDF
330
5CC6
100
AcDbSymbolTableRecord
100
AcDbRegAppTableRecord
  2
CIVIL_LINE_TABLE
 70
     0
  0
APPID
  5
5DE0
330
5CC6
100
AcDbSymbolTableRecord
100
AcDbRegAppTableRecord
  2
CIVIL_CURVE_TABLE
 70
     0
  0
APPID
  5
5DE1
330
5CC6
100
AcDbSymbolTableRecord
100
AcDbRegAppTableRecord
  2
CIVIL_SPIRAL_TABLE
 70
     0
  0
APPID
  5
5DE4
330
5CC6
100
AcDbSymbolTableRecord
100
AcDbRegAppTableRecord
  2
ICONTOOL_206_545-6877
 70
     0
  0
APPID
  5
5DE5
330
5CC6
100
AcDbSymbolTableRecord
100
AcDbRegAppTableRecord
  2
RMAINSERT_206_545-6877
 70
     0
  0
APPID
  5
5DE6
330
5CC6
100
AcDbSymbolTableRecord
100
AcDbRegAppTableRecord
  2
RMASCALE_206_545-6877
 70
     0
  0
APPID
  5
5DE7
330
5CC6
100
AcDbSymbolTableRecord
100
AcDbRegAppTableRecord
  2
RMACOMMAND_206_545-6877
 70
     0
  0
APPID
  5
6920
330
5CC6
100
AcDbSymbolTableRecord
100
AcDbRegAppTableRecord
  2
SVPLINE
 70
     0
  0
APPID
  5
14BCF
330
5CC6
100
AcDbSymbolTableRecord
100
AcDbRegAppTableRecord
  2
ACAD_MLEADERVER
 70
     0
  0
ENDTAB
  0
TABLE
  2
DIMSTYLE
  5
5CC7
330
0
100
AcDbSymbolTable
 70
     2
  0
DIMSTYLE
105
5DD3
102
{ACAD_REACTORS
330
67BA
102
}
330
5CC7
100
AcDbSymbolTableRecord
100
AcDbDimStyleTableRecord
  2
STANDARD
 70
     0
  3

  4

  5

  6

  7

 40
1.0
 41
0.18
 42
0.0625
 43
0.38
 44
0.18
 45
0.0
 46
0.0
 47
0.0
 48
0.0
140
0.18
141
0.09
142
0.0
143
25.4
144
1.0
145
0.0
146
1.0
147
0.09
 71
     0
 72
     0
 73
     1
 74
     1
 75
     0
 76
     0
 77
     0
 78
     0
170
     0
171
     2
172
     0
173
     0
174
     0
175
     0
176
     0
177
     0
178
     0
270
     2
271
     4
272
     4
273
     2
274
     2
340
5CCC
275
     0
280
     0
281
     0
282
     0
283
     1
284
     0
285
     0
286
     0
287
     3
288
     0
  0
DIMSTYLE
105
717C
102
{ACAD_REACTORS
330
7186
330
71AE
330
71BA
330
71D0
330
13509
330
13516
330
1353F
330
1354E
102
}
330
5CC7
100
AcDbSymbolTableRecord
100
AcDbDimStyleTableRecord
  2
ED30
 70
     0
  3
'
  4
m
  5

  6

  7

 40
30.0
 41
0.08
 42
0.0625
 43
0.38
 44
0.18
 45
0.0
 46
0.0
 47
0.0
 48
0.0
140
0.18
141
0.0
142
0.0
143
0.3048
144
1.0
145
0.0
146
1.0
147
0.03
 71
     0
 72
     0
 73
     0
 74
     0
 75
     1
 76
     1
 77
     1
 78
     0
170
     0
171
     2
172
     0
173
     0
174
     0
175
     0
176
     2
177
     0
178
     2
270
     2
271
     2
272
     4
273
     2
274
     2
340
5D14
275
     0
280
     0
281
     0
282
     0
283
     1
284
     0
285
     0
286
     0
287
     3
288
     0
  0
ENDTAB
  0
TABLE
  2
BLOCK_RECORD
  5
5CBE
330
0
100
AcDbSymbolTable
 70
    36
  0
BLOCK_RECORD
  5
5CD4
330
5CBE
100
AcDbSymbolTableRecord
100
AcDbBlockTableRecord
  2
*MODEL_SPACE
  0
BLOCK_RECORD
  5
5CD1
330
5CBE
100
AcDbSymbolTableRecord
100
AcDbBlockTableRecord
  2
*PAPER_SPACE
  0
BLOCK_RECORD
  5
5CDD
330
5CBE
100
AcDbSymbolTableRecord
100
AcDbBlockTableRecord
  2
ALIGNID
  0
BLOCK_RECORD
  5
5CE3
330
5CBE
100
AcDbSymbolTableRecord
100
AcDbBlockTableRecord
  2
TF
  0
BLOCK_RECORD
  5
5CE6
330
5CBE
100
AcDbSymbolTableRecord
100
AcDbBlockTableRecord
  2
POLE
  0
BLOCK_RECORD
  5
5CE8
330
5CBE
100
AcDbSymbolTableRecord
100
AcDbBlockTableRecord
  2
CG-T33
  0
BLOCK_RECORD
  5
5CEB
330
5CBE
100
AcDbSymbolTableRecord
100
AcDbBlockTableRecord
  2
PCOR
  0
BLOCK_RECORD
  5
5CEC
330
5CBE
100
AcDbSymbolTableRecord
100
AcDbBlockTableRecord
  2
IP
  0
BLOCK_RECORD
  5
5CEE
330
5CBE
100
AcDbSymbolTableRecord
100
AcDbBlockTableRecord
  2
SCALE
  0
BLOCK_RECORD
  5
5CEF
330
5CBE
100
AcDbSymbolTableRecord
100
AcDbBlockTableRecord
  2
NORTHA
  0
BLOCK_RECORD
  5
5CF0
330
5CBE
100
AcDbSymbolTableRecord
100
AcDbBlockTableRecord
  2
*X16
  0
BLOCK_RECORD
  5
5CF1
330
5CBE
100
AcDbSymbolTableRecord
100
AcDbBlockTableRecord
  2
*X17
  0
BLOCK_RECORD
  5
5CF2
330
5CBE
100
AcDbSymbolTableRecord
100
AcDbBlockTableRecord
  2
*X18
  0
BLOCK_RECORD
  5
5CF3
330
5CBE
100
AcDbSymbolTableRecord
100
AcDbBlockTableRecord
  2
*X19
  0
BLOCK_RECORD
  5
5CF4
330
5CBE
100
AcDbSymbolTableRecord
100
AcDbBlockTableRecord
  2
*X20
  0
BLOCK_RECORD
  5
5CF5
330
5CBE
100
AcDbSymbolTableRecord
100
AcDbBlockTableRecord
  2
*X21
  0
BLOCK_RECORD
  5
5CF6
330
5CBE
100
AcDbSymbolTableRecord
100
AcDbBlockTableRecord
  2
*X22
  0
BLOCK_RECORD
  5
5DD5
330
5CBE
100
AcDbSymbolTableRecord
100
AcDbBlockTableRecord
  2
ADCADD_ZZ
  0
BLOCK_RECORD
  5
602F
330
5CBE
100
AcDbSymbolTableRecord
100
AcDbBlockTableRecord
  2
*D29
  0
BLOCK_RECORD
  5
6055
330
5CBE
100
AcDbSymbolTableRecord
100
AcDbBlockTableRecord
  2
*D30
  0
BLOCK_RECORD
  5
61E5
330
5CBE
100
AcDbSymbolTableRecord
100
AcDbBlockTableRecord
  2
*D32
  0
BLOCK_RECORD
  5
67A5
330
5CBE
100
AcDbSymbolTableRecord
100
AcDbBlockTableRecord
  2
LUMIN
  0
BLOCK_RECORD
  5
67B1
330
5CBE
100
AcDbSymbolTableRecord
100
AcDbBlockTableRecord
  2
*D46
  0
BLOCK_RECORD
  5
67BB
330
5CBE
100
AcDbSymbolTableRecord
100
AcDbBlockTableRecord
  2
U_POLE
  0
BLOCK_RECORD
  5
6AA3
330
5CBE
100
AcDbSymbolTableRecord
100
AcDbBlockTableRecord
  2
DAYSTAMP
  0
BLOCK_RECORD
  5
717D
330
5CBE
100
AcDbSymbolTableRecord
100
AcDbBlockTableRecord
  2
*D50
  0
BLOCK_RECORD
  5
718E
330
5CBE
100
AcDbSymbolTableRecord
100
AcDbBlockTableRecord
  2
*D51
  0
BLOCK_RECORD
  5
71A5
330
5CBE
100
AcDbSymbolTableRecord
100
AcDbBlockTableRecord
  2
*D52
  0
BLOCK_RECORD
  5
71B1
330
5CBE
100
AcDbSymbolTableRecord
100
AcDbBlockTableRecord
  2
*D53
  0
BLOCK_RECORD
  5
71C7
330
5CBE
100
AcDbSymbolTableRecord
100
AcDbBlockTableRecord
  2
*D54
  0
BLOCK_RECORD
  5
71D9
330
5CBE
100
AcDbSymbolTableRecord
100
AcDbBlockTableRecord
  2
*D55
  0
BLOCK_RECORD
  5
71EC
330
5CBE
100
AcDbSymbolTableRecord
100
AcDbBlockTableRecord
  2
HANDI
  0
BLOCK_RECORD
  5
7457
330
5CBE
100
AcDbSymbolTableRecord
100
AcDbBlockTableRecord
  2
STOCK
  0
BLOCK_RECORD
  5
134FF
330
5CBE
100
AcDbSymbolTableRecord
100
AcDbBlockTableRecord
  2
*D59
  0
BLOCK_RECORD
  5
1350D
330
5CBE
100
AcDbSymbolTableRecord
100
AcDbBlockTableRecord
  2
*D60
  0
BLOCK_RECORD
  5
13536
330
5CBE
100
AcDbSymbolTableRecord
100
AcDbBlockTableRecord
  2
*D61
  0
BLOCK_RECORD
  5
13545
330
5CBE
100
AcDbSymbolTableRecord
100
AcDbBlockTableRecord
  2
*D62
  0
BLOCK_RECORD
  5
14328
330
5CBE
100
AcDbSymbolTableRecord
100
AcDbBlockTableRecord
  2
$TD_AUDIT_GENERATED__14328
  0
ENDTAB
  0
ENDSEC
  0
SECTION
  2
BLOCKS
  0
BLOCK
  5
5DCB
330
5CD4
100
AcDbEntity
  8
0
100
AcDbBlockBegin
  2
*MODEL_SPACE
 70
     0
 10
0.0
 20
0.0
 30
0.0
  3
*MODEL_SPACE
  1

  0
ENDBLK
  5
5DCC
330
5CD4
100
AcDbEntity
  8
0
100
AcDbBlockEnd
  0
BLOCK
  5
5DC9
330
5CD1
100
AcDbEntity
 67
     1
  8
0
100
AcDbBlockBegin
  2
*PAPER_SPACE
 70
     0
 10
0.0
 20
0.0
 30
0.0
  3
*PAPER_SPACE
  1

  0
ENDBLK
  5
5DCA
330
5CD1
100
AcDbEntity
 67
     1
  8
0
100
AcDbBlockEnd
  0
BLOCK
  5
4E8
330
5CDD
100
AcDbEntity
  8
0
100
AcDbBlockBegin
  2
ALIGNID
 70
     2
 10
0.0
 20
0.0
 30
0.0
  3
ALIGNID
  1

  0
ATTDEF
  5
4E9
330
5CDD
100
AcDbEntity
  8
0
100
AcDbText
 10
0.3667338228902052
 20
0.0000589388950121
 30
0.0
 40
0.2
  1
ALIGNMENTNAME
100
AcDbAttributeDefinition
  3
ALIGNMENT NAME
  2
ALIGN_ID
 70
     1
  0
ATTDEF
  5
4EA
330
5CDD
100
AcDbEntity
  8
0
100
AcDbText
 10
0.3684162559423535
 20
-0.2577004436475951
 30
0.0
 40
0.2
  1
\dca\civil\advdsgn\tplates\
100
AcDbAttributeDefinition
  3
Templates directory: 
  2
TPLATES_DIR
 70
     1
  0
ENDBLK
  5
4EB
330
5CDD
100
AcDbEntity
  8
0
100
AcDbBlockEnd
  0
BLOCK
  5
904
330
5CE3
100
AcDbEntity
  8
0
100
AcDbBlockBegin
  2
TF
 70
     0
 10
0.0
 20
0.0
 30
0.0
  3
TF
  1

  0
LINE
  5
905
330
5CE3
100
AcDbEntity
  8
0
100
AcDbLine
 10
0.0012460134014418
 20
-0.0198809719142901
 30
0.0
 11
0.0012460134014418
 21
0.0201190280856736
 31
0.0
  0
LINE
  5
906
330
5CE3
100
AcDbEntity
  8
0
100
AcDbLine
 10
0.0012460134014418
 20
0.0201190280856736
 30
0.0
 11
0.1612460134014668
 21
0.0201190280856736
 31
0.0
  0
LINE
  5
907
330
5CE3
100
AcDbEntity
  8
0
100
AcDbLine
 10
0.1612460134014668
 20
0.0201190280856736
 30
0.0
 11
0.1612460134014668
 21
0.0601190280857509
 31
0.0
  0
LINE
  5
908
330
5CE3
100
AcDbEntity
  8
0
100
AcDbLine
 10
0.1612460134014668
 20
0.0601190280857509
 30
0.0
 11
0.2812460134014714
 21
0.0001190280856918
 31
0.0
  0
LINE
  5
909
330
5CE3
100
AcDbEntity
  8
0
100
AcDbLine
 10
0.1612460134014668
 20
-0.0198809719142901
 30
0.0
 11
0.1612460134014668
 21
-0.0598809719142537
 31
0.0
  0
LINE
  5
90A
330
5CE3
100
AcDbEntity
  8
0
100
AcDbLine
 10
0.1612460134014668
 20
-0.0598809719142537
 30
0.0
 11
0.2812460134014714
 21
0.0001190280856918
 31
0.0
  0
LINE
  5
90B
330
5CE3
100
AcDbEntity
  8
0
100
AcDbLine
 10
0.1612460134014668
 20
-0.0198809719142901
 30
0.0
 11
0.0012460134014418
 21
-0.0198809719142901
 31
0.0
  0
SOLID
  5
90C
330
5CE3
100
AcDbEntity
  8
0
100
AcDbTrace
 10
0.0012460134014418
 20
0.0201190280856736
 30
0.0
 11
0.0012460134014418
 21
-0.0198809719142901
 31
0.0
 12
0.1612460134014668
 22
0.0201190280856736
 32
0.0
 13
0.1612460134014668
 23
-0.0198809719142901
 33
0.0
  0
SOLID
  5
90D
330
5CE3
100
AcDbEntity
  8
0
100
AcDbTrace
 10
0.1612460134014668
 20
-0.0598809719142537
 30
0.0
 11
0.1612460134014668
 21
0.0601190280857509
 31
0.0
 12
0.2812460134014714
 22
0.0001190280856918
 32
0.0
 13
0.1612460134014668
 23
0.0601190280857509
 33
0.0
  0
ENDBLK
  5
90E
330
5CE3
100
AcDbEntity
  8
0
100
AcDbBlockEnd
  0
BLOCK
  5
9CB
330
5CE6
100
AcDbEntity
  8
0
100
AcDbBlockBegin
  2
POLE
 70
     0
 10
0.0
 20
0.0
 30
0.0
  3
POLE
  1

  0
CIRCLE
  5
9CC
330
5CE6
100
AcDbEntity
  8
LINELEC
100
AcDbCircle
 10
0.0
 20
0.0
 30
0.0
 40
1.0
  0
LINE
  5
9CD
330
5CE6
100
AcDbEntity
  8
LINELEC
100
AcDbLine
 10
1.0
 20
-3.0
 30
0.0
 11
1.0
 21
3.0
 31
0.0
  0
LINE
  5
9CE
330
5CE6
100
AcDbEntity
  8
LINELEC
100
AcDbLine
 10
1.199999999999989
 20
-3.0
 30
0.0
 11
1.199999999999989
 21
3.0
 31
0.0
  0
ENDBLK
  5
9CF
330
5CE6
100
AcDbEntity
  8
0
100
AcDbBlockEnd
  0
BLOCK
  5
2436
330
5CE8
100
AcDbEntity
  8
0
100
AcDbBlockBegin
  2
CG-T33
 70
     0
 10
0.0
 20
0.0
 30
0.0
  3
CG-T33
  1

  0
LINE
  5
2437
330
5CE8
100
AcDbEntity
  8
0
100
AcDbLine
 10
0.0018448519476024
 20
-0.0591623855445551
 30
0.0
 11
0.0062190232892831
 21
-0.0619785124314109
 31
0.0
  0
LINE
  5
2438
330
5CE8
100
AcDbEntity
  8
0
100
AcDbLine
 10
0.0062190232892831
 20
-0.0619785124314109
 30
0.0
 11
0.0079648548335491
 21
-0.0727496838818684
 31
0.0
  0
LINE
  5
2439
330
5CE8
100
AcDbEntity
  8
0
100
AcDbLine
 10
0.0079648548335491
 20
-0.0727496838818684
 30
0.0
 11
0.0027177677197354
 21
-0.0867994848100881
 31
0.0
  0
LINE
  5
243A
330
5CE8
100
AcDbEntity
  8
0
100
AcDbLine
 10
0.0027177677197354
 20
-0.0867994848100881
 30
0.0
 11
0.0101519405043895
 21
-0.1097498911544328
 31
0.0
  0
LINE
  5
243B
330
5CE8
100
AcDbEntity
  8
0
100
AcDbLine
 10
0.0101519405043895
 20
-0.1097498911544328
 30
0.0
 11
0.024137777820556
 21
-0.1144263062402704
 31
0.0
  0
LINE
  5
243C
330
5CE8
100
AcDbEntity
  8
0
100
AcDbLine
 10
0.024137777820556
 20
-0.1144263062402704
 30
0.0
 11
0.0433707022505345
 21
-0.1144263062402704
 31
0.0
  0
LINE
  5
243D
330
5CE8
100
AcDbEntity
  8
0
100
AcDbLine
 10
0.0433707022505345
 20
-0.1144263062402704
 30
0.0
 11
0.0473036194656409
 21
-0.0961625928171177
 31
0.0
  0
LINE
  5
243E
330
5CE8
100
AcDbEntity
  8
0
100
AcDbLine
 10
0.0473036194656409
 20
-0.0961625928171177
 30
0.0
 11
0.0512365366807508
 21
-0.0961625928171177
 31
0.0
  0
LINE
  5
243F
330
5CE8
100
AcDbEntity
  8
0
100
AcDbLine
 10
0.0512365366807508
 20
-0.0961625928171177
 30
0.0
 11
0.0573565395666975
 21
-0.1036551347898111
 31
0.0
  0
LINE
  5
2440
330
5CE8
100
AcDbEntity
  8
0
100
AcDbLine
 10
0.0573565395666975
 20
-0.1036551347898111
 30
0.0
 11
0.0508048750351904
 21
-0.1144263062402704
 31
0.0
  0
LINE
  5
2441
330
5CE8
100
AcDbEntity
  8
0
100
AcDbLine
 10
0.0508048750351904
 20
-0.1144263062402704
 30
0.0
 11
0.0612990492628178
 21
-0.1106851741716
 31
0.0
  0
LINE
  5
2442
330
5CE8
100
AcDbEntity
  8
0
100
AcDbLine
 10
0.0612990492628178
 20
-0.1106851741716
 30
0.0
 11
0.064359050705793
 21
-0.102719851772644
 31
0.0
  0
LINE
  5
2443
330
5CE8
100
AcDbEntity
  8
0
100
AcDbLine
 10
0.064359050705793
 20
-0.102719851772644
 30
0.0
 11
0.0621719650349526
 21
-0.0947648072090441
 31
0.0
  0
LINE
  5
2444
330
5CE8
100
AcDbEntity
  8
0
100
AcDbLine
 10
0.0621719650349526
 20
-0.0947648072090441
 30
0.0
 11
0.0700377994651689
 21
-0.0985059392777146
 31
0.0
  0
LINE
  5
2445
330
5CE8
100
AcDbEntity
  8
0
100
AcDbLine
 10
0.0700377994651689
 20
-0.0985059392777146
 30
0.0
 11
0.0709107152373001
 21
-0.102719851772644
 31
0.0
  0
LINE
  5
2446
330
5CE8
100
AcDbEntity
  8
0
100
AcDbLine
 10
0.0709107152373001
 20
-0.102719851772644
 30
0.0
 11
0.0704790535917397
 21
-0.1074065446938359
 31
0.0
  0
LINE
  5
2447
330
5CE8
100
AcDbEntity
  8
0
100
AcDbLine
 10
0.0704790535917397
 20
-0.1074065446938359
 30
0.0
 11
0.0761578023511156
 21
-0.1111579545978607
 31
0.0
  0
LINE
  5
2448
330
5CE8
100
AcDbEntity
  8
0
100
AcDbLine
 10
0.0761578023511156
 20
-0.1111579545978607
 30
0.0
 11
0.0831507210091988
 21
-0.1017845687554768
 31
0.0
  0
LINE
  5
2449
330
5CE8
100
AcDbEntity
  8
0
100
AcDbLine
 10
0.0831507210091988
 20
-0.1017845687554768
 30
0.0
 11
0.0739707166802752
 21
-0.0835208553323259
 31
0.0
  0
LINE
  5
244A
330
5CE8
100
AcDbEntity
  8
0
100
AcDbLine
 10
0.0739707166802752
 20
-0.0835208553323259
 30
0.0
 11
0.0661048822500589
 21
-0.0732121864727748
 31
0.0
  0
LINE
  5
244B
330
5CE8
100
AcDbEntity
  8
0
100
AcDbLine
 10
0.0661048822500589
 20
-0.0732121864727748
 30
0.0
 11
0.0744119708068496
 21
-0.0680629909606765
 31
0.0
  0
LINE
  5
244C
330
5CE8
100
AcDbEntity
  8
0
100
AcDbLine
 10
0.0744119708068496
 20
-0.0680629909606765
 30
0.0
 11
0.0862107224521722
 21
-0.0694710544041044
 31
0.0
  0
LINE
  5
244D
330
5CE8
100
AcDbEntity
  8
0
100
AcDbLine
 10
0.0862107224521722
 20
-0.0694710544041044
 30
0.0
 11
0.0962636425532288
 21
-0.0708688400121797
 31
0.0
  0
LINE
  5
244E
330
5CE8
100
AcDbEntity
  8
0
100
AcDbLine
 10
0.0962636425532288
 20
-0.0708688400121797
 30
0.0
 11
0.1067578167808598
 21
-0.0647843614829142
 31
0.0
  0
LINE
  5
244F
330
5CE8
100
AcDbEntity
  8
0
100
AcDbLine
 10
0.1067578167808598
 20
-0.0647843614829142
 30
0.0
 11
0.1168107368819165
 21
-0.0610329515788894
 31
0.0
  0
LINE
  5
2450
330
5CE8
100
AcDbEntity
  8
0
100
AcDbLine
 10
0.1168107368819165
 20
-0.0610329515788894
 30
0.0
 11
0.111563649768101
 21
-0.0465206480597615
 31
0.0
  0
LINE
  5
2451
330
5CE8
100
AcDbEntity
  8
0
100
AcDbLine
 10
0.111563649768101
 20
-0.0465206480597615
 30
0.0
 11
0.1176836526540477
 21
-0.0315252862790203
 31
0.0
  0
LINE
  5
2452
330
5CE8
100
AcDbEntity
  8
0
100
AcDbLine
 10
0.1176836526540477
 20
-0.0315252862790203
 30
0.0
 11
0.1102590723504058
 21
-0.02168939784573
 31
0.0
  0
LINE
  5
2453
330
5CE8
100
AcDbEntity
  8
0
100
AcDbLine
 10
0.1102590723504058
 20
-0.02168939784573
 30
0.0
 11
0.1015107296670443
 21
-0.0160776997427252
 31
0.0
  0
LINE
  5
2454
330
5CE8
100
AcDbEntity
  8
0
100
AcDbLine
 10
0.1015107296670443
 20
-0.0160776997427252
 30
0.0
 11
0.0888390622495869
 21
-0.0104557238043661
 31
0.0
  0
LINE
  5
2455
330
5CE8
100
AcDbEntity
  8
0
100
AcDbLine
 10
0.0888390622495869
 20
-0.0104557238043661
 30
0.0
 11
0.0980190665785088
 21
-0.0034256844225791
 31
0.0
  0
LINE
  5
2456
330
5CE8
100
AcDbEntity
  8
0
100
AcDbLine
 10
0.0980190665785088
 20
-0.0034256844225791
 30
0.0
 11
0.0910165554394133
 21
0.0092160530622127
 31
0.0
  0
LINE
  5
2457
330
5CE8
100
AcDbEntity
  8
0
100
AcDbLine
 10
0.0910165554394133
 20
0.0092160530622127
 30
0.0
 11
0.0682919679208993
 21
0.0124946825399768
 31
0.0
  0
LINE
  5
2458
330
5CE8
100
AcDbEntity
  8
0
100
AcDbLine
 10
0.0682919679208993
 20
0.0124946825399768
 30
0.0
 11
0.0516777908073216
 21
0.0110866190965488
 31
0.0
  0
LINE
  5
2459
330
5CE8
100
AcDbEntity
  8
0
100
AcDbLine
 10
0.0516777908073216
 20
0.0110866190965488
 30
0.0
 11
0.053864876478162
 21
0.0218680683823589
 31
0.0
  0
LINE
  5
245A
330
5CE8
100
AcDbEntity
  8
0
100
AcDbLine
 10
0.053864876478162
 20
0.0218680683823589
 30
0.0
 11
0.0700377994651689
 21
0.0284253273378852
 31
0.0
  0
LINE
  5
245B
330
5CE8
100
AcDbEntity
  8
0
100
AcDbLine
 10
0.0700377994651689
 20
0.0284253273378852
 30
0.0
 11
0.0862107224521722
 21
0.0284253273378852
 31
0.0
  0
LINE
  5
245C
330
5CE8
100
AcDbEntity
  8
0
100
AcDbLine
 10
0.0862107224521722
 20
0.0284253273378852
 30
0.0
 11
0.1093765640972606
 21
0.0232658539904342
 31
0.0
  0
LINE
  5
245D
330
5CE8
100
AcDbEntity
  8
0
100
AcDbLine
 10
0.1093765640972606
 20
0.0232658539904342
 30
0.0
 11
0.1141919895655139
 21
0.0274797664853637
 31
0.0
  0
LINE
  5
245E
330
5CE8
100
AcDbEntity
  8
0
100
AcDbLine
 10
0.1141919895655139
 20
0.0274797664853637
 30
0.0
 11
0.1146236512110743
 21
0.0485596067953722
 31
0.0
  0
LINE
  5
245F
330
5CE8
100
AcDbEntity
  8
0
100
AcDbLine
 10
0.1146236512110743
 20
0.0485596067953722
 30
0.0
 11
0.1089449024517002
 21
0.0537088023074705
 31
0.0
  0
LINE
  5
2460
330
5CE8
100
AcDbEntity
  8
0
100
AcDbLine
 10
0.1089449024517002
 20
0.0537088023074705
 30
0.0
 11
0.0988919823506436
 21
0.0532462997165641
 31
0.0
  0
LINE
  5
2461
330
5CE8
100
AcDbEntity
  8
0
100
AcDbLine
 10
0.0988919823506436
 20
0.0532462997165641
 30
0.0
 11
0.0918990636925621
 21
0.0588682756549233
 31
0.0
  0
LINE
  5
2462
330
5CE8
100
AcDbEntity
  8
0
100
AcDbLine
 10
0.0918990636925621
 20
0.0588682756549233
 30
0.0
 11
0.1010790680214839
 21
0.0640174711670216
 31
0.0
  0
LINE
  5
2463
330
5CE8
100
AcDbEntity
  8
0
100
AcDbLine
 10
0.1010790680214839
 20
0.0640174711670216
 30
0.0
 11
0.100196559768337
 21
0.0715100131397151
 31
0.0
  0
LINE
  5
2464
330
5CE8
100
AcDbEntity
  8
0
100
AcDbLine
 10
0.100196559768337
 20
0.0715100131397151
 30
0.0
 11
0.0866519765787466
 21
0.0776047695043349
 31
0.0
  0
LINE
  5
2465
330
5CE8
100
AcDbEntity
  8
0
100
AcDbLine
 10
0.0866519765787466
 20
0.0776047695043349
 30
0.0
 11
0.0730978009081422
 21
0.0598035586720904
 31
0.0
  0
LINE
  5
2466
330
5CE8
100
AcDbEntity
  8
0
100
AcDbLine
 10
0.0730978009081422
 20
0.0598035586720904
 30
0.0
 11
0.0551790463768711
 21
0.0560521487680656
 31
0.0
  0
LINE
  5
2467
330
5CE8
100
AcDbEntity
  8
0
100
AcDbLine
 10
0.0551790463768711
 20
0.0560521487680656
 30
0.0
 11
0.0639177965792186
 21
0.0747886426174791
 31
0.0
  0
LINE
  5
2468
330
5CE8
100
AcDbEntity
  8
0
100
AcDbLine
 10
0.0639177965792186
 20
0.0747886426174791
 30
0.0
 11
0.0709107152373001
 21
0.0864950970851037
 31
0.0
  0
LINE
  5
2469
330
5CE8
100
AcDbEntity
  8
0
100
AcDbLine
 10
0.0709107152373001
 20
0.0864950970851037
 30
0.0
 11
0.0691648836930341
 21
0.096803765944653
 31
0.0
  0
LINE
  5
246A
330
5CE8
100
AcDbEntity
  8
0
100
AcDbLine
 10
0.0691648836930341
 20
0.096803765944653
 30
0.0
 11
0.0612990492628178
 21
0.0939979168931515
 31
0.0
  0
LINE
  5
246B
330
5CE8
100
AcDbEntity
  8
0
100
AcDbLine
 10
0.0612990492628178
 20
0.0939979168931515
 30
0.0
 11
0.0656636281234881
 21
0.1057043713607762
 31
0.0
  0
LINE
  5
246C
330
5CE8
100
AcDbEntity
  8
0
100
AcDbLine
 10
0.0656636281234881
 20
0.1057043713607762
 30
0.0
 11
0.0525507065794564
 21
0.1052315909345154
 31
0.0
  0
LINE
  5
246D
330
5CE8
100
AcDbEntity
  8
0
100
AcDbLine
 10
0.0525507065794564
 20
0.1052315909345154
 30
0.0
 11
0.0420565323518272
 21
0.0977390489618202
 31
0.0
  0
LINE
  5
246E
330
5CE8
100
AcDbEntity
  8
0
100
AcDbLine
 10
0.0420565323518272
 20
0.0977390489618202
 30
0.0
 11
0.0355048678203183
 21
0.1075749373951105
 31
0.0
  0
LINE
  5
246F
330
5CE8
100
AcDbEntity
  8
0
100
AcDbLine
 10
0.0355048678203183
 20
0.1075749373951105
 30
0.0
 11
0.0350636136937439
 21
0.1122616303163024
 31
0.0
  0
LINE
  5
2470
330
5CE8
100
AcDbEntity
  8
0
100
AcDbLine
 10
0.0350636136937439
 20
0.1122616303163024
 30
0.0
 11
0.0280706950356624
 21
0.1080477178213712
 31
0.0
  0
LINE
  5
2471
330
5CE8
100
AcDbEntity
  8
0
100
AcDbLine
 10
0.0280706950356624
 20
0.1080477178213712
 30
0.0
 11
0.017576520808035
 21
0.0860325944941955
 31
0.0
  0
LINE
  5
2472
330
5CE8
100
AcDbEntity
  8
0
100
AcDbLine
 10
0.017576520808035
 20
0.0860325944941955
 30
0.0
 11
0.011897772048659
 21
0.0766592086518134
 31
0.0
  0
LINE
  5
2473
330
5CE8
100
AcDbEntity
  8
0
100
AcDbLine
 10
0.011897772048659
 20
0.0766592086518134
 30
0.0
 11
0.0057777691627088
 21
0.0902465069891267
 31
0.0
  0
LINE
  5
2474
330
5CE8
100
AcDbEntity
  8
0
100
AcDbLine
 10
0.0057777691627088
 20
0.0902465069891267
 30
0.0
 11
0.0044635992640032
 21
0.1136696937597304
 31
0.0
  0
LINE
  5
2475
330
5CE8
100
AcDbEntity
  8
0
100
AcDbLine
 10
0.0044635992640032
 20
0.1136696937597304
 30
0.0
 11
-0.0086493222800277
 21
0.1136696937597304
 31
0.0
  0
LINE
  5
2476
330
5CE8
100
AcDbEntity
  8
0
100
AcDbLine
 10
-0.0086493222800277
 20
0.1136696937597304
 30
0.0
 11
-0.0086493222800277
 21
0.1108535668728745
 31
0.0
  0
LINE
  5
2477
330
5CE8
100
AcDbEntity
  8
0
100
AcDbLine
 10
-0.0086493222800277
 20
0.1108535668728745
 30
0.0
 11
-0.0025293193940792
 21
0.1085102204122776
 31
0.0
  0
LINE
  5
2478
330
5CE8
100
AcDbEntity
  8
0
100
AcDbLine
 10
-0.0025293193940792
 20
0.1085102204122776
 30
0.0
 11
-0.0069034907357599
 21
0.1024257418830121
 31
0.0
  0
LINE
  5
2479
330
5CE8
100
AcDbEntity
  8
0
100
AcDbLine
 10
-0.0069034907357599
 20
0.1024257418830121
 30
0.0
 11
-0.0143280710394036
 21
0.1052315909345154
 31
0.0
  0
LINE
  5
247A
330
5CE8
100
AcDbEntity
  8
0
100
AcDbLine
 10
-0.0143280710394036
 20
0.1052315909345154
 30
0.0
 11
-0.0239493294948989
 21
0.1136696937597304
 31
0.0
  0
LINE
  5
247B
330
5CE8
100
AcDbEntity
  8
0
100
AcDbLine
 10
-0.0239493294948989
 20
0.1136696937597304
 30
0.0
 11
-0.035316419494662
 21
0.1136696937597304
 31
0.0
  0
LINE
  5
247C
330
5CE8
100
AcDbEntity
  8
0
100
AcDbLine
 10
-0.035316419494662
 20
0.1136696937597304
 30
0.0
 11
-0.0335609954693821
 21
0.1075749373951105
 31
0.0
  0
LINE
  5
247D
330
5CE8
100
AcDbEntity
  8
0
100
AcDbLine
 10
-0.0335609954693821
 20
0.1075749373951105
 30
0.0
 11
-0.0296280782542739
 21
0.1052315909345154
 31
0.0
  0
LINE
  5
247E
330
5CE8
100
AcDbEntity
  8
0
100
AcDbLine
 10
-0.0296280782542739
 20
0.1052315909345154
 30
0.0
 11
-0.0427409997983039
 21
0.0982118293880809
 31
0.0
  0
LINE
  5
247F
330
5CE8
100
AcDbEntity
  8
0
100
AcDbLine
 10
-0.0427409997983039
 20
0.0982118293880809
 30
0.0
 11
-0.0462422553678516
 21
0.0949331999103187
 31
0.0
  0
LINE
  5
2480
330
5CE8
100
AcDbEntity
  8
0
100
AcDbLine
 10
-0.0462422553678516
 20
0.0949331999103187
 30
0.0
 11
-0.0392493367097702
 21
0.0850973114770284
 31
0.0
  0
LINE
  5
2481
330
5CE8
100
AcDbEntity
  8
0
100
AcDbLine
 10
-0.0392493367097702
 20
0.0850973114770284
 30
0.0
 11
-0.0405635066084757
 21
0.0743261400265709
 31
0.0
  0
LINE
  5
2482
330
5CE8
100
AcDbEntity
  8
0
100
AcDbLine
 10
-0.0405635066084757
 20
0.0743261400265709
 30
0.0
 11
-0.0270093309378732
 21
0.0649527541841888
 31
0.0
  0
LINE
  5
2483
330
5CE8
100
AcDbEntity
  8
0
100
AcDbLine
 10
-0.0270093309378732
 20
0.0649527541841888
 30
0.0
 11
-0.0130234936217084
 21
0.0527735192903034
 31
0.0
  0
LINE
  5
2484
330
5CE8
100
AcDbEntity
  8
0
100
AcDbLine
 10
-0.0130234936217084
 20
0.0527735192903034
 30
0.0
 11
-0.0270093309378732
 21
0.0546543631599921
 31
0.0
  0
LINE
  5
2485
330
5CE8
100
AcDbEntity
  8
0
100
AcDbLine
 10
-0.0270093309378732
 20
0.0546543631599921
 30
0.0
 11
-0.0466835094944251
 21
0.0687041640882118
 31
0.0
  0
LINE
  5
2486
330
5CE8
100
AcDbEntity
  8
0
100
AcDbLine
 10
-0.0466835094944251
 20
0.0687041640882118
 30
0.0
 11
-0.0576093453676156
 21
0.0991471124052499
 31
0.0
  0
LINE
  5
2487
330
5CE8
100
AcDbEntity
  8
0
100
AcDbLine
 10
-0.0576093453676156
 20
0.0991471124052499
 30
0.0
 11
-0.0659164339244036
 21
0.1005551758486778
 31
0.0
  0
LINE
  5
2488
330
5CE8
100
AcDbEntity
  8
0
100
AcDbLine
 10
-0.0659164339244036
 20
0.1005551758486778
 30
0.0
 11
-0.0742235224811933
 21
0.0911817900062957
 31
0.0
  0
LINE
  5
2489
330
5CE8
100
AcDbEntity
  8
0
100
AcDbLine
 10
-0.0742235224811933
 20
0.0911817900062957
 30
0.0
 11
-0.0746551841267538
 21
0.0827539650164333
 31
0.0
  0
LINE
  5
248A
330
5CE8
100
AcDbEntity
  8
0
100
AcDbLine
 10
-0.0746551841267538
 20
0.0827539650164333
 30
0.0
 11
-0.0733410142280464
 21
0.0752614230437381
 31
0.0
  0
LINE
  5
248B
330
5CE8
100
AcDbEntity
  8
0
100
AcDbLine
 10
-0.0733410142280464
 20
0.0752614230437381
 30
0.0
 11
-0.0829622726835426
 21
0.0724452961568822
 31
0.0
  0
LINE
  5
248C
330
5CE8
100
AcDbEntity
  8
0
100
AcDbLine
 10
-0.0829622726835426
 20
0.0724452961568822
 30
0.0
 11
-0.1004493655692533
 21
0.0687041640882118
 31
0.0
  0
LINE
  5
248D
330
5CE8
100
AcDbEntity
  8
0
100
AcDbLine
 10
-0.1004493655692533
 20
0.0687041640882118
 30
0.0
 11
-0.11050228567031
 21
0.0635446907407609
 31
0.0
  0
LINE
  5
248E
330
5CE8
100
AcDbEntity
  8
0
100
AcDbLine
 10
-0.11050228567031
 20
0.0635446907407609
 30
0.0
 11
-0.1161810344296859
 21
0.0593307782458297
 31
0.0
  0
LINE
  5
248F
330
5CE8
100
AcDbEntity
  8
0
100
AcDbLine
 10
-0.1161810344296859
 20
0.0593307782458297
 30
0.0
 11
-0.1074422842273366
 21
0.051375733682228
 31
0.0
  0
LINE
  5
2490
330
5CE8
100
AcDbEntity
  8
0
100
AcDbLine
 10
-0.1074422842273366
 20
0.051375733682228
 30
0.0
 11
-0.0903964454681976
 21
0.0509029532559673
 31
0.0
  0
LINE
  5
2491
330
5CE8
100
AcDbEntity
  8
0
100
AcDbLine
 10
-0.0903964454681976
 20
0.0509029532559673
 30
0.0
 11
-0.0873364440252233
 21
0.0485596067953722
 31
0.0
  0
LINE
  5
2492
330
5CE8
100
AcDbEntity
  8
0
100
AcDbLine
 10
-0.0873364440252233
 20
0.0485596067953722
 30
0.0
 11
-0.0991351956705468
 21
0.0438729138741802
 31
0.0
  0
LINE
  5
2493
330
5CE8
100
AcDbEntity
  8
0
100
AcDbLine
 10
-0.0991351956705468
 20
0.0438729138741802
 30
0.0
 11
-0.1122481172145777
 21
0.0391964987883426
 31
0.0
  0
LINE
  5
2494
330
5CE8
100
AcDbEntity
  8
0
100
AcDbLine
 10
-0.1122481172145777
 20
0.0391964987883426
 30
0.0
 11
-0.115308118657552
 21
0.0317039568156492
 31
0.0
  0
LINE
  5
2495
330
5CE8
100
AcDbEntity
  8
0
100
AcDbLine
 10
-0.115308118657552
 20
0.0317039568156492
 30
0.0
 11
-0.1100610315437374
 21
0.0274797664853637
 31
0.0
  0
LINE
  5
2496
330
5CE8
100
AcDbEntity
  8
0
100
AcDbLine
 10
-0.1100610315437374
 20
0.0274797664853637
 30
0.0
 11
-0.0947610243288661
 21
0.0307583959631277
 31
0.0
  0
LINE
  5
2497
330
5CE8
100
AcDbEntity
  8
0
100
AcDbLine
 10
-0.0947610243288661
 20
0.0307583959631277
 30
0.0
 11
-0.0895235296960637
 21
0.0246739174338622
 31
0.0
  0
LINE
  5
2498
330
5CE8
100
AcDbEntity
  8
0
100
AcDbLine
 10
-0.0895235296960637
 20
0.0246739174338622
 30
0.0
 11
-0.0785881013418619
 21
0.0148380290005719
 31
0.0
  0
LINE
  5
2499
330
5CE8
100
AcDbEntity
  8
0
100
AcDbLine
 10
-0.0785881013418619
 20
0.0148380290005719
 30
0.0
 11
-0.0549810055702009
 21
0.0143652485743111
 31
0.0
  0
LINE
  5
249A
330
5CE8
100
AcDbEntity
  8
0
100
AcDbLine
 10
-0.0549810055702009
 20
0.0143652485743111
 30
0.0
 11
-0.060669346810589
 21
0.0045293601410226
 31
0.0
  0
LINE
  5
249B
330
5CE8
100
AcDbEntity
  8
0
100
AcDbLine
 10
-0.060669346810589
 20
0.0045293601410226
 30
0.0
 11
-0.1017635354679607
 21
-0.0006198353710758
 31
0.0
  0
LINE
  5
249C
330
5CE8
100
AcDbEntity
  8
0
100
AcDbLine
 10
-0.1017635354679607
 20
-0.0006198353710758
 30
0.0
 11
-0.1091881157716035
 21
-0.0104557238043661
 31
0.0
  0
LINE
  5
249D
330
5CE8
100
AcDbEntity
  8
0
100
AcDbLine
 10
-0.1091881157716035
 20
-0.0104557238043661
 30
0.0
 11
-0.1144352028854181
 21
-0.0212268952548236
 31
0.0
  0
LINE
  5
249E
330
5CE8
100
AcDbEntity
  8
0
100
AcDbLine
 10
-0.1144352028854181
 20
-0.0212268952548236
 30
0.0
 11
-0.0991351956705468
 21
-0.024968027323494
 31
0.0
  0
LINE
  5
249F
330
5CE8
100
AcDbEntity
  8
0
100
AcDbLine
 10
-0.0991351956705468
 20
-0.024968027323494
 30
0.0
 11
-0.1021951971135211
 21
-0.0315252862790203
 31
0.0
  0
LINE
  5
24A0
330
5CE8
100
AcDbEntity
  8
0
100
AcDbLine
 10
-0.1021951971135211
 20
-0.0315252862790203
 30
0.0
 11
-0.1065693684552018
 21
-0.0423067355648321
 31
0.0
  0
LINE
  5
24A1
330
5CE8
100
AcDbEntity
  8
0
100
AcDbLine
 10
-0.1065693684552018
 20
-0.0423067355648321
 30
0.0
 11
-0.0873364440252233
 21
-0.0666549275172486
 31
0.0
  0
LINE
  5
24A2
330
5CE8
100
AcDbEntity
  8
0
100
AcDbLine
 10
-0.0873364440252233
 20
-0.0666549275172486
 30
0.0
 11
-0.0838351884556756
 21
-0.0661924249263421
 31
0.0
  0
LINE
  5
24A3
330
5CE8
100
AcDbEntity
  8
0
100
AcDbLine
 10
-0.0838351884556756
 20
-0.0661924249263421
 30
0.0
 11
-0.0650435181522697
 21
-0.0624410150223174
 31
0.0
  0
LINE
  5
24A4
330
5CE8
100
AcDbEntity
  8
0
100
AcDbLine
 10
-0.0650435181522697
 20
-0.0624410150223174
 30
0.0
 11
-0.0584822611397486
 21
-0.0755555329333717
 31
0.0
  0
LINE
  5
24A5
330
5CE8
100
AcDbEntity
  8
0
100
AcDbLine
 10
-0.0584822611397486
 20
-0.0755555329333717
 30
0.0
 11
-0.0663480955699649
 21
-0.0886700508444243
 31
0.0
  0
LINE
  5
24A6
330
5CE8
100
AcDbEntity
  8
0
100
AcDbLine
 10
-0.0663480955699649
 20
-0.0886700508444243
 30
0.0
 11
-0.0519210041272276
 21
-0.1083418277110031
 31
0.0
  0
LINE
  5
24A7
330
5CE8
100
AcDbEntity
  8
0
100
AcDbLine
 10
-0.0519210041272276
 20
-0.1083418277110031
 30
0.0
 11
-0.0291964166087135
 21
-0.1134910232231015
 31
0.0
  0
LINE
  5
24A8
330
5CE8
100
AcDbEntity
  8
0
100
AcDbLine
 10
-0.0291964166087135
 20
-0.1134910232231015
 30
0.0
 11
-0.0305009940264069
 21
-0.109277110728172
 31
0.0
  0
LINE
  5
24A9
330
5CE8
100
AcDbEntity
  8
0
100
AcDbLine
 10
-0.0305009940264069
 20
-0.109277110728172
 30
0.0
 11
-0.0396809983553306
 21
-0.1003765053120489
 31
0.0
  0
LINE
  5
24AA
330
5CE8
100
AcDbEntity
  8
0
100
AcDbLine
 10
-0.0396809983553306
 20
-0.1003765053120489
 30
0.0
 11
-0.0305009940264069
 21
-0.1017845687554768
 31
0.0
  0
LINE
  5
24AB
330
5CE8
100
AcDbEntity
  8
0
100
AcDbLine
 10
-0.0305009940264069
 20
-0.1017845687554768
 30
0.0
 11
-0.0270093309378732
 21
-0.1111579545978607
 31
0.0
  0
LINE
  5
24AC
330
5CE8
100
AcDbEntity
  8
0
100
AcDbLine
 10
-0.0270093309378732
 20
-0.1111579545978607
 30
0.0
 11
-0.0217622438240577
 21
-0.1144263062402704
 31
0.0
  0
LINE
  5
24AD
330
5CE8
100
AcDbEntity
  8
0
100
AcDbLine
 10
-0.0217622438240577
 20
-0.1144263062402704
 30
0.0
 11
-0.0147693251659762
 21
-0.1134910232231015
 31
0.0
  0
LINE
  5
24AE
330
5CE8
100
AcDbEntity
  8
0
100
AcDbLine
 10
-0.0147693251659762
 20
-0.1134910232231015
 30
0.0
 11
-0.016515156710244
 21
-0.1031926321989047
 31
0.0
  0
LINE
  5
24AF
330
5CE8
100
AcDbEntity
  8
0
100
AcDbLine
 10
-0.016515156710244
 20
-0.1031926321989047
 30
0.0
 11
-0.0195751581532173
 21
-0.0947648072090441
 31
0.0
  0
LINE
  5
24B0
330
5CE8
100
AcDbEntity
  8
0
100
AcDbLine
 10
-0.0195751581532173
 20
-0.0947648072090441
 30
0.0
 11
-0.0086493222800277
 21
-0.0830480749060651
 31
0.0
  0
LINE
  5
24B1
330
5CE8
100
AcDbEntity
  8
0
100
AcDbLine
 10
-0.0086493222800277
 20
-0.0830480749060651
 30
0.0
 11
-0.004275150938347
 21
-0.0694710544041044
 31
0.0
  0
LINE
  5
24B2
330
5CE8
100
AcDbEntity
  8
0
100
AcDbLine
 10
-0.004275150938347
 20
-0.0694710544041044
 30
0.0
 11
0.0018448519476024
 21
-0.0591623855445551
 31
0.0
  0
LINE
  5
24B3
330
5CE8
100
AcDbEntity
  8
0
100
AcDbLine
 10
-0.0020880652675066
 20
0.0124946825399768
 30
0.0
 11
-0.0095222380521607
 21
0.0106241165056407
 31
0.0
  0
LINE
  5
24B4
330
5CE8
100
AcDbEntity
  8
0
100
AcDbLine
 10
-0.0095222380521607
 20
0.0106241165056407
 30
0.0
 11
-0.0077764065078938
 21
-0.0029631818316727
 31
0.0
  0
LINE
  5
24B5
330
5CE8
100
AcDbEntity
  8
0
100
AcDbLine
 10
-0.0077764065078938
 20
-0.0029631818316727
 30
0.0
 11
-0.0252634993936054
 21
-0.0052962504569152
 31
0.0
  0
LINE
  5
24B6
330
5CE8
100
AcDbEntity
  8
0
100
AcDbLine
 10
-0.0252634993936054
 20
-0.0052962504569152
 30
0.0
 11
-0.0217622438240577
 21
-0.0202916122376564
 31
0.0
  0
LINE
  5
24B7
330
5CE8
100
AcDbEntity
  8
0
100
AcDbLine
 10
-0.0217622438240577
 20
-0.0202916122376564
 30
0.0
 11
-0.0095222380521607
 21
-0.0235702417154187
 31
0.0
  0
LINE
  5
24B8
330
5CE8
100
AcDbEntity
  8
0
100
AcDbLine
 10
-0.0095222380521607
 20
-0.0235702417154187
 30
0.0
 11
-0.0016564036219453
 21
-0.0268488711931827
 31
0.0
  0
LINE
  5
24B9
330
5CE8
100
AcDbEntity
  8
0
100
AcDbLine
 10
-0.0016564036219453
 20
-0.0268488711931827
 30
0.0
 11
0.0123390261752299
 21
-0.0329333497224482
 31
0.0
  0
LINE
  5
24BA
330
5CE8
100
AcDbEntity
  8
0
100
AcDbLine
 10
0.0123390261752299
 20
-0.0329333497224482
 30
0.0
 11
0.0245790319471269
 21
-0.0277841542103499
 31
0.0
  0
LINE
  5
24BB
330
5CE8
100
AcDbEntity
  8
0
100
AcDbLine
 10
0.0245790319471269
 20
-0.0277841542103499
 30
0.0
 11
0.0180177749346058
 21
-0.02168939784573
 31
0.0
  0
LINE
  5
24BC
330
5CE8
100
AcDbEntity
  8
0
100
AcDbLine
 10
0.0180177749346058
 20
-0.02168939784573
 30
0.0
 11
0.0254519477192616
 21
-0.0174754853508006
 31
0.0
  0
LINE
  5
24BD
330
5CE8
100
AcDbEntity
  8
0
100
AcDbLine
 10
0.0254519477192616
 20
-0.0174754853508006
 30
0.0
 11
0.0171448591624728
 21
-0.0076395969175103
 31
0.0
  0
LINE
  5
24BE
330
5CE8
100
AcDbEntity
  8
0
100
AcDbLine
 10
0.0171448591624728
 20
-0.0076395969175103
 30
0.0
 11
0.0149577734916324
 21
-0.0006198353710758
 31
0.0
  0
LINE
  5
24BF
330
5CE8
100
AcDbEntity
  8
0
100
AcDbLine
 10
0.0149577734916324
 20
-0.0006198353710758
 30
0.0
 11
0.0271977792635294
 21
0.0035940771238536
 31
0.0
  0
LINE
  5
24C0
330
5CE8
100
AcDbEntity
  8
0
100
AcDbLine
 10
0.0271977792635294
 20
0.0035940771238536
 30
0.0
 11
0.0324448663773431
 21
0.0153108094268326
 31
0.0
  0
LINE
  5
24C1
330
5CE8
100
AcDbEntity
  8
0
100
AcDbLine
 10
0.0324448663773431
 20
0.0153108094268326
 30
0.0
 11
0.0250106935926873
 21
0.0228033513995261
 31
0.0
  0
LINE
  5
24C2
330
5CE8
100
AcDbEntity
  8
0
100
AcDbLine
 10
0.0250106935926873
 20
0.0228033513995261
 30
0.0
 11
0.0105836021499499
 21
0.0148380290005719
 31
0.0
  0
LINE
  5
24C3
330
5CE8
100
AcDbEntity
  8
0
100
AcDbLine
 10
0.0105836021499499
 20
0.0148380290005719
 30
0.0
 11
-0.0020880652675066
 21
0.0124946825399768
 31
0.0
  0
ENDBLK
  5
24C4
330
5CE8
100
AcDbEntity
  8
0
100
AcDbBlockEnd
  0
BLOCK
  5
2A7F
330
5CEB
100
AcDbEntity
  8
0
100
AcDbBlockBegin
  2
PCOR
 70
     0
 10
0.0
 20
0.0
 30
0.0
  3
PCOR
  1

  0
ARC
  5
2A80
330
5CEB
100
AcDbEntity
  8
0
100
AcDbCircle
 10
0.2190952692280407
 20
-0.1712672721151842
 30
0.0
 40
0.2780920989454468
100
AcDbArc
 50
122.8035820356677
 51
139.2683483964629
  0
CIRCLE
  5
2A81
330
5CEB
100
AcDbEntity
  8
0
100
AcDbCircle
 10
0.0902998905005046
 20
0.0749148381112019
 30
0.0
 40
0.0015941951331932
  0
ARC
  5
2A82
330
5CEB
100
AcDbEntity
  8
0
100
AcDbCircle
 10
0.2170517732580317
 20
-0.183729010054336
 30
0.0
 40
0.2884768526577574
100
AcDbArc
 50
94.23729563967449
 51
111.1072450876085
  0
ENDBLK
  5
2A83
330
5CEB
100
AcDbEntity
  8
0
100
AcDbBlockEnd
  0
BLOCK
  5
2AA8
330
5CEC
100
AcDbEntity
  8
0
100
AcDbBlockBegin
  2
IP
 70
     0
 10
0.0
 20
0.0
 30
0.0
  3
IP
  1

  0
CIRCLE
  5
2AA9
330
5CEC
100
AcDbEntity
  8
0
100
AcDbCircle
 10
0.0
 20
0.0
 30
0.0
 40
0.0375
  0
CIRCLE
  5
2AAA
330
5CEC
100
AcDbEntity
  8
0
100
AcDbCircle
 10
0.0
 20
0.0
 30
0.0
 40
0.05
  0
ENDBLK
  5
2AAB
330
5CEC
100
AcDbEntity
  8
0
100
AcDbBlockEnd
  0
BLOCK
  5
2C9C
330
5CEE
100
AcDbEntity
  8
0
100
AcDbBlockBegin
  2
SCALE
 70
     2
 10
0.0
 20
0.0
 30
0.0
  3
SCALE
  1

  0
TEXT
  5
2C9D
330
5CEE
100
AcDbEntity
  8
0
100
AcDbText
 10
0.4178984908689422
 20
-0.3992176617122327
 30
0.0
 40
0.0833
  1
1 inch =     ft.
 41
1.000000000000049
  7
C6
 72
     1
 11
0.9970318242023044
 21
-0.3992176617122327
 31
0.0
100
AcDbText
  0
TEXT
  5
2C9E
330
5CEE
100
AcDbEntity
  8
0
100
AcDbText
 10
0.6023484908689518
 20
-0.2187850176420274
 30
0.0
 40
0.0833
  1
( IN FEET )
 41
1.000000000000049
  7
C6
 72
     1
 11
0.9970318242023044
 21
-0.2187850176420274
 31
0.0
100
AcDbText
  0
TEXT
  5
2C9F
330
5CEE
100
AcDbEntity
  8
0
100
AcDbText
 10
0.1617255447693681
 20
0.6133936223068108
 30
0.0
 40
0.138900000000004
  1
GRAPHIC SCALE
 41
1.000000000000049
  7
C10
 72
     1
 11
1.024889830483721
 21
0.6133936223068108
 31
0.0
100
AcDbText
  0
LINE
  5
2CA0
330
5CEE
100
AcDbEntity
  8
0
100
AcDbLine
 10
1.5
 20
0.25
 30
0.0
 11
1.5
 21
0.3332827717418994
 31
0.0
  0
LINE
  5
2CA1
330
5CEE
100
AcDbEntity
  8
0
100
AcDbLine
 10
-1.5
 20
0.25
 30
0.0
 11
-1.5
 21
0.3329235628828271
 31
0.0
  0
LINE
  5
2CA2
330
5CEE
100
AcDbEntity
  8
0
100
AcDbLine
 10
-1.5
 20
0.125
 30
0.0
 11
1.5
 21
0.125
 31
0.0
  0
LINE
  5
2CA3
330
5CEE
100
AcDbEntity
  8
0
100
AcDbLine
 10
0.5
 20
0.25
 30
0.0
 11
0.5
 21
0.3329235628828271
 31
0.0
  0
LINE
  5
2CA4
330
5CEE
100
AcDbEntity
  8
0
100
AcDbLine
 10
-0.5
 20
0.25
 30
0.0
 11
-0.5
 21
0.3329235628828271
 31
0.0
  0
LINE
  5
2CA5
330
5CEE
100
AcDbEntity
  8
0
100
AcDbLine
 10
-0.5
 20
0.0
 30
0.0
 11
-0.5
 21
0.25
 31
0.0
  0
LINE
  5
2CA6
330
5CEE
100
AcDbEntity
  8
0
100
AcDbLine
 10
-1.5
 20
0.25
 30
0.0
 11
-1.5
 21
0.0
 31
0.0
  0
LINE
  5
2CA7
330
5CEE
100
AcDbEntity
  8
0
100
AcDbLine
 10
3.5
 20
0.25
 30
0.0
 11
-1.5
 21
0.25
 31
0.0
  0
LINE
  5
2CA8
330
5CEE
100
AcDbEntity
  8
0
100
AcDbLine
 10
1.5
 20
0.0
 30
0.0
 11
1.5
 21
0.25
 31
0.0
  0
LINE
  5
2CA9
330
5CEE
100
AcDbEntity
  8
0
100
AcDbLine
 10
-1.5
 20
0.0
 30
0.0
 11
3.5
 21
0.0
 31
0.0
  0
TEXT
  5
2CAA
330
5CEE
100
AcDbEntity
  8
0
100
AcDbText
 10
-0.5156226271638004
 20
0.3604560034428843
 30
0.0
 40
0.0556
  1
0
 41
1.000000000000049
  7
S4
 72
     1
 11
-0.4970892938304661
 21
0.3604560034428843
 31
0.0
100
AcDbText
  0
ATTDEF
  5
2CAB
330
5CEE
100
AcDbEntity
  8
0
100
AcDbText
 10
-1.499752268335912
 20
0.3692559117973246
 30
0.0
 40
0.0556
  1

 41
1.000000000000049
  7
S4
 72
     1
 11
-1.499752268335912
 21
0.3692559117973246
 31
0.0
100
AcDbAttributeDefinition
  3
scale
  2
0
 70
     0
  0
ATTDEF
  5
2CAC
330
5CEE
100
AcDbEntity
  8
0
100
AcDbText
 10
0.5055058953345295
 20
0.3692559117973246
 30
0.0
 40
0.0556
  1

 41
1.000000000000049
  7
S4
 72
     1
 11
0.5055058953345295
 21
0.3692559117973246
 31
0.0
100
AcDbAttributeDefinition
  3
scale
  2
0
 70
     0
  0
ATTDEF
  5
2CAD
330
5CEE
100
AcDbEntity
  8
0
100
AcDbText
 10
1.500740662633593
 20
0.3692559117973246
 30
0.0
 40
0.0556
  1

 41
1.000000000000049
  7
S4
 72
     1
 11
1.500740662633593
 21
0.3692559117973246
 31
0.0
100
AcDbAttributeDefinition
  3
tscale
  2
0
 70
     0
  0
ATTDEF
  5
2CAE
330
5CEE
100
AcDbEntity
  8
0
100
AcDbText
 10
1.132527641918923
 20
-0.3904968061732577
 30
0.0
 40
0.0833
  1

 41
1.000000000000049
  7
C6
100
AcDbAttributeDefinition
  3
scale
  2
000
 70
     0
  0
ATTDEF
  5
2CAF
330
5CEE
100
AcDbEntity
  8
0
100
AcDbText
 10
3.500740662633593
 20
0.3692559117973246
 30
0.0
 40
0.0556
  1

 41
1.000000000000049
  7
S4
 72
     1
 11
3.500740662633593
 21
0.3692559117973246
 31
0.0
100
AcDbAttributeDefinition
  3
tscale
  2
0
 70
     0
  0
LINE
  5
2CB0
330
5CEE
100
AcDbEntity
  8
0
100
AcDbLine
 10
3.5
 20
0.0
 30
0.0
 11
3.5
 21
0.25
 31
0.0
  0
LINE
  5
2CB1
330
5CEE
100
AcDbEntity
  8
0
100
AcDbLine
 10
3.5
 20
0.25
 30
0.0
 11
3.5
 21
0.3332827717418994
 31
0.0
  0
LINE
  5
2CB2
330
5CEE
100
AcDbEntity
  8
0
100
AcDbLine
 10
0.0
 20
0.25
 30
0.0
 11
0.0
 21
0.3332827717418994
 31
0.0
  0
LINE
  5
2CB3
330
5CEE
100
AcDbEntity
  8
0
100
AcDbLine
 10
0.0
 20
0.0
 30
0.0
 11
0.0
 21
0.25
 31
0.0
  0
ATTDEF
  5
2CB4
330
5CEE
100
AcDbEntity
  8
0
100
AcDbText
 10
0.0007406626335928
 20
0.3692559117973246
 30
0.0
 40
0.0556
  1

 41
1.000000000000049
  7
S4
 72
     1
 11
0.0007406626335928
 21
0.3692559117973246
 31
0.0
100
AcDbAttributeDefinition
  3
tscale
  2
0
 70
     0
  0
SOLID
  5
2CB5
330
5CEE
100
AcDbEntity
  8
0
100
AcDbTrace
 10
-1.5
 20
0.25
 30
0.0
 11
-1.5
 21
0.1200000000000001
 31
0.0
 12
-1.3
 22
0.25
 32
0.0
 13
-1.3
 23
0.1200000000000001
 33
0.0
  0
SOLID
  5
2CB6
330
5CEE
100
AcDbEntity
  8
0
100
AcDbTrace
 10
-1.3
 20
0.1200000000000001
 30
0.0
 11
-1.3
 21
0.0
 31
0.0
 12
-1.1
 22
0.1200000000000001
 32
0.0
 13
-1.1
 23
0.0
 33
0.0
  0
SOLID
  5
2CB7
330
5CEE
100
AcDbEntity
  8
0
100
AcDbTrace
 10
-1.1
 20
0.25
 30
0.0
 11
-1.1
 21
0.1200000000000001
 31
0.0
 12
-0.8999999999999999
 22
0.25
 32
0.0
 13
-0.8999999999999999
 23
0.1200000000000001
 33
0.0
  0
SOLID
  5
2CB8
330
5CEE
100
AcDbEntity
  8
0
100
AcDbTrace
 10
-0.8999999999999999
 20
0.1200000000000001
 30
0.0
 11
-0.8999999999999999
 21
0.0
 31
0.0
 12
-0.7000000000000002
 22
0.1200000000000001
 32
0.0
 13
-0.7000000000000002
 23
0.0
 33
0.0
  0
SOLID
  5
2CB9
330
5CEE
100
AcDbEntity
  8
0
100
AcDbTrace
 10
-0.7000000000000002
 20
0.25
 30
0.0
 11
-0.7000000000000002
 21
0.1200000000000001
 31
0.0
 12
-0.5
 22
0.25
 32
0.0
 13
-0.5
 23
0.1200000000000001
 33
0.0
  0
LINE
  5
2CBA
330
5CEE
100
AcDbEntity
  8
0
100
AcDbLine
 10
0.5
 20
0.0
 30
0.0
 11
0.5
 21
0.25
 31
0.0
  0
SOLID
  5
2CBB
330
5CEE
100
AcDbEntity
  8
0
100
AcDbTrace
 10
-0.5
 20
0.1200000000000001
 30
0.0
 11
-0.5
 21
0.0
 31
0.0
 12
0.0
 22
0.1200000000000001
 32
0.0
 13
0.0
 23
0.0
 33
0.0
  0
SOLID
  5
2CBC
330
5CEE
100
AcDbEntity
  8
0
100
AcDbTrace
 10
0.0
 20
0.25
 30
0.0
 11
0.0
 21
0.1200000000000001
 31
0.0
 12
0.5
 22
0.25
 32
0.0
 13
0.5
 23
0.1200000000000001
 33
0.0
  0
SOLID
  5
2CBD
330
5CEE
100
AcDbEntity
  8
0
100
AcDbTrace
 10
0.5
 20
0.1200000000000001
 30
0.0
 11
0.5
 21
0.0
 31
0.0
 12
1.5
 22
0.1200000000000001
 32
0.0
 13
1.5
 23
0.0
 33
0.0
  0
SOLID
  5
2CBE
330
5CEE
100
AcDbEntity
  8
0
100
AcDbTrace
 10
1.5
 20
0.25
 30
0.0
 11
1.5
 21
0.1200000000000001
 31
0.0
 12
3.5
 22
0.25
 32
0.0
 13
3.5
 23
0.1200000000000001
 33
0.0
  0
ENDBLK
  5
2CBF
330
5CEE
100
AcDbEntity
  8
0
100
AcDbBlockEnd
  0
BLOCK
  5
2D38
330
5CEF
100
AcDbEntity
  8
0
100
AcDbBlockBegin
  2
NORTHA
 70
     2
 10
0.0
 20
0.0
 30
0.0
  3
NORTHA
  1

  0
LINE
  5
2D39
330
5CEF
100
AcDbEntity
  8
0
100
AcDbLine
 10
1.499999999999915
 20
0.0
 30
0.0
 11
0.1999999999999602
 21
0.0
 31
0.0
  0
LINE
  5
2D3A
330
5CEF
100
AcDbEntity
  8
0
100
AcDbLine
 10
0.1999999999999602
 20
0.0
 30
0.0
 11
0.0
 21
0.0
 31
0.0
  0
LINE
  5
2D3B
330
5CEF
100
AcDbEntity
  8
0
100
AcDbLine
 10
2.69999999999925
 20
0.0
 30
0.0
 11
2.283946693117116
 21
0.0
 31
0.0
  0
LINE
  5
2D3C
330
5CEF
100
AcDbEntity
  8
0
100
AcDbLine
 10
6.400000000000006
 20
0.0
 30
0.0
 11
5.101009028269488
 21
0.0
 31
0.0
  0
LINE
  5
2D3D
330
5CEF
100
AcDbEntity
  8
0
100
AcDbLine
 10
6.400000000000006
 20
0.0
 30
0.0
 11
5.08247740107862
 21
0.1024739799161978
 31
0.0
  0
LINE
  5
2D3E
330
5CEF
100
AcDbEntity
  8
0
100
AcDbLine
 10
1.499999999999915
 20
0.0
 30
0.0
 11
0.3000000000000114
 21
0.1400000000001
 31
0.0
  0
ARC
  5
2D3F
330
5CEF
100
AcDbEntity
  8
0
100
AcDbCircle
 10
2.508562512005454
 20
0.2270220517617361
 30
0.0
 40
0.2969635058315681
100
AcDbArc
 50
310.1394296473101
 51
10.2647209349484
  0
ARC
  5
2D40
330
5CEF
100
AcDbEntity
  8
0
100
AcDbCircle
 10
0.1998858333331555
 20
0.1065916666662758
 30
0.0
 40
0.1065917278061856
100
AcDbArc
 50
270.0613675146408
 51
18.18966330065709
  0
LINE
  5
2D41
330
5CEF
100
AcDbEntity
  8
0
100
AcDbLine
 10
4.827804600159595
 20
-0.0019805752185675
 30
0.0
 11
3.616509075683041
 21
-0.0002183126603938
 31
0.0
  0
LINE
  5
2D42
330
5CEF
100
AcDbEntity
  8
0
100
AcDbLine
 10
3.466451328973505
 20
0.0
 30
0.0
 11
3.238574097298539
 21
0.0
 31
0.0
  0
LINE
  5
2D43
330
5CEF
100
AcDbEntity
  8
0
100
AcDbLine
 10
4.101998337555557
 20
0.1790408684684053
 30
0.0
 11
3.602787600236041
 21
0.2171162103046242
 31
0.0
  0
LINE
  5
2D44
330
5CEF
100
AcDbEntity
  8
0
100
AcDbLine
 10
2.015374026558732
 20
0.0014210721380437
 30
0.0
 11
1.499999999999915
 21
0.0
 31
0.0
  0
LINE
  5
2D45
330
5CEF
100
AcDbEntity
  8
0
100
AcDbLine
 10
3.136885907739639
 20
0.0
 30
0.0
 11
2.69999999999925
 21
0.0
 31
0.0
  0
LINE
  5
2D46
330
5CEF
100
AcDbEntity
  8
0
100
AcDbLine
 10
3.476446726240852
 20
0.2273874768476958
 30
0.0
 11
2.800000000000011
 21
0.280000000000058
 31
0.0
  0
LWPOLYLINE
  5
2D47
330
5CEF
100
AcDbEntity
  8
0
100
AcDbPolyline
 90
       21
 70
     0
 43
0.0
 10
2.406444528804599
 20
-0.0772935019503507
 42
0.0777356446119137
 10
2.443074709521369
 20
-0.0318401408661373
 42
0.0796204647901721
 10
2.463385040281167
 20
0.0214304158235734
 42
0.0962663454329195
 10
2.464379818459719
 20
0.0956235221892143
 42
0.1007523055543451
 10
2.438102106021773
 20
0.1615366434221244
 42
0.2244856087247836
 10
2.363815183604174
 20
0.2069759956677331
 42
0.112549910436253
 10
2.19750642519287
 20
0.1874543584202115
 42
0.100563411182013
 10
2.07732006119258
 20
0.1151729170693727
 42
0.1348784657926941
 10
2.021264725804741
 20
0.025911714005673
 42
0.1327192389312522
 10
2.017928150373791
 20
-0.0902602150344478
 42
0.1552289698379022
 10
2.069614345330706
 20
-0.175866768403381
 42
0.1016164701841539
 10
2.179985051065216
 20
-0.2386330051542984
 42
0.0672779294406128
 10
2.36757205576609
 20
-0.2728039424516737
 42
0.0343322477900826
 10
2.619926650058346
 20
-0.2670477168371121
 42
0.0503539331887482
 10
2.789095722221191
 20
-0.2341504803402472
 42
0.0325413117580907
 10
3.001582815514041
 20
-0.1547153275755875
 42
0.0449880705181671
 10
3.144708384461836
 20
-0.0741441042450219
 42
0.0255455071190912
 10
3.215739881682396
 20
-0.0197275575321498
 42
0.0171166561343927
 10
3.314408936314521
 20
0.070190692183445
 42
0.0656498929173988
 10
3.371857912708549
 20
0.1432389902701914
 42
0.042467644978161
 10
3.434245549821355
 20
0.272249798415487
  0
LWPOLYLINE
  5
2D5E
330
5CEF
100
AcDbEntity
  8
0
100
AcDbPolyline
 90
       17
 70
     0
 43
0.0
 10
2.463599113402353
 20
0.0224724779765495
 42
0.0769188735708846
 10
2.431918297414057
 20
0.0473758995531171
 42
0.0805271909023936
 10
2.395765877902818
 20
0.0606524168689759
 42
0.0886953148708448
 10
2.337552291846663
 20
0.06148565392607
 42
0.1418974003172302
 10
2.304298001807581
 20
0.0456458419935757
 42
0.1529729446284253
 10
2.286205662571916
 20
0.0155154236361454
 42
0.1264464515901263
 10
2.286812918480905
 20
-0.0266902088540633
 42
0.1201220440262389
 10
2.31018645183596
 20
-0.0689669953892746
 42
0.080482921403807
 10
2.366432890351007
 20
-0.1131665932639692
 42
0.0673610708337497
 10
2.471970632994811
 20
-0.1542096541614058
 42
0.0598913914469395
 10
2.598344722871815
 20
-0.1690296278570713
 42
0.0281993270615316
 10
2.763518215310228
 20
-0.159225645064538
 42
0.039093555275019
 10
2.880723416692206
 20
-0.1362204809589684
 42
0.0168312570948388
 10
2.957558783471796
 20
-0.1119782331356589
 42
0.0086512906962884
 10
3.104416333965219
 20
-0.0572724269892433
 42
0.0362498273900211
 10
3.178484209309289
 20
-0.021825923754335
 42
0.0215779610053231
 10
3.295115201493388
 20
0.0516167005011425
  0
LWPOLYLINE
  5
2D71
330
5CEF
100
AcDbEntity
  8
0
100
AcDbPolyline
 90
       15
 70
     0
 43
0.0
 10
3.30860543416108
 20
0.3141193355068594
 42
0.155221701694997
 10
3.325888696103334
 20
0.2834857325277085
 42
0.2307447259483069
 10
3.349167564854696
 20
0.276397191722566
 42
0.0397883559933262
 10
3.369759531720717
 20
0.2813818798304624
 42
0.0407892987778036
 10
3.388807937582072
 20
0.289403306448861
 42
0.0536495142796063
 10
3.403211869356113
 20
0.298991289589452
 42
-0.0675427679823374
 10
3.417615801130154
 20
0.3085792727300429
 42
-0.1598881300178173
 10
3.44488777319981
 20
0.3122925656512621
 42
-0.2043888281696699
 10
3.463122287299001
 20
0.3002153939709729
 42
-0.0673978152072048
 10
3.471815438429644
 20
0.2821264400638768
 42
-0.0522147982434634
 10
3.477182159532219
 20
0.2568311264090539
 42
-0.0135773574236432
 10
3.480668635560136
 20
0.2119778580471632
 42
-0.0050271589978502
 10
3.485571376273242
 20
0.0905909714086306
 42
-0.0107756026915131
 10
3.48585099966769
 20
0.0586816230601528
 42
-0.0056528426182494
 10
3.484385709988658
 20
-0.0021244107743712
  0
LWPOLYLINE
  5
2D82
330
5CEF
100
AcDbEntity
  8
0
100
AcDbPolyline
 90
       13
 70
     0
 43
0.0
 10
3.616484651215472
 20
-0.0021244107743712
 42
0.0048209029426989
 10
3.616259986864634
 20
0.0550981085545743
 42
0.0088500182091377
 10
3.615285446128524
 20
0.0862558620372056
 42
0.0057721667971855
 10
3.608253135628559
 20
0.2023289716456134
 42
0.010588178249081
 10
3.60235098872792
 20
0.2654521516490149
 42
0.0712062950642945
 10
3.588694430776656
 20
0.3175045079022709
 42
0.0649752147436629
 10
3.558981182724636
 20
0.3683894203365412
 42
0.1036148210822745
 10
3.526747445422984
 20
0.3958726923009692
 42
0.1571158253423481
 10
3.498924674297683
 20
0.4011612485471971
 42
0.0844483520229327
 10
3.468989579883726
 20
0.3921518529590173
 42
0.1190217832912245
 10
3.451874310851224
 20
0.3778010662497877
 10
3.409634866259807
 20
0.3201675798753456
 10
3.385702805934585
 20
0.2878400300561168
  0
LWPOLYLINE
  5
2D91
330
5CEF
100
AcDbEntity
  8
0
100
AcDbPolyline
 90
       13
 70
     0
 43
0.0
 10
3.484385709988658
 20
-0.0021244107743712
 42
0.0048209029426989
 10
3.484610374339496
 20
-0.0593469301033167
 42
0.0088500182091377
 10
3.485584915075606
 20
-0.090504683585948
 42
0.0057721667971855
 10
3.492617225575572
 20
-0.2065777931942137
 42
0.010588178249081
 10
3.49851937247621
 20
-0.2697009731977573
 42
0.0712062950642945
 10
3.512175930427475
 20
-0.3217533294510133
 42
0.0649752147436629
 10
3.541889178479494
 20
-0.3726382418852836
 42
0.1036148210822745
 10
3.574122915781146
 20
-0.4001215138497116
 42
0.1571158253423481
 10
3.601945686906447
 20
-0.4054100700957974
 42
0.0844483520229327
 10
3.631880781320547
 20
-0.3964006745076176
 42
0.1190217832912245
 10
3.648996050352906
 20
-0.3820498877985301
 10
3.691235494944323
 20
-0.324416401424088
 10
3.715167555269545
 20
-0.2920888516047171
  0
LWPOLYLINE
  5
2DA0
330
5CEF
100
AcDbEntity
  8
0
100
AcDbPolyline
 90
       15
 70
     0
 43
0.0
 10
3.79226492704305
 20
-0.3183681570554597
 42
0.155221701694997
 10
3.774981665100796
 20
-0.2877345540763088
 42
0.2307447259483069
 10
3.751702796349434
 20
-0.2806460132713084
 42
0.0397883559933262
 10
3.731110829483413
 20
-0.2856307013790627
 42
0.0407892987778036
 10
3.712062423622058
 20
-0.2936521279976034
 42
0.0536495142796063
 10
3.697658491848017
 20
-0.3032401111381944
 42
-0.0675427679823374
 10
3.683254560073976
 20
-0.3128280942787853
 42
-0.1598881300178173
 10
3.655982588004321
 20
-0.3165413872000045
 42
-0.2043888281696699
 10
3.637748073905129
 20
-0.3044642155197153
 42
-0.0673978152072048
 10
3.629054922774486
 20
-0.2863752616124771
 42
-0.0522147982434634
 10
3.623688201671911
 20
-0.2610799479577963
 42
-0.0135773574236432
 10
3.620201725643994
 20
-0.2162266795957635
 42
-0.0050271589978502
 10
3.615298984930888
 20
-0.094839792957373
 42
-0.0107756026915131
 10
3.61501936153644
 20
-0.0629304446088952
 42
-0.0056528426182494
 10
3.616484651215472
 20
-0.0021244107743712
  0
LWPOLYLINE
  5
2DB1
330
5CEF
100
AcDbEntity
  8
0
100
AcDbPolyline
 90
       17
 70
     0
 43
0.0
 10
4.649721127721875
 20
-0.0456712034865348
 42
0.0769188735708846
 10
4.681401943710171
 20
-0.0705746250631023
 42
0.0805271909023936
 10
4.717554363221268
 20
-0.0838511423789612
 42
0.0886953148708448
 10
4.775767949277423
 20
-0.0846843794360552
 42
0.1418974003172302
 10
4.809022239316505
 20
-0.0688445675035609
 42
0.1529729446284253
 10
4.827114578552312
 20
-0.0387141491461307
 42
0.1264464515901263
 10
4.826507322643181
 20
0.003491483344078
 42
0.1201220440262389
 10
4.803133789288125
 20
0.0457682698792894
 42
0.080482921403807
 10
4.746887350773221
 20
0.0899678677539839
 42
0.0673610708337497
 10
4.641349608129275
 20
0.1310109286514205
 42
0.0598913914469395
 10
4.514975518252271
 20
0.1458309023470861
 42
0.0281993270615316
 10
4.349802025814
 20
0.1360269195545527
 42
0.039093555275019
 10
4.23259682443188
 20
0.1130217554489832
 42
0.0168312570948388
 10
4.155761457652432
 20
0.0887795076256737
 42
0.0086512906962884
 10
4.008903907158867
 20
0.034073701479258
 42
0.0362498273900211
 10
3.934836031814939
 20
-0.0013728017556502
 42
0.0215779610053231
 10
3.81820503963084
 20
-0.0748154260111278
  0
LWPOLYLINE
  5
2DC4
330
5CEF
100
AcDbEntity
  8
0
100
AcDbPolyline
 90
       21
 70
     0
 43
0.0
 10
4.706875712319487
 20
0.0540947764403654
 42
0.0777356446119137
 10
4.670245531602717
 20
0.008641415356152
 42
0.0796204647901721
 10
4.649935200843061
 20
-0.0446291413335587
 42
0.0962663454329195
 10
4.648940422664509
 20
-0.1188222476991996
 42
0.1007523055543451
 10
4.675218135102313
 20
-0.1847353689321096
 42
0.2244856087247836
 10
4.749505057520054
 20
-0.2301747211777183
 42
0.112549910436253
 10
4.915813815931358
 20
-0.2106530839301968
 42
0.100563411182013
 10
5.036000179931648
 20
-0.138371642579358
 42
0.1348784657926941
 10
5.092055515319487
 20
-0.0491104395156583
 42
0.1327192389312522
 10
5.095392090750295
 20
0.0670614895244626
 42
0.1552289698379022
 10
5.04370589579338
 20
0.1526680428933958
 42
0.1016164701841539
 10
4.93333519005887
 20
0.2154342796443132
 42
0.0672779294406128
 10
4.745748185358138
 20
0.2496052169416885
 42
0.0343322477900826
 10
4.493393591065882
 20
0.2438489913269848
 42
0.0503539331887482
 10
4.324224518902895
 20
0.210951754830262
 42
0.0325413117580907
 10
4.111737425610187
 20
0.1315166020656022
 42
0.0449880705181671
 10
3.968611856662392
 20
0.0509453787350367
 42
0.0255455071190912
 10
3.89758035944169
 20
-0.0034711679778354
 42
0.0171166561343927
 10
3.798911304809707
 20
-0.0933894176934302
 42
0.0656498929173988
 10
3.741462328415679
 20
-0.1664377157801766
 42
0.042467644978161
 10
3.679074691302731
 20
-0.2954485239254723
  0
LINE
  5
2DDB
330
5CEF
100
AcDbEntity
  8
0
100
AcDbLine
 10
4.617056333818539
 20
0.1387242127457
 30
0.0
 11
4.527747545420482
 21
0.1457149433061034
 31
0.0
  0
INSERT
  5
2DDC
330
5CEF
100
AcDbEntity
  8
0
100
AcDbBlockReference
  2
*X16
 10
-304.0528714578749
 20
-77.84508105850023
 30
0.0
 41
0.1
 42
0.1
 43
0.1
  0
INSERT
  5
2DDD
330
5CEF
100
AcDbEntity
  8
0
100
AcDbBlockReference
  2
*X17
 10
-304.0528714578749
 20
-77.84508105850023
 30
0.0
 41
0.1
 42
0.1
 43
0.1
  0
INSERT
  5
2DDE
330
5CEF
100
AcDbEntity
  8
0
100
AcDbBlockReference
  2
*X18
 10
-304.0528714578749
 20
-77.84508105850023
 30
0.0
 41
0.1
 42
0.1
 43
0.1
  0
LINE
  5
2DDF
330
5CEF
100
AcDbEntity
  8
0
100
AcDbLine
 10
4.206531632661523
 20
0.1708584251301204
 30
0.0
 11
4.101998337555557
 21
0.1790408684684053
 31
0.0
  0
LINE
  5
2DE0
330
5CEF
100
AcDbEntity
  8
0
100
AcDbLine
 10
3.483218440835572
 20
-0.0000243937608957
 30
0.0
 11
3.466451328973505
 21
0.0
 31
0.0
  0
INSERT
  5
2DE1
330
5CEF
100
AcDbEntity
  8
0
100
AcDbBlockReference
  2
*X19
 10
-304.0528714578749
 20
-77.84508105850023
 30
0.0
 41
0.1
 42
0.1
 43
0.1
  0
LINE
  5
2DE2
330
5CEF
100
AcDbEntity
  8
0
100
AcDbLine
 10
3.215540838832567
 20
0.0
 30
0.0
 11
3.136885907739639
 21
0.0
 31
0.0
  0
INSERT
  5
2DE3
330
5CEF
100
AcDbEntity
  8
0
100
AcDbBlockReference
  2
*X20
 10
-304.0528714578749
 20
-77.84508105850023
 30
0.0
 41
0.1
 42
0.1
 43
0.1
  0
ATTDEF
  5
2DE4
330
5CEF
100
AcDbEntity
  8
0
100
AcDbText
 10
0.0183527595897409
 20
-0.16716865717041
 30
0.0
 40
0.1
  1
MAGNETIC
  7
I
 72
     4
 11
0.4278765691135504
 21
-0.11716865717041
 31
0.0
100
AcDbAttributeDefinition
  3
ENTER_MAGNETIC_AND_OR_DATE
  2
MAG-DATE
 70
     4
  0
ENDBLK
  5
2DE5
330
5CEF
100
AcDbEntity
  8
0
100
AcDbBlockEnd
  0
BLOCK
  5
2CE3
330
5CF0
100
AcDbEntity
  8
0
100
AcDbBlockBegin
  2
*X16
 70
     1
 10
0.0
 20
0.0
 30
0.0
  3
*X16
  1

  0
LINE
  5
2CE4
330
5CF0
100
AcDbEntity
  8
0
100
AcDbLine
 10
3076.645431634909
 20
779.625
 30
0.0
 11
3081.324601156087
 21
779.625
 31
0.0
  0
LINE
  5
2CE5
330
5CF0
100
AcDbEntity
  8
0
100
AcDbLine
 10
3076.640398998733
 20
779.75
 30
0.0
 11
3081.541300385812
 21
779.75
 31
0.0
  0
LINE
  5
2CE6
330
5CF0
100
AcDbEntity
  8
0
100
AcDbLine
 10
3076.635366362558
 20
779.875
 30
0.0
 11
3081.862729244398
 21
779.8749999999999
 31
0.0
  0
LINE
  5
2CE7
330
5CF0
100
AcDbEntity
  8
0
100
AcDbLine
 10
3076.630333726383
 20
780.0
 30
0.0
 11
3082.184158102983
 21
780.0
 31
0.0
  0
LINE
  5
2CE8
330
5CF0
100
AcDbEntity
  8
0
100
AcDbLine
 10
3076.625301090208
 20
780.125
 30
0.0
 11
3082.50558696157
 21
780.1250000000001
 31
0.0
  0
LINE
  5
2CE9
330
5CF0
100
AcDbEntity
  8
0
100
AcDbLine
 10
3076.620268454033
 20
780.25
 30
0.0
 11
3081.411515845721
 21
780.2500000000001
 31
0.0
  0
LINE
  5
2CEA
330
5CF0
100
AcDbEntity
  8
0
100
AcDbLine
 10
3076.615235817857
 20
780.375
 30
0.0
 11
3079.780103502045
 21
780.375
 31
0.0
  0
LINE
  5
2CEB
330
5CF0
100
AcDbEntity
  8
0
100
AcDbLine
 10
3076.61221021491
 20
780.5
 30
0.0
 11
3078.14869115837
 21
780.5
 31
0.0
  0
LINE
  5
2CEC
330
5CF0
100
AcDbEntity
  8
0
100
AcDbLine
 10
3076.650464271084
 20
779.5
 30
0.0
 11
3081.116267822753
 21
779.4999999999999
 31
0.0
  0
LINE
  5
2CED
330
5CF0
100
AcDbEntity
  8
0
100
AcDbLine
 10
3076.655496907259
 20
779.375
 30
0.0
 11
3080.90793448942
 21
779.375
 31
0.0
  0
LINE
  5
2CEE
330
5CF0
100
AcDbEntity
  8
0
100
AcDbLine
 10
3076.660529543434
 20
779.25
 30
0.0
 11
3080.699601156086
 21
779.25
 31
0.0
  0
LINE
  5
2CEF
330
5CF0
100
AcDbEntity
  8
0
100
AcDbLine
 10
3076.665562179609
 20
779.125
 30
0.0
 11
3080.491267822753
 21
779.125
 31
0.0
  0
LINE
  5
2CF0
330
5CF0
100
AcDbEntity
  8
0
100
AcDbLine
 10
3076.670594815784
 20
779.0
 30
0.0
 11
3080.28293448942
 21
779.0
 31
0.0
  0
LINE
  5
2CF1
330
5CF0
100
AcDbEntity
  8
0
100
AcDbLine
 10
3076.675627451959
 20
778.875
 30
0.0
 11
3080.113016517641
 21
778.875
 31
0.0
  0
LINE
  5
2CF2
330
5CF0
100
AcDbEntity
  8
0
100
AcDbLine
 10
3076.680660088135
 20
778.75
 30
0.0
 11
3079.94726776174
 21
778.75
 31
0.0
  0
LINE
  5
2CF3
330
5CF0
100
AcDbEntity
  8
0
100
AcDbLine
 10
3076.68569272431
 20
778.625
 30
0.0
 11
3079.781519005838
 21
778.625
 31
0.0
  0
LINE
  5
2CF4
330
5CF0
100
AcDbEntity
  8
0
100
AcDbLine
 10
3076.690725360485
 20
778.5
 30
0.0
 11
3079.615770249936
 21
778.5
 31
0.0
  0
ENDBLK
  5
2CF5
330
5CF0
100
AcDbEntity
  8
0
100
AcDbBlockEnd
  0
BLOCK
  5
2CF6
330
5CF1
100
AcDbEntity
  8
0
100
AcDbBlockBegin
  2
*X17
 70
     1
 10
0.0
 20
0.0
 30
0.0
  3
*X17
  1

  0
LINE
  5
2CF7
330
5CF1
100
AcDbEntity
  8
0
100
AcDbLine
 10
3080.863624121514
 20
778.875
 30
0.0
 11
3088.507028365554
 21
778.875
 31
0.0
  0
LINE
  5
2CF8
330
5CF1
100
AcDbEntity
  8
0
100
AcDbLine
 10
3081.192992555015
 20
779.0
 30
0.0
 11
3088.422643377664
 21
779.0
 31
0.0
  0
LINE
  5
2CF9
330
5CF1
100
AcDbEntity
  8
0
100
AcDbLine
 10
3081.530294142317
 20
779.1249999999999
 30
0.0
 11
3088.276686831894
 21
779.1249999999999
 31
0.0
  0
LINE
  5
2CFA
330
5CF1
100
AcDbEntity
  8
0
100
AcDbLine
 10
3081.867595729618
 20
779.25
 30
0.0
 11
3088.063618650076
 21
779.25
 31
0.0
  0
LINE
  5
2CFB
330
5CF1
100
AcDbEntity
  8
0
100
AcDbLine
 10
3082.211489731807
 20
779.3750000000001
 30
0.0
 11
3087.850550468258
 21
779.3750000000001
 31
0.0
  0
LINE
  5
2CFC
330
5CF1
100
AcDbEntity
  8
0
100
AcDbLine
 10
3082.576073065141
 20
779.5
 30
0.0
 11
3087.63748228644
 21
779.5
 31
0.0
  0
LINE
  5
2CFD
330
5CF1
100
AcDbEntity
  8
0
100
AcDbLine
 10
3083.055982356872
 20
779.625
 30
0.0
 11
3087.252366476602
 21
779.625
 31
0.0
  0
LINE
  5
2CFE
330
5CF1
100
AcDbEntity
  8
0
100
AcDbLine
 10
3083.71206845268
 20
779.75
 30
0.0
 11
3086.791056952793
 21
779.75
 31
0.0
  0
LINE
  5
2CFF
330
5CF1
100
AcDbEntity
  8
0
100
AcDbLine
 10
3084.783497024108
 20
779.875
 30
0.0
 11
3085.128790948738
 21
779.875
 31
0.0
  0
LINE
  5
2D00
330
5CF1
100
AcDbEntity
  8
0
100
AcDbLine
 10
3080.581028642429
 20
778.7500000000001
 30
0.0
 11
3088.591413353443
 21
778.75
 31
0.0
  0
LINE
  5
2D01
330
5CF1
100
AcDbEntity
  8
0
100
AcDbLine
 10
3080.298433163344
 20
778.625
 30
0.0
 11
3088.675798341333
 21
778.625
 31
0.0
  0
LINE
  5
2D02
330
5CF1
100
AcDbEntity
  8
0
100
AcDbLine
 10
3080.01583768426
 20
778.5
 30
0.0
 11
3088.760183329221
 21
778.5
 31
0.0
  0
ENDBLK
  5
2D03
330
5CF1
100
AcDbEntity
  8
0
100
AcDbBlockEnd
  0
BLOCK
  5
2D04
330
5CF2
100
AcDbEntity
  8
0
100
AcDbBlockBegin
  2
*X18
 70
     1
 10
0.0
 20
0.0
 30
0.0
  3
*X18
  1

  0
LINE
  5
2D05
330
5CF2
100
AcDbEntity
  8
0
100
AcDbLine
 10
3091.533222315757
 20
778.5
 30
0.0
 11
3103.896279243071
 21
778.5
 31
0.0
  0
LINE
  5
2D06
330
5CF2
100
AcDbEntity
  8
0
100
AcDbLine
 10
3091.519035966705
 20
778.625
 30
0.0
 11
3102.28913638593
 21
778.625
 31
0.0
  0
LINE
  5
2D07
330
5CF2
100
AcDbEntity
  8
0
100
AcDbLine
 10
3091.504849617652
 20
778.7499999999999
 30
0.0
 11
3100.681993528789
 21
778.75
 31
0.0
  0
LINE
  5
2D08
330
5CF2
100
AcDbEntity
  8
0
100
AcDbLine
 10
3091.489965738741
 20
778.875
 30
0.0
 11
3099.074850671646
 21
778.875
 31
0.0
  0
LINE
  5
2D09
330
5CF2
100
AcDbEntity
  8
0
100
AcDbLine
 10
3091.46155905697
 20
779.0
 30
0.0
 11
3097.467707814506
 21
779.0
 31
0.0
  0
LINE
  5
2D0A
330
5CF2
100
AcDbEntity
  8
0
100
AcDbLine
 10
3091.433152375198
 20
779.125
 30
0.0
 11
3095.860564957364
 21
779.125
 31
0.0
  0
LINE
  5
2D0B
330
5CF2
100
AcDbEntity
  8
0
100
AcDbLine
 10
3091.404745693426
 20
779.25
 30
0.0
 11
3094.253422100222
 21
779.25
 31
0.0
  0
LINE
  5
2D0C
330
5CF2
100
AcDbEntity
  8
0
100
AcDbLine
 10
3091.376339011654
 20
779.375
 30
0.0
 11
3092.646279243081
 21
779.375
 31
0.0
  0
ENDBLK
  5
2D0D
330
5CF2
100
AcDbEntity
  8
0
100
AcDbBlockEnd
  0
BLOCK
  5
2D0E
330
5CF3
100
AcDbEntity
  8
0
100
AcDbBlockBegin
  2
*X19
 70
     1
 10
0.0
 20
0.0
 30
0.0
  3
*X19
  1

  0
LINE
  5
2D0F
330
5CF3
100
AcDbEntity
  8
0
100
AcDbLine
 10
3068.366448482202
 20
779.5
 30
0.0
 11
3075.366229193648
 21
779.5
 31
0.0
  0
LINE
  5
2D10
330
5CF3
100
AcDbEntity
  8
0
100
AcDbLine
 10
3068.408115148868
 20
779.625
 30
0.0
 11
3075.366229193648
 21
779.625
 31
0.0
  0
LINE
  5
2D11
330
5CF3
100
AcDbEntity
  8
0
100
AcDbLine
 10
3068.449781815535
 20
779.7499999999999
 30
0.0
 11
3075.363602721767
 21
779.75
 31
0.0
  0
LINE
  5
2D12
330
5CF3
100
AcDbEntity
  8
0
100
AcDbLine
 10
3068.491427400516
 20
779.8750000000001
 30
0.0
 11
3075.354571489232
 21
779.875
 31
0.0
  0
LINE
  5
2D13
330
5CF3
100
AcDbEntity
  8
0
100
AcDbLine
 10
3068.510958650516
 20
780.0
 30
0.0
 11
3075.345540256696
 21
780.0
 31
0.0
  0
LINE
  5
2D14
330
5CF3
100
AcDbEntity
  8
0
100
AcDbLine
 10
3068.530489900516
 20
780.1249999999999
 30
0.0
 11
3075.33650902416
 21
780.125
 31
0.0
  0
LINE
  5
2D15
330
5CF3
100
AcDbEntity
  8
0
100
AcDbLine
 10
3068.550021150516
 20
780.25
 30
0.0
 11
3075.327477791625
 21
780.25
 31
0.0
  0
LINE
  5
2D16
330
5CF3
100
AcDbEntity
  8
0
100
AcDbLine
 10
3068.558589454352
 20
780.375
 30
0.0
 11
3075.318446559089
 21
780.375
 31
0.0
  0
LINE
  5
2D17
330
5CF3
100
AcDbEntity
  8
0
100
AcDbLine
 10
3068.558589454352
 20
780.5
 30
0.0
 11
3075.309415326553
 21
780.5
 31
0.0
  0
LINE
  5
2D18
330
5CF3
100
AcDbEntity
  8
0
100
AcDbLine
 10
3068.558589454352
 20
780.625
 30
0.0
 11
3075.300384094018
 21
780.625
 31
0.0
  0
LINE
  5
2D19
330
5CF3
100
AcDbEntity
  8
0
100
AcDbLine
 10
3068.558589454352
 20
780.7499999999999
 30
0.0
 11
3074.967707814466
 21
780.75
 31
0.0
  0
LINE
  5
2D1A
330
5CF3
100
AcDbEntity
  8
0
100
AcDbLine
 10
3068.55345242813
 20
780.8750000000001
 30
0.0
 11
3073.360564957334
 21
780.875
 31
0.0
  0
LINE
  5
2D1B
330
5CF3
100
AcDbEntity
  8
0
100
AcDbLine
 10
3068.547786643673
 20
781.0
 30
0.0
 11
3071.753422100202
 21
781.0
 31
0.0
  0
LINE
  5
2D1C
330
5CF3
100
AcDbEntity
  8
0
100
AcDbLine
 10
3068.542120859216
 20
781.1249999999999
 30
0.0
 11
3070.146279243069
 21
781.125
 31
0.0
  0
LINE
  5
2D1D
330
5CF3
100
AcDbEntity
  8
0
100
AcDbLine
 10
3068.536455074759
 20
781.25
 30
0.0
 11
3068.539136385937
 21
781.2499999999999
 31
0.0
  0
LINE
  5
2D1E
330
5CF3
100
AcDbEntity
  8
0
100
AcDbLine
 10
3068.299430215437
 20
779.3749999999999
 30
0.0
 11
3075.366229193648
 21
779.375
 31
0.0
  0
LINE
  5
2D1F
330
5CF3
100
AcDbEntity
  8
0
100
AcDbLine
 10
3068.225025453532
 20
779.25
 30
0.0
 11
3075.366229193648
 21
779.25
 31
0.0
  0
LINE
  5
2D20
330
5CF3
100
AcDbEntity
  8
0
100
AcDbLine
 10
3068.150620691627
 20
779.1250000000001
 30
0.0
 11
3075.366229193648
 21
779.125
 31
0.0
  0
LINE
  5
2D21
330
5CF3
100
AcDbEntity
  8
0
100
AcDbLine
 10
3068.060095384794
 20
779.0
 30
0.0
 11
3075.366229193648
 21
779.0
 31
0.0
  0
LINE
  5
2D22
330
5CF3
100
AcDbEntity
  8
0
100
AcDbLine
 10
3067.964609273683
 20
778.875
 30
0.0
 11
3073.338070275178
 21
778.875
 31
0.0
  0
LINE
  5
2D23
330
5CF3
100
AcDbEntity
  8
0
100
AcDbLine
 10
3073.379114037215
 20
778.875
 30
0.0
 11
3075.366229193648
 21
778.875
 31
0.0
  0
LINE
  5
2D24
330
5CF3
100
AcDbEntity
  8
0
100
AcDbLine
 10
3067.861099684925
 20
778.75
 30
0.0
 11
3073.14536529334
 21
778.75
 31
0.0
  0
LINE
  5
2D25
330
5CF3
100
AcDbEntity
  8
0
100
AcDbLine
 10
3073.242188623572
 20
778.75
 30
0.0
 11
3075.36546662541
 21
778.7500000000001
 31
0.0
  0
LINE
  5
2D26
330
5CF3
100
AcDbEntity
  8
0
100
AcDbLine
 10
3067.722230673466
 20
778.625
 30
0.0
 11
3072.952660311501
 21
778.625
 31
0.0
  0
LINE
  5
2D27
330
5CF3
100
AcDbEntity
  8
0
100
AcDbLine
 10
3073.10526320993
 20
778.625
 30
0.0
 11
3075.363559841201
 21
778.625
 31
0.0
  0
LINE
  5
2D28
330
5CF3
100
AcDbEntity
  8
0
100
AcDbLine
 10
3067.583361662008
 20
778.5
 30
0.0
 11
3072.759955329663
 21
778.5
 31
0.0
  0
LINE
  5
2D29
330
5CF3
100
AcDbEntity
  8
0
100
AcDbLine
 10
3072.968337796287
 20
778.5
 30
0.0
 11
3075.361653056993
 21
778.5
 31
0.0
  0
ENDBLK
  5
2D2A
330
5CF3
100
AcDbEntity
  8
0
100
AcDbBlockEnd
  0
BLOCK
  5
2D2B
330
5CF4
100
AcDbEntity
  8
0
100
AcDbBlockBegin
  2
*X20
 70
     1
 10
0.0
 20
0.0
 30
0.0
  3
*X20
  1

  0
LINE
  5
2D2C
330
5CF4
100
AcDbEntity
  8
0
100
AcDbLine
 10
3043.518900004065
 20
779.125
 30
0.0
 11
3049.749948164486
 21
779.125
 31
0.0
  0
LINE
  5
2D2D
330
5CF4
100
AcDbEntity
  8
0
100
AcDbLine
 10
3043.559578831032
 20
779.25
 30
0.0
 11
3048.678519593057
 21
779.25
 31
0.0
  0
LINE
  5
2D2E
330
5CF4
100
AcDbEntity
  8
0
100
AcDbLine
 10
3043.584025954198
 20
779.375
 30
0.0
 11
3047.607091021629
 21
779.375
 31
0.0
  0
LINE
  5
2D2F
330
5CF4
100
AcDbEntity
  8
0
100
AcDbLine
 10
3043.593358932717
 20
779.5
 30
0.0
 11
3046.535662450201
 21
779.5
 31
0.0
  0
LINE
  5
2D30
330
5CF4
100
AcDbEntity
  8
0
100
AcDbLine
 10
3043.587976917747
 20
779.625
 30
0.0
 11
3045.464233878772
 21
779.6249999999999
 31
0.0
  0
LINE
  5
2D31
330
5CF4
100
AcDbEntity
  8
0
100
AcDbLine
 10
3043.567651499824
 20
779.75
 30
0.0
 11
3044.392805307343
 21
779.7500000000001
 31
0.0
  0
LINE
  5
2D32
330
5CF4
100
AcDbEntity
  8
0
100
AcDbLine
 10
3043.459867174487
 20
779.0
 30
0.0
 11
3050.821376735915
 21
778.9999999999999
 31
0.0
  0
LINE
  5
2D33
330
5CF4
100
AcDbEntity
  8
0
100
AcDbLine
 10
3043.378669721067
 20
778.875
 30
0.0
 11
3051.892805307343
 21
778.875
 31
0.0
  0
LINE
  5
2D34
330
5CF4
100
AcDbEntity
  8
0
100
AcDbLine
 10
3043.268051787416
 20
778.75
 30
0.0
 11
3052.964233878772
 21
778.75
 31
0.0
  0
LINE
  5
2D35
330
5CF4
100
AcDbEntity
  8
0
100
AcDbLine
 10
3043.111526806981
 20
778.625
 30
0.0
 11
3054.035662450201
 21
778.625
 31
0.0
  0
LINE
  5
2D36
330
5CF4
100
AcDbEntity
  8
0
100
AcDbLine
 10
3042.847643747653
 20
778.5
 30
0.0
 11
3055.107091021629
 21
778.5
 31
0.0
  0
ENDBLK
  5
2D37
330
5CF4
100
AcDbEntity
  8
0
100
AcDbBlockEnd
  0
BLOCK
  5
4A56
330
5CF5
100
AcDbEntity
  8
0
100
AcDbBlockBegin
  2
*X21
 70
     1
 10
0.0
 20
0.0
 30
0.0
  3
*X21
  1

  0
LINE
  5
4A58
330
5CF5
100
AcDbEntity
  8
0
 62
     0
100
AcDbLine
 10
1003.892740273406
 20
406.3875101707731
 30
0.0
 11
1013.354866401983
 21
415.8496362993508
 31
0.0
  0
LINE
  5
4A59
330
5CF5
100
AcDbEntity
  8
0
 62
     0
100
AcDbLine
 10
1038.519420753523
 20
441.0141906508908
 30
0.0
 11
1044.106904456667
 21
446.6016743540345
 31
0.0
  0
LINE
  5
4A5A
330
5CF5
100
AcDbEntity
  8
0
 62
     0
100
AcDbLine
 10
1003.892740273406
 20
409.9230440767059
 30
0.0
 11
1007.476275455356
 21
413.5065792586558
 31
0.0
  0
LINE
  5
4A5B
330
5CF5
100
AcDbEntity
  8
0
 62
     0
100
AcDbLine
 10
1034.983886847591
 20
441.0141906508908
 30
0.0
 11
1040.571370550734
 21
446.6016743540345
 31
0.0
  0
LINE
  5
4A5C
330
5CF5
100
AcDbEntity
  8
0
 62
     0
100
AcDbLine
 10
1010.774283928845
 20
416.8045877321453
 30
0.0
 11
1013.354866401983
 21
419.3851702052835
 31
0.0
  0
LINE
  5
4A5D
330
5CF5
100
AcDbEntity
  8
0
 62
     0
100
AcDbLine
 10
1003.892740273406
 20
413.4585779826386
 30
0.0
 11
1003.940741549423
 21
413.5065792586558
 31
0.0
  0
LINE
  5
4A5E
330
5CF5
100
AcDbEntity
  8
0
 62
     0
100
AcDbLine
 10
1031.448352941658
 20
441.0141906508908
 30
0.0
 11
1037.035836644802
 21
446.6016743540345
 31
0.0
  0
LINE
  5
4A5F
330
5CF5
100
AcDbEntity
  8
0
 62
     0
100
AcDbLine
 10
1007.522460654564
 20
417.0882983637973
 30
0.0
 11
1013.354866401983
 21
422.9207041112163
 31
0.0
  0
LINE
  5
4A60
330
5CF5
100
AcDbEntity
  8
0
 62
     0
100
AcDbLine
 10
1003.986926748632
 20
417.0882983637973
 30
0.0
 11
1007.425377801739
 21
420.5267494169042
 31
0.0
  0
LINE
  5
4A61
330
5CF5
100
AcDbEntity
  8
0
 62
     0
100
AcDbLine
 10
1030.9888233056
 20
444.0901949207659
 30
0.0
 11
1033.500302738869
 21
446.6016743540345
 31
0.0
  0
LINE
  5
4A62
330
5CF5
100
AcDbEntity
  8
0
 62
     0
100
AcDbLine
 10
1007.906975101655
 20
421.0083467168201
 30
0.0
 11
1013.354866401983
 21
426.456238017149
 31
0.0
  0
LINE
  5
4A63
330
5CF5
100
AcDbEntity
  8
0
 62
     0
100
AcDbLine
 10
1027.912819035725
 20
441.0141906508908
 30
0.0
 11
1030.061851685762
 21
443.1632233009274
 31
0.0
  0
LINE
  5
4A64
330
5CF5
100
AcDbEntity
  8
0
 62
     0
100
AcDbLine
 10
1002.745818389317
 20
419.3827239104156
 30
0.0
 11
1003.889843895806
 21
420.5267494169042
 31
0.0
  0
LINE
  5
4A65
330
5CF5
100
AcDbEntity
  8
0
 62
     0
100
AcDbLine
 10
1024.377285129792
 20
441.0141906508908
 30
0.0
 11
1026.526317779829
 21
443.1632233009274
 31
0.0
  0
LINE
  5
4A66
330
5CF5
100
AcDbEntity
  8
0
 62
     0
100
AcDbLine
 10
1007.906975101655
 20
424.5438806227529
 30
0.0
 11
1013.354866401983
 21
429.9917719230817
 31
0.0
  0
LINE
  5
4A67
330
5CF5
100
AcDbEntity
  8
0
 62
     0
100
AcDbLine
 10
1007.906975101655
 20
428.0794145286856
 30
0.0
 11
1013.354866401983
 21
433.5273058290145
 31
0.0
  0
LINE
  5
4A68
330
5CF5
100
AcDbEntity
  8
0
 62
     0
100
AcDbLine
 10
1020.84175122386
 20
441.0141906508908
 30
0.0
 11
1022.990783873896
 21
443.1632233009274
 31
0.0
  0
LINE
  5
4A69
330
5CF5
100
AcDbEntity
  8
0
 62
     0
100
AcDbLine
 10
1004.412024385086
 20
428.11999771805
 30
0.0
 11
1008.137011542262
 21
431.8449848752261
 31
0.0
  0
LINE
  5
4A6A
330
5CF5
100
AcDbEntity
  8
0
 62
     0
100
AcDbLine
 10
1017.306217317927
 20
441.0141906508908
 30
0.0
 11
1021.526697177022
 21
445.2346705099863
 31
0.0
  0
LINE
  5
4A6B
330
5CF5
100
AcDbEntity
  8
0
 62
     0
100
AcDbLine
 10
1008.767170631691
 20
432.4751439646543
 30
0.0
 11
1012.57834489437
 21
436.286318227334
 31
0.0
  0
LINE
  5
4A6C
330
5CF5
100
AcDbEntity
  8
0
 62
     0
100
AcDbLine
 10
1002.745818389317
 20
429.9893256282139
 30
0.0
 11
1004.60147763633
 21
431.8449848752261
 31
0.0
  0
LINE
  5
4A6D
330
5CF5
100
AcDbEntity
  8
0
 62
     0
100
AcDbLine
 10
1013.770683411994
 20
441.0141906508908
 30
0.0
 11
1019.644703219207
 21
446.8882104581036
 31
0.0
  0
LINE
  5
4A6E
330
5CF5
100
AcDbEntity
  8
0
 62
     0
100
AcDbLine
 10
1008.039931656816
 20
435.2834388957125
 30
0.0
 11
1011.777844694392
 21
439.0213519332888
 31
0.0
  0
LINE
  5
4A6F
330
5CF5
100
AcDbEntity
  8
0
 62
     0
100
AcDbLine
 10
1004.504397750883
 20
435.2834388957125
 30
0.0
 11
1016.109169313274
 21
446.8882104581036
 31
0.0
  0
LINE
  5
4A70
330
5CF5
100
AcDbEntity
  8
0
 62
     0
100
AcDbLine
 10
1004.322835979939
 20
438.6374110307008
 30
0.0
 11
1012.573635407342
 21
446.8882104581036
 31
0.0
  0
LINE
  5
4A71
330
5CF5
100
AcDbEntity
  8
0
 62
     0
100
AcDbLine
 10
1004.322835979939
 20
442.1729449366335
 30
0.0
 11
1009.038101501409
 21
446.8882104581036
 31
0.0
  0
LINE
  5
4A72
330
5CF5
100
AcDbEntity
  8
0
 62
     0
100
AcDbLine
 10
1002.637191717887
 20
444.0228345805144
 30
0.0
 11
1005.502567595476
 21
446.8882104581036
 31
0.0
  0
LINE
  5
4A73
330
5CF5
100
AcDbEntity
  8
0
 62
     0
100
AcDbLine
 10
1000.387628678186
 20
445.3088054467459
 30
0.0
 11
1001.967033689543
 21
446.8882104581036
 31
0.0
  0
LINE
  5
4A74
330
5CF5
100
AcDbEntity
  8
0
 62
     0
100
AcDbLine
 10
1005.234869439522
 20
404.1941054309565
 30
0.0
 11
1013.354866401983
 21
412.3141023934181
 31
0.0
  0
LINE
  5
4A75
330
5CF5
100
AcDbEntity
  8
0
 62
     0
100
AcDbLine
 10
1041.311140847245
 20
440.2703768386792
 30
0.0
 11
1047.6424383626
 21
446.6016743540345
 31
0.0
  0
LINE
  5
4A76
330
5CF5
100
AcDbEntity
  8
0
 62
     0
100
AcDbLine
 10
1008.770403345455
 20
404.1941054309565
 30
0.0
 11
1016.077112575152
 21
411.5008146606537
 31
0.0
  0
LINE
  5
4A77
330
5CF5
100
AcDbEntity
  8
0
 62
     0
100
AcDbLine
 10
1049.028939618496
 20
444.4526417039977
 30
0.0
 11
1051.177972268533
 21
446.6016743540345
 31
0.0
  0
LINE
  5
4A78
330
5CF5
100
AcDbEntity
  8
0
 62
     0
100
AcDbLine
 10
1041.311140847245
 20
436.7348429327465
 30
0.0
 11
1047.332488972648
 21
442.7561910581502
 31
0.0
  0
LINE
  5
4A79
330
5CF5
100
AcDbEntity
  8
0
 62
     0
100
AcDbLine
 10
1012.305937251387
 20
404.1941054309565
 30
0.0
 11
1019.612646481085
 21
411.5008146606537
 31
0.0
  0
LINE
  5
4A7A
330
5CF5
100
AcDbEntity
  8
0
 62
     0
100
AcDbLine
 10
1044.398150047765
 20
436.2863182273341
 30
0.0
 11
1047.332488972648
 21
439.2206571522175
 31
0.0
  0
LINE
  5
4A7B
330
5CF5
100
AcDbEntity
  8
0
 62
     0
100
AcDbLine
 10
1041.311140847245
 20
433.1993090268137
 30
0.0
 11
1044.178449674435
 21
436.0666178540045
 31
0.0
  0
LINE
  5
4A7C
330
5CF5
100
AcDbEntity
  8
0
 62
     0
100
AcDbLine
 10
1015.84147115732
 20
404.1941054309565
 30
0.0
 11
1023.148180387017
 21
411.5008146606537
 31
0.0
  0
LINE
  5
4A7D
330
5CF5
100
AcDbEntity
  8
0
 62
     0
100
AcDbLine
 10
1041.311140847245
 20
429.663775120881
 30
0.0
 11
1044.178449674435
 21
432.5310839480717
 31
0.0
  0
LINE
  5
4A7E
330
5CF5
100
AcDbEntity
  8
0
 62
     0
100
AcDbLine
 10
1019.377005063253
 20
404.1941054309565
 30
0.0
 11
1023.533814591147
 21
408.3509149588507
 31
0.0
  0
LINE
  5
4A7F
330
5CF5
100
AcDbEntity
  8
0
 62
     0
100
AcDbLine
 10
1041.311140847245
 20
426.1282412149482
 30
0.0
 11
1044.178449674435
 21
428.995550042139
 31
0.0
  0
LINE
  5
4A80
330
5CF5
100
AcDbEntity
  8
0
 62
     0
100
AcDbLine
 10
1024.391413590879
 20
409.2085139585824
 30
0.0
 11
1026.68371429295
 21
411.5008146606537
 31
0.0
  0
LINE
  5
4A81
330
5CF5
100
AcDbEntity
  8
0
 62
     0
100
AcDbLine
 10
1022.912538969186
 20
404.1941054309565
 30
0.0
 11
1023.533814591147
 21
404.8153810529179
 31
0.0
  0
LINE
  5
4A82
330
5CF5
100
AcDbEntity
  8
0
 62
     0
100
AcDbLine
 10
1041.311140847245
 20
422.5927073090155
 30
0.0
 11
1044.178449674435
 21
425.4600161362063
 31
0.0
  0
LINE
  5
4A83
330
5CF5
100
AcDbEntity
  8
0
 62
     0
100
AcDbLine
 10
1027.926947496811
 20
409.2085139585824
 30
0.0
 11
1030.219248198883
 21
411.5008146606537
 31
0.0
  0
LINE
  5
4A84
330
5CF5
100
AcDbEntity
  8
0
 62
     0
100
AcDbLine
 10
1031.418919012134
 20
409.1649515679717
 30
0.0
 11
1033.754782104816
 21
411.5008146606537
 31
0.0
  0
LINE
  5
4A85
330
5CF5
100
AcDbEntity
  8
0
 62
     0
100
AcDbLine
 10
1041.311140847245
 20
419.0571734030827
 30
0.0
 11
1044.178449674435
 21
421.9244822302736
 31
0.0
  0
LINE
  5
4A86
330
5CF5
100
AcDbEntity
  8
0
 62
     0
100
AcDbLine
 10
1031.418919012134
 20
405.629417662039
 30
0.0
 11
1037.290316010748
 21
411.5008146606537
 31
0.0
  0
LINE
  5
4A87
330
5CF5
100
AcDbEntity
  8
0
 62
     0
100
AcDbLine
 10
1041.311140847245
 20
415.52163949715
 30
0.0
 11
1044.178449674435
 21
418.3889483243408
 31
0.0
  0
LINE
  5
4A88
330
5CF5
100
AcDbEntity
  8
0
 62
     0
100
AcDbLine
 10
1033.375872634949
 20
404.050837378922
 30
0.0
 11
1040.825849916681
 21
411.5008146606537
 31
0.0
  0
LINE
  5
4A89
330
5CF5
100
AcDbEntity
  8
0
 62
     0
100
AcDbLine
 10
1041.311140847245
 20
411.9861055912173
 30
0.0
 11
1045.553719372858
 21
416.2286841168308
 31
0.0
  0
LINE
  5
4A8A
330
5CF5
100
AcDbEntity
  8
0
 62
     0
100
AcDbLine
 10
1036.911406540882
 20
404.050837378922
 30
0.0
 11
1047.762588796151
 21
414.9020196341909
 31
0.0
  0
LINE
  5
4A8B
330
5CF5
100
AcDbEntity
  8
0
 62
     0
100
AcDbLine
 10
1040.446940446815
 20
404.050837378922
 30
0.0
 11
1048.469992904064
 21
412.0738898361715
 31
0.0
  0
LINE
  5
4A8C
330
5CF5
100
AcDbEntity
  8
0
 62
     0
100
AcDbLine
 10
1043.982474352747
 20
404.050837378922
 30
0.0
 11
1050.199801916809
 21
410.268164942983
 31
0.0
  0
LINE
  5
4A8D
330
5CF5
100
AcDbEntity
  8
0
 62
     0
100
AcDbLine
 10
1047.51800825868
 20
404.050837378922
 30
0.0
 11
1050.199801916809
 21
406.7326310370503
 31
0.0
  0
ENDBLK
  5
4A8E
330
5CF5
100
AcDbEntity
  8
0
100
AcDbBlockEnd
  0
BLOCK
  5
4AA1
330
5CF6
100
AcDbEntity
  8
0
100
AcDbBlockBegin
  2
*X22
 70
     1
 10
0.0
 20
0.0
 30
0.0
  3
*X22
  1

  0
LINE
  5
4AA3
330
5CF6
100
AcDbEntity
  8
0
 62
     0
100
AcDbLine
 10
1027.038800853605
 20
376.5005621619816
 30
0.0
 11
1048.820110683424
 21
398.2818719918002
 31
0.0
  0
LINE
  5
4AA4
330
5CF6
100
AcDbEntity
  8
0
 62
     0
100
AcDbLine
 10
1027.038800853605
 20
380.0360960679144
 30
0.0
 11
1048.820110683424
 21
401.817405897733
 31
0.0
  0
LINE
  5
4AA5
330
5CF6
100
AcDbEntity
  8
0
 62
     0
100
AcDbLine
 10
1027.038800853605
 20
383.5716299738471
 30
0.0
 11
1028.88522968865
 21
385.4180588088921
 31
0.0
  0
LINE
  5
4AA6
330
5CF6
100
AcDbEntity
  8
0
 62
     0
100
AcDbLine
 10
1030.815906461656
 20
387.3487355818977
 30
0.0
 11
1047.758021786171
 21
404.2908509064124
 31
0.0
  0
LINE
  5
4AA7
330
5CF6
100
AcDbEntity
  8
0
 62
     0
100
AcDbLine
 10
1030.815906461656
 20
390.8842694878305
 30
0.0
 11
1044.222487880238
 21
404.2908509064124
 31
0.0
  0
LINE
  5
4AA8
330
5CF6
100
AcDbEntity
  8
0
 62
     0
100
AcDbLine
 10
1029.992372675924
 20
393.5962696080315
 30
0.0
 11
1040.686953974305
 21
404.2908509064124
 31
0.0
  0
LINE
  5
4AA9
330
5CF6
100
AcDbEntity
  8
0
 62
     0
100
AcDbLine
 10
1027.045733796998
 20
394.1851646350384
 30
0.0
 11
1037.151420068373
 21
404.2908509064124
 31
0.0
  0
LINE
  5
4AAA
330
5CF6
100
AcDbEntity
  8
0
 62
     0
100
AcDbLine
 10
1027.087852789153
 20
397.7628175331257
 30
0.0
 11
1033.61588616244
 21
404.2908509064124
 31
0.0
  0
LINE
  5
4AAB
330
5CF6
100
AcDbEntity
  8
0
 62
     0
100
AcDbLine
 10
1027.129971781307
 20
401.3404704312129
 30
0.0
 11
1030.080352256507
 21
404.2908509064124
 31
0.0
  0
LINE
  5
4AAC
330
5CF6
100
AcDbEntity
  8
0
 62
     0
100
AcDbLine
 10
1027.038800853605
 20
372.9650282560489
 30
0.0
 11
1045.546617509659
 21
391.4728449121025
 31
0.0
  0
LINE
  5
4AAD
330
5CF6
100
AcDbEntity
  8
0
 62
     0
100
AcDbLine
 10
1047.418405452402
 20
393.3446328548453
 30
0.0
 11
1048.820110683424
 21
394.7463380858675
 31
0.0
  0
LINE
  5
4AAE
330
5CF6
100
AcDbEntity
  8
0
 62
     0
100
AcDbLine
 10
1027.038800853605
 20
369.4294943501162
 30
0.0
 11
1045.546617509659
 21
387.9373110061698
 31
0.0
  0
LINE
  5
4AAF
330
5CF6
100
AcDbEntity
  8
0
 62
     0
100
AcDbLine
 10
1030.332300447698
 20
369.1874600382759
 30
0.0
 11
1034.215300685507
 21
373.0704602760855
 31
0.0
  0
LINE
  5
4AB0
330
5CF6
100
AcDbEntity
  8
0
 62
     0
100
AcDbLine
 10
1034.861770907188
 20
373.7169304977663
 30
0.0
 11
1046.437082325411
 21
385.2922419159887
 31
0.0
  0
LINE
  5
4AB1
330
5CF6
100
AcDbEntity
  8
0
 62
     0
100
AcDbLine
 10
1033.867834353631
 20
369.1874600382759
 30
0.0
 11
1034.215300685507
 21
369.5349263701527
 31
0.0
  0
LINE
  5
4AB2
330
5CF6
100
AcDbEntity
  8
0
 62
     0
100
AcDbLine
 10
1038.397304813121
 20
373.7169304977663
 30
0.0
 11
1049.071916900567
 21
384.391542585212
 31
0.0
  0
LINE
  5
4AB3
330
5CF6
100
AcDbEntity
  8
0
 62
     0
100
AcDbLine
 10
1041.517705684466
 20
373.3017974631783
 30
0.0
 11
1049.071916900567
 21
380.8560086792793
 31
0.0
  0
LINE
  5
4AB4
330
5CF6
100
AcDbEntity
  8
0
 62
     0
100
AcDbLine
 10
1041.517705684466
 20
369.7662635572456
 30
0.0
 11
1049.071916900567
 21
377.3204747733465
 31
0.0
  0
LINE
  5
4AB5
330
5CF6
100
AcDbEntity
  8
0
 62
     0
100
AcDbLine
 10
1044.222799318243
 20
368.9358232850897
 30
0.0
 11
1049.071916900567
 21
373.7849408674138
 31
0.0
  0
LINE
  5
4AB6
330
5CF6
100
AcDbEntity
  8
0
 62
     0
100
AcDbLine
 10
1047.758333224175
 20
368.9358232850897
 30
0.0
 11
1049.071916900567
 21
370.249406961481
 31
0.0
  0
ENDBLK
  5
4AB7
330
5CF6
100
AcDbEntity
  8
0
100
AcDbBlockEnd
  0
BLOCK
  5
5DD6
330
5DD5
100
AcDbEntity
  8
0
100
AcDbBlockBegin
  2
ADCADD_ZZ
 70
     0
 10
0.0
 20
0.0
 30
0.0
  3
ADCADD_ZZ
  1
ADCADD_ZZ
  0
ENDBLK
  5
5DD7
330
5DD5
100
AcDbEntity
  8
0
100
AcDbBlockEnd
  0
BLOCK
  5
6042
330
602F
100
AcDbEntity
  8
0
100
AcDbBlockBegin
  2
*D29
 70
     1
 10
0.0
 20
0.0
 30
0.0
  3
*D29
  1

  0
LINE
  5
6043
330
602F
100
AcDbEntity
  8
0
  6
BYBLOCK
 62
     0
100
AcDbLine
 10
1068.671173400402
 20
180.9956441036076
 30
0.0
 11
1053.198137717094
 21
180.989549574004
 31
0.0
  0
SOLID
  5
6044
330
602F
100
AcDbEntity
  8
0
  6
BYBLOCK
 62
     0
100
AcDbTrace
 10
1068.671055236212
 20
181.2956440803363
 30
0.0
 11
1068.671291564593
 21
180.6956441268789
 31
0.0
 12
1070.471173260775
 22
180.9963530887518
 32
0.0
 13
1070.471173260775
 23
180.9963530887518
 33
0.0
  0
SOLID
  5
6045
330
602F
100
AcDbEntity
  8
0
  6
BYBLOCK
 62
     0
100
AcDbTrace
 10
1053.198019552904
 20
181.2895495507327
 30
0.0
 11
1053.198255881285
 21
180.6895495972753
 31
0.0
 12
1051.398137856722
 22
180.9888405888598
 32
0.0
 13
1051.398137856722
 23
180.9888405888598
 33
0.0
  0
MTEXT
  5
6046
330
602F
100
AcDbEntity
  8
0
  6
BYBLOCK
 62
     0
100
AcDbMText
 10
1060.933879051209
 20
182.9640252573087
 30
0.0
 40
1.8
 41
0.0
 71
     5
 72
     1
  1
\A1;19.07'
  7
L60
 11
0.9999999224290196
 21
0.0003938806356799724
 31
0.0
  0
POINT
  5
6047
330
602F
100
AcDbEntity
  8
DEFPOINTS
  6
BYBLOCK
 62
     0
100
AcDbPoint
 10
1070.471173260775
 20
180.9963530887518
 30
0.0
  0
POINT
  5
6048
330
602F
100
AcDbEntity
  8
DEFPOINTS
  6
BYBLOCK
 62
     0
100
AcDbPoint
 10
1051.398137856722
 20
180.9888405888598
 30
0.0
  0
POINT
  5
6049
330
602F
100
AcDbEntity
  8
DEFPOINTS
  6
BYBLOCK
 62
     0
100
AcDbPoint
 10
1051.398137856722
 20
180.9888405888598
 30
0.0
  0
ENDBLK
  5
604A
330
602F
100
AcDbEntity
  8
0
100
AcDbBlockEnd
  0
BLOCK
  5
6056
330
6055
100
AcDbEntity
  8
0
100
AcDbBlockBegin
  2
*D30
 70
     1
 10
0.0
 20
0.0
 30
0.0
  3
*D30
  1

  0
LINE
  5
6057
330
6055
100
AcDbEntity
  8
0
  6
BYBLOCK
 62
     0
100
AcDbLine
 10
1043.568573572298
 20
179.5666848113897
 30
0.0
 11
1043.567974638363
 21
161.4571335861472
 31
0.0
  0
SOLID
  5
6058
330
6055
100
AcDbEntity
  8
0
  6
BYBLOCK
 62
     0
100
AcDbTrace
 10
1043.268573572462
 20
179.5666947332358
 30
0.0
 11
1043.868573572134
 21
179.5666748895435
 31
0.0
 12
1043.568633103375
 22
181.3666848104052
 32
0.0
 13
1043.568633103375
 23
181.3666848104052
 33
0.0
  0
SOLID
  5
6059
330
6055
100
AcDbEntity
  8
0
  6
BYBLOCK
 62
     0
100
AcDbTrace
 10
1043.267974638527
 20
161.4571435079934
 30
0.0
 11
1043.867974638199
 21
161.4571236643011
 31
0.0
 12
1043.567915107286
 22
159.6571335871317
 32
0.0
 13
1043.567915107286
 23
159.6571335871317
 33
0.0
  0
MTEXT
  5
605A
330
6055
100
AcDbEntity
  8
0
  6
BYBLOCK
 62
     0
100
AcDbMText
 10
1041.59684553498
 20
170.5119743994715
 30
0.0
 40
1.8
 41
0.0
 71
     5
 72
     1
  1
\A1;21.71'
  7
L60
 11
3.307282041056735E-5
 21
0.9999999994530943
 31
0.0
  0
POINT
  5
605B
330
6055
100
AcDbEntity
  8
DEFPOINTS
  6
BYBLOCK
 62
     0
100
AcDbPoint
 10
1043.568633103375
 20
181.3666848104052
 30
0.0
  0
POINT
  5
605C
330
6055
100
AcDbEntity
  8
DEFPOINTS
  6
BYBLOCK
 62
     0
100
AcDbPoint
 10
1043.567915107286
 20
159.6571335871317
 30
0.0
  0
POINT
  5
605D
330
6055
100
AcDbEntity
  8
DEFPOINTS
  6
BYBLOCK
 62
     0
100
AcDbPoint
 10
1043.567915107286
 20
159.6571335871317
 30
0.0
  0
ENDBLK
  5
605E
330
6055
100
AcDbEntity
  8
0
100
AcDbBlockEnd
  0
BLOCK
  5
61E6
330
61E5
100
AcDbEntity
  8
0
100
AcDbBlockBegin
  2
*D32
 70
     1
 10
0.0
 20
0.0
 30
0.0
  3
*D32
  1

  0
LINE
  5
61E7
330
61E5
100
AcDbEntity
  8
0
  6
BYBLOCK
 62
     0
100
AcDbLine
 10
636.7756239362149
 20
176.6048417799125
 30
0.0
 11
636.7751234037366
 21
161.4705873730676
 31
0.0
  0
SOLID
  5
61E8
330
61E5
100
AcDbEntity
  8
0
  6
BYBLOCK
 62
     0
100
AcDbTrace
 10
636.475623936379
 20
176.6048517017586
 30
0.0
 11
637.0756239360509
 21
176.6048318580664
 31
0.0
 12
636.7756834672916
 22
178.4048417789281
 32
0.0
 13
636.7756834672916
 23
178.4048417789281
 33
0.0
  0
SOLID
  5
61E9
330
61E5
100
AcDbEntity
  8
0
  6
BYBLOCK
 62
     0
100
AcDbTrace
 10
636.4751234039007
 20
161.4705972949137
 30
0.0
 11
637.0751234035727
 21
161.4705774512215
 31
0.0
 12
636.77506387266
 22
159.670587374052
 32
0.0
 13
636.77506387266
 23
159.670587374052
 33
0.0
  0
MTEXT
  5
61EA
330
61E5
100
AcDbEntity
  8
0
  6
BYBLOCK
 62
     0
100
AcDbMText
 10
634.8039450996255
 20
169.0377797771931
 30
0.0
 40
1.8
 41
0.0
 71
     5
 72
     1
  1
\A1;18.73'
  7
L60
 11
3.307282040257375E-5
 21
0.9999999994530943
 31
0.0
  0
POINT
  5
61EB
330
61E5
100
AcDbEntity
  8
DEFPOINTS
  6
BYBLOCK
 62
     0
100
AcDbPoint
 10
636.7756834672916
 20
178.4048417789281
 30
0.0
  0
POINT
  5
61EC
330
61E5
100
AcDbEntity
  8
DEFPOINTS
  6
BYBLOCK
 62
     0
100
AcDbPoint
 10
636.77506387266
 20
159.670587374052
 30
0.0
  0
POINT
  5
61ED
330
61E5
100
AcDbEntity
  8
DEFPOINTS
  6
BYBLOCK
 62
     0
100
AcDbPoint
 10
636.77506387266
 20
159.670587374052
 30
0.0
  0
ENDBLK
  5
61EE
330
61E5
100
AcDbEntity
  8
0
100
AcDbBlockEnd
  0
BLOCK
  5
67AD
330
67A5
100
AcDbEntity
  8
0
100
AcDbBlockBegin
  2
LUMIN
 70
     0
 10
0.0
 20
0.0
 30
0.0
  3
LUMIN
  1

  0
LINE
  5
67A6
330
67A5
100
AcDbEntity
  8
0
100
AcDbLine
 10
0.0324812068254801
 20
-0.018753069519903
 30
0.0
 11
0.0519614992837774
 21
-0.0300000432063143
 31
0.0
  0
LINE
  5
67A7
330
67A5
100
AcDbEntity
  8
0
100
AcDbLine
 10
0.0
 20
-0.0375040687882802
 30
0.0
 11
0.0
 21
-0.0600000000005139
 31
0.0
  0
LINE
  5
67A8
330
67A5
100
AcDbEntity
  8
0
100
AcDbLine
 10
-0.0324759724899195
 20
-0.0187499885417992
 30
0.0
 11
-0.0519615400990006
 21
-0.0299999725073121
 31
0.0
  0
LINE
  5
67A9
330
67A5
100
AcDbEntity
  8
0
100
AcDbLine
 10
-0.0324759384675417
 20
0.0187500081898406
 30
0.0
 11
-0.0519615128869191
 21
0.0300000196381234
 31
0.0
  0
LINE
  5
67AA
330
67A5
100
AcDbEntity
  8
0
100
AcDbLine
 10
0.0
 20
0.0375040687882802
 30
0.0
 11
0.0
 21
0.0600000000006276
 31
0.0
  0
LINE
  5
67AB
330
67A5
100
AcDbEntity
  8
0
100
AcDbLine
 10
0.0324706692539394
 20
0.0187469463592151
 30
0.0
 11
0.0519615264900608
 21
0.0299999960727746
 31
0.0
  0
CIRCLE
  5
67AC
330
67A5
100
AcDbEntity
  8
0
100
AcDbCircle
 10
0.0
 20
0.0
 30
0.0
 40
0.0375
  0
ENDBLK
  5
67AE
330
67A5
100
AcDbEntity
  8
0
100
AcDbBlockEnd
  0
BLOCK
  5
720F
330
67B1
100
AcDbEntity
  8
0
100
AcDbBlockBegin
  2
*D46
 70
     1
 10
0.0
 20
0.0
 30
0.0
  3
*D46
  1

  0
LINE
  5
7210
330
67B1
100
AcDbEntity
  8
0
  6
BYBLOCK
 62
     0
100
AcDbLine
 10
411.213866379117
 20
-29.20146454689932
 30
0.0
 11
411.1927448291875
 21
-22.80149940010919
 31
0.0
  0
SOLID
  5
7211
330
67B1
100
AcDbEntity
  8
0
  6
BYBLOCK
 62
     0
100
AcDbTrace
 10
411.5138647453727
 20
-29.20047447424638
 30
0.0
 11
410.9138680128611
 21
-29.20245461955226
 31
0.0
 12
411.2198068150346
 22
-31.00145474443405
 32
0.0
 13
411.2198068150346
 23
-31.00145474443405
 33
0.0
  0
SOLID
  5
7212
330
67B1
100
AcDbEntity
  8
0
  6
BYBLOCK
 62
     0
100
AcDbTrace
 10
411.4927431954433
 20
-22.80050932745625
 30
0.0
 11
410.8927464629318
 21
-22.80248947276213
 31
0.0
 12
411.1868043932699
 22
-21.00150920257446
 32
0.0
 13
411.1868043932699
 23
-21.00150920257446
 33
0.0
  0
POINT
  5
7213
330
67B1
100
AcDbEntity
  8
DEFPOINTS
  6
BYBLOCK
 62
     0
100
AcDbPoint
 10
411.8705102611443
 20
-30.99930725378199
 30
0.0
  0
POINT
  5
7214
330
67B1
100
AcDbEntity
  8
DEFPOINTS
  6
BYBLOCK
 62
     0
100
AcDbPoint
 10
411.8375078393796
 20
-20.9993617119224
 30
0.0
  0
POINT
  5
7215
330
67B1
100
AcDbEntity
  8
DEFPOINTS
  6
BYBLOCK
 62
     0
100
AcDbPoint
 10
411.1868043932699
 20
-21.00150920257446
 30
0.0
  0
ENDBLK
  5
7216
330
67B1
100
AcDbEntity
  8
0
100
AcDbBlockEnd
  0
BLOCK
  5
67C1
330
67BB
100
AcDbEntity
  8
0
100
AcDbBlockBegin
  2
U_POLE
 70
     0
 10
0.0
 20
0.0
 30
0.0
  3
U_POLE
  1

  0
ARC
  5
67BC
330
67BB
100
AcDbEntity
  8
0
100
AcDbCircle
 10
0.0749999999999318
 20
-0.0187500000000114
 30
0.0
 40
0.01875
100
AcDbArc
 50
270.0
 51
90.0
  0
ARC
  5
67BD
330
67BB
100
AcDbEntity
  8
0
100
AcDbCircle
 10
-0.0750000000000455
 20
0.0187500000000114
 30
0.0
 40
0.01875
100
AcDbArc
 50
90.0
 51
270.0
  0
LINE
  5
67BE
330
67BB
100
AcDbEntity
  8
0
100
AcDbLine
 10
0.0
 20
0.0375000000000227
 30
0.0
 11
-0.0750000000000455
 21
0.0375000000000227
 31
0.0
  0
LINE
  5
67BF
330
67BB
100
AcDbEntity
  8
0
100
AcDbLine
 10
0.0
 20
-0.0375000000000227
 30
0.0
 11
0.0749999999999318
 21
-0.0375000000000227
 31
0.0
  0
CIRCLE
  5
67C0
330
67BB
100
AcDbEntity
  8
0
100
AcDbCircle
 10
0.0
 20
0.0
 30
0.0
 40
0.0375
  0
ENDBLK
  5
67C2
330
67BB
100
AcDbEntity
  8
0
100
AcDbBlockEnd
  0
BLOCK
  5
6AA5
330
6AA3
100
AcDbEntity
  8
0
100
AcDbBlockBegin
  2
DAYSTAMP
 70
     2
 10
0.0
 20
0.0
 30
0.0
  3
DAYSTAMP
  1

  0
ATTDEF
  5
6AA4
330
6AA3
100
AcDbEntity
  8
0
100
AcDbText
 10
0.0
 20
0.0
 30
0.0
 40
1.0
  1

100
AcDbAttributeDefinition
  3

  2
DAYSTAMP
 70
     0
  0
ENDBLK
  5
6AA6
330
6AA3
100
AcDbEntity
  8
0
100
AcDbBlockEnd
  0
BLOCK
  5
74CB
330
717D
100
AcDbEntity
  8
0
100
AcDbBlockBegin
  2
*D50
 70
     1
 10
0.0
 20
0.0
 30
0.0
  3
*D50
  1

  0
LINE
  5
74CC
330
717D
100
AcDbEntity
  8
0
  6
BYBLOCK
 62
     2
100
AcDbLine
 10
526.5931863404062
 20
162.0742314008147
 30
0.0
 11
526.5933583190723
 21
167.2742313979709
 31
0.0
  0
SOLID
  5
74CD
330
717D
100
AcDbEntity
  8
0
  6
BYBLOCK
 62
     2
100
AcDbTrace
 10
526.193186340625
 20
162.0742446299429
 30
0.0
 11
526.9931863401874
 21
162.0742181716866
 31
0.0
 12
526.5931069656372
 22
159.6742314021273
 32
0.0
 13
526.5931069656372
 23
159.6742314021273
 33
0.0
  0
SOLID
  5
74CE
330
717D
100
AcDbEntity
  8
0
  6
BYBLOCK
 62
     2
100
AcDbTrace
 10
526.1933583192911
 20
167.2742446270991
 30
0.0
 11
526.9933583188536
 21
167.2742181688427
 31
0.0
 12
526.5934376938413
 22
169.6742313966583
 32
0.0
 13
526.5934376938413
 23
169.6742313966583
 33
0.0
  0
POINT
  5
74CF
330
717D
100
AcDbEntity
  8
DEFPOINTS
  6
BYBLOCK
 62
     0
100
AcDbPoint
 10
526.5931069656372
 20
159.6742314021273
 30
0.0
  0
POINT
  5
74D0
330
717D
100
AcDbEntity
  8
DEFPOINTS
  6
BYBLOCK
 62
     0
100
AcDbPoint
 10
526.5934376938413
 20
169.6742313966583
 30
0.0
  0
POINT
  5
74D1
330
717D
100
AcDbEntity
  8
DEFPOINTS
  6
BYBLOCK
 62
     0
100
AcDbPoint
 10
526.5934376938413
 20
169.6742313966583
 30
0.0
  0
ENDBLK
  5
74D2
330
717D
100
AcDbEntity
  8
0
100
AcDbBlockEnd
  0
BLOCK
  5
74D3
330
718E
100
AcDbEntity
  8
0
100
AcDbBlockBegin
  2
*D51
 70
     1
 10
0.0
 20
0.0
 30
0.0
  3
*D51
  1

  0
LINE
  5
74D4
330
718E
100
AcDbEntity
  8
0
  6
BYBLOCK
 62
     2
100
AcDbLine
 10
822.4450635247923
 20
162.0644467448071
 30
0.0
 11
822.4452355034584
 21
167.2644467419633
 31
0.0
  0
SOLID
  5
74D5
330
718E
100
AcDbEntity
  8
0
  6
BYBLOCK
 62
     2
100
AcDbTrace
 10
822.0450635250111
 20
162.0644599739353
 30
0.0
 11
822.8450635245736
 21
162.0644335156789
 31
0.0
 12
822.4449841500233
 22
159.6644467461197
 32
0.0
 13
822.4449841500233
 23
159.6644467461197
 33
0.0
  0
SOLID
  5
74D6
330
718E
100
AcDbEntity
  8
0
  6
BYBLOCK
 62
     2
100
AcDbTrace
 10
822.0452355036772
 20
167.2644599710914
 30
0.0
 11
822.8452355032397
 21
167.2644335128351
 31
0.0
 12
822.4453148782275
 22
169.6644467406507
 32
0.0
 13
822.4453148782275
 23
169.6644467406507
 33
0.0
  0
POINT
  5
74D7
330
718E
100
AcDbEntity
  8
DEFPOINTS
  6
BYBLOCK
 62
     0
100
AcDbPoint
 10
822.4449841500233
 20
159.6644467461197
 30
0.0
  0
POINT
  5
74D8
330
718E
100
AcDbEntity
  8
DEFPOINTS
  6
BYBLOCK
 62
     0
100
AcDbPoint
 10
822.4453148782275
 20
169.6644467406507
 30
0.0
  0
POINT
  5
74D9
330
718E
100
AcDbEntity
  8
DEFPOINTS
  6
BYBLOCK
 62
     0
100
AcDbPoint
 10
822.4453148782275
 20
169.6644467406507
 30
0.0
  0
ENDBLK
  5
74DA
330
718E
100
AcDbEntity
  8
0
100
AcDbBlockEnd
  0
BLOCK
  5
74DB
330
71A5
100
AcDbEntity
  8
0
100
AcDbBlockBegin
  2
*D52
 70
     1
 10
0.0
 20
0.0
 30
0.0
  3
*D52
  1

  0
LINE
  5
74DC
330
71A5
100
AcDbEntity
  8
0
  6
BYBLOCK
 62
     2
100
AcDbLine
 10
474.0586585223308
 20
457.2759690272662
 30
0.0
 11
474.0584865436646
 21
452.0759690301114
 31
0.0
  0
SOLID
  5
74DD
330
71A5
100
AcDbEntity
  8
0
  6
BYBLOCK
 62
     2
100
AcDbTrace
 10
473.6586585225496
 20
457.2759822563944
 30
0.0
 11
474.458658522112
 21
457.2759557981381
 31
0.0
 12
474.0587378970998
 22
459.6759690259536
 32
0.0
 13
474.0587378970998
 23
459.6759690259536
 33
0.0
  0
SOLID
  5
74DE
330
71A5
100
AcDbEntity
  8
0
  6
BYBLOCK
 62
     2
100
AcDbTrace
 10
473.6584865438834
 20
452.0759822592396
 30
0.0
 11
474.4584865434459
 21
452.0759558009833
 31
0.0
 12
474.0584071688957
 22
449.675969031424
 32
0.0
 13
474.0584071688957
 23
449.675969031424
 33
0.0
  0
POINT
  5
74DF
330
71A5
100
AcDbEntity
  8
DEFPOINTS
  6
BYBLOCK
 62
     0
100
AcDbPoint
 10
474.0587378970998
 20
459.6759690259536
 30
0.0
  0
POINT
  5
74E0
330
71A5
100
AcDbEntity
  8
DEFPOINTS
  6
BYBLOCK
 62
     0
100
AcDbPoint
 10
474.0584071688956
 20
449.675969031424
 30
0.0
  0
POINT
  5
74E1
330
71A5
100
AcDbEntity
  8
DEFPOINTS
  6
BYBLOCK
 62
     0
100
AcDbPoint
 10
474.0584071688957
 20
449.675969031424
 30
0.0
  0
ENDBLK
  5
74E2
330
71A5
100
AcDbEntity
  8
0
100
AcDbBlockEnd
  0
BLOCK
  5
74E3
330
71B1
100
AcDbEntity
  8
0
100
AcDbBlockBegin
  2
*D53
 70
     1
 10
0.0
 20
0.0
 30
0.0
  3
*D53
  1

  0
LINE
  5
74E4
330
71B1
100
AcDbEntity
  8
0
  6
BYBLOCK
 62
     2
100
AcDbLine
 10
401.1495671970994
 20
336.4592753592655
 30
0.0
 11
406.3495671942553
 21
336.4591033805993
 31
0.0
  0
SOLID
  5
74E5
330
71B1
100
AcDbEntity
  8
0
  6
BYBLOCK
 62
     2
100
AcDbTrace
 10
401.1495804262275
 20
336.8592753590468
 30
0.0
 11
401.1495539679712
 21
336.0592753594843
 31
0.0
 12
398.749567198412
 22
336.4593547340345
 32
0.0
 13
398.749567198412
 23
336.4593547340345
 33
0.0
  0
SOLID
  5
74E6
330
71B1
100
AcDbEntity
  8
0
  6
BYBLOCK
 62
     2
100
AcDbTrace
 10
406.3495804233835
 20
336.8591033803806
 30
0.0
 11
406.3495539651271
 21
336.0591033808181
 31
0.0
 12
408.7495671929427
 22
336.4590240058304
 32
0.0
 13
408.7495671929427
 23
336.4590240058304
 33
0.0
  0
POINT
  5
74E7
330
71B1
100
AcDbEntity
  8
DEFPOINTS
  6
BYBLOCK
 62
     0
100
AcDbPoint
 10
398.749567198412
 20
336.4593547340345
 30
0.0
  0
POINT
  5
74E8
330
71B1
100
AcDbEntity
  8
DEFPOINTS
  6
BYBLOCK
 62
     0
100
AcDbPoint
 10
408.7495671929427
 20
336.4590240058304
 30
0.0
  0
POINT
  5
74E9
330
71B1
100
AcDbEntity
  8
DEFPOINTS
  6
BYBLOCK
 62
     0
100
AcDbPoint
 10
408.7495671929427
 20
336.4590240058304
 30
0.0
  0
ENDBLK
  5
74EA
330
71B1
100
AcDbEntity
  8
0
100
AcDbBlockEnd
  0
BLOCK
  5
74EB
330
71C7
100
AcDbEntity
  8
0
100
AcDbBlockBegin
  2
*D54
 70
     1
 10
0.0
 20
0.0
 30
0.0
  3
*D54
  1

  0
LINE
  5
74EC
330
71C7
100
AcDbEntity
  8
0
  6
BYBLOCK
 62
     2
100
AcDbLine
 10
1090.845146617532
 20
259.4101974685448
 30
0.0
 11
1085.646229064861
 21
259.3041018488201
 31
0.0
  0
SOLID
  5
74ED
330
71C7
100
AcDbEntity
  8
0
  6
BYBLOCK
 62
     2
100
AcDbTrace
 10
1090.836985416015
 20
259.8101142033656
 30
0.0
 11
1090.853307819049
 21
259.0102807337239
 31
0.0
 12
1093.244647026457
 22
259.4591646776485
 32
0.0
 13
1093.244647026457
 23
259.4591646776485
 33
0.0
  0
SOLID
  5
74EE
330
71C7
100
AcDbEntity
  8
0
  6
BYBLOCK
 62
     2
100
AcDbTrace
 10
1085.638067863343
 20
259.704018583641
 30
0.0
 11
1085.654390266378
 21
258.9041851139992
 31
0.0
 12
1083.246728655935
 22
259.2551346397164
 32
0.0
 13
1083.246728655935
 23
259.2551346397164
 33
0.0
  0
POINT
  5
74EF
330
71C7
100
AcDbEntity
  8
DEFPOINTS
  6
BYBLOCK
 62
     0
100
AcDbPoint
 10
1093.244647026457
 20
259.4591646776486
 30
0.0
  0
POINT
  5
74F0
330
71C7
100
AcDbEntity
  8
DEFPOINTS
  6
BYBLOCK
 62
     0
100
AcDbPoint
 10
1083.246728655935
 20
259.2551346397165
 30
0.0
  0
POINT
  5
74F1
330
71C7
100
AcDbEntity
  8
DEFPOINTS
  6
BYBLOCK
 62
     0
100
AcDbPoint
 10
1083.246728655935
 20
259.2551346397164
 30
0.0
  0
ENDBLK
  5
74F2
330
71C7
100
AcDbEntity
  8
0
100
AcDbBlockEnd
  0
BLOCK
  5
74F3
330
71D9
100
AcDbEntity
  8
0
100
AcDbBlockBegin
  2
*D55
 70
     1
 10
0.0
 20
0.0
 30
0.0
  3
*D55
  1

  0
LINE
  5
74F4
330
71D9
100
AcDbEntity
  8
0
  6
BYBLOCK
 62
     2
100
AcDbLine
 10
964.3656414076065
 20
457.2597531924679
 30
0.0
 11
964.3654694289403
 21
452.0597531953131
 31
0.0
  0
SOLID
  5
74F5
330
71D9
100
AcDbEntity
  8
0
  6
BYBLOCK
 62
     2
100
AcDbTrace
 10
963.9656414078253
 20
457.2597664215961
 30
0.0
 11
964.7656414073878
 21
457.2597399633398
 31
0.0
 12
964.3657207823755
 22
459.6597531911553
 32
0.0
 13
964.3657207823755
 23
459.6597531911553
 33
0.0
  0
SOLID
  5
74F6
330
71D9
100
AcDbEntity
  8
0
  6
BYBLOCK
 62
     2
100
AcDbTrace
 10
963.965469429159
 20
452.0597664244413
 30
0.0
 11
964.7654694287215
 21
452.059739966185
 31
0.0
 12
964.3653900541713
 22
449.6597531966257
 32
0.0
 13
964.3653900541713
 23
449.6597531966257
 33
0.0
  0
POINT
  5
74F7
330
71D9
100
AcDbEntity
  8
DEFPOINTS
  6
BYBLOCK
 62
     0
100
AcDbPoint
 10
964.3657207823755
 20
459.6597531911553
 30
0.0
  0
POINT
  5
74F8
330
71D9
100
AcDbEntity
  8
DEFPOINTS
  6
BYBLOCK
 62
     0
100
AcDbPoint
 10
964.3653900541711
 20
449.6597531966257
 30
0.0
  0
POINT
  5
74F9
330
71D9
100
AcDbEntity
  8
DEFPOINTS
  6
BYBLOCK
 62
     0
100
AcDbPoint
 10
964.3653900541713
 20
449.6597531966257
 30
0.0
  0
ENDBLK
  5
74FA
330
71D9
100
AcDbEntity
  8
0
100
AcDbBlockEnd
  0
BLOCK
  5
71F4
330
71EC
100
AcDbEntity
  8
0
 62
     2
100
AcDbBlockBegin
  2
HANDI
 70
     0
 10
0.0
 20
0.0
 30
0.0
  3
HANDI
  1

  0
LINE
  5
71ED
330
71EC
100
AcDbEntity
  8
0
100
AcDbLine
 10
0.0007786770464122
 20
0.0005973875074687
 30
0.0
 11
0.0582050338549323
 21
0.0005973875074687
 31
0.0
  0
LINE
  5
71EE
330
71EC
100
AcDbEntity
  8
0
100
AcDbLine
 10
0.0582050338549323
 20
0.0005973875074687
 30
0.0
 11
0.0788785223060131
 21
-0.040749589394693
 31
0.0
  0
LINE
  5
71EF
330
71EC
100
AcDbEntity
  8
0
100
AcDbLine
 10
0.0788785223060131
 20
-0.040749589394693
 30
0.0
 11
0.0949579022124283
 21
-0.0324801940142265
 31
0.0
  0
LINE
  5
71F0
330
71EC
100
AcDbEntity
  8
0
100
AcDbLine
 10
0.0007786770464122
 20
0.0281620387755481
 30
0.0
 11
0.0375315454038798
 21
0.0281620387755481
 31
0.0
  0
ARC
  5
71F1
330
71EC
100
AcDbEntity
  8
0
100
AcDbCircle
 10
0.0168580569528274
 20
-0.010428472999763
 30
0.0
 40
0.048238139719173
100
AcDbArc
 50
132.075022050844
 51
299.0546040990754
  0
LINE
  5
71F2
330
71EC
100
AcDbEntity
  8
0
100
AcDbLine
 10
0.0007786770464122
 20
0.0667525505509445
 30
0.0
 11
0.0007786770464122
 21
0.0005973875074687
 31
0.0
  0
CIRCLE
  5
71F3
330
71EC
100
AcDbEntity
  8
0
100
AcDbCircle
 10
0.0007786770464122
 20
0.0830664880943175
 30
0.0
 40
0.0163139375433814
  0
ENDBLK
  5
71F5
330
71EC
100
AcDbEntity
  8
0
 62
     2
100
AcDbBlockEnd
  0
BLOCK
  5
745C
330
7457
100
AcDbEntity
  8
0
100
AcDbBlockBegin
  2
STOCK
 70
     0
 10
0.0
 20
0.0
 30
0.0
  3
STOCK
  1

  0
LINE
  5
7458
330
7457
100
AcDbEntity
  8
0
100
AcDbLine
 10
0.0250000000000909
 20
0.0249999999998636
 30
0.0
 11
-0.0249999999998636
 21
0.0249999999998636
 31
0.0
  0
LINE
  5
7459
330
7457
100
AcDbEntity
  8
0
100
AcDbLine
 10
0.0250000000000909
 20
-0.0250000000000909
 30
0.0
 11
0.0250000000000909
 21
0.0249999999998636
 31
0.0
  0
LINE
  5
745A
330
7457
100
AcDbEntity
  8
0
100
AcDbLine
 10
-0.0249999999998636
 20
-0.0250000000000909
 30
0.0
 11
0.0250000000000909
 21
-0.0250000000000909
 31
0.0
  0
LINE
  5
745B
330
7457
100
AcDbEntity
  8
0
100
AcDbLine
 10
-0.0249999999998636
 20
0.0249999999998636
 30
0.0
 11
-0.0249999999998636
 21
-0.0250000000000909
 31
0.0
  0
ENDBLK
  5
745D
330
7457
100
AcDbEntity
  8
0
100
AcDbBlockEnd
  0
BLOCK
  5
1356E
330
134FF
100
AcDbEntity
  8
0
100
AcDbBlockBegin
  2
*D59
 70
     1
 10
0.0
 20
0.0
 30
0.0
  3
*D59
  1

  0
LINE
  5
1356F
330
134FF
100
AcDbEntity
  8
0
  6
BYBLOCK
 62
     2
100
AcDbLine
 10
992.354981275236
 20
169.9935087163393
 30
0.0
 11
992.3928412616406
 21
164.7936465430284
 31
0.0
  0
SOLID
  5
13570
330
134FF
100
AcDbEntity
  8
0
  6
BYBLOCK
 62
     2
100
AcDbTrace
 10
992.754970673183
 20
169.9964210229858
 30
0.0
 11
991.9549918772891
 21
169.9905964096928
 31
0.0
 12
992.337507435357
 22
172.3934451040213
 32
0.0
 13
992.337507435357
 23
172.3934451040213
 33
0.0
  0
SOLID
  5
13571
330
134FF
100
AcDbEntity
  8
0
  6
BYBLOCK
 62
     2
100
AcDbTrace
 10
992.7928306595876
 20
164.796558849675
 30
0.0
 11
991.9928518636937
 21
164.790734236382
 31
0.0
 12
992.4103151015197
 22
162.3937101553465
 32
0.0
 13
992.4103151015197
 23
162.3937101553465
 33
0.0
  0
POINT
  5
13572
330
134FF
100
AcDbEntity
  8
DEFPOINTS
  6
BYBLOCK
 62
     0
100
AcDbPoint
 10
992.3375074353571
 20
172.3934451040213
 30
0.0
  0
POINT
  5
13573
330
134FF
100
AcDbEntity
  8
DEFPOINTS
  6
BYBLOCK
 62
     0
100
AcDbPoint
 10
992.4103151015197
 20
162.3937101553465
 30
0.0
  0
POINT
  5
13574
330
134FF
100
AcDbEntity
  8
DEFPOINTS
  6
BYBLOCK
 62
     0
100
AcDbPoint
 10
992.4103151015197
 20
162.3937101553465
 30
0.0
  0
ENDBLK
  5
13575
330
134FF
100
AcDbEntity
  8
0
100
AcDbBlockEnd
  0
BLOCK
  5
1350E
330
1350D
100
AcDbEntity
  8
0
100
AcDbBlockBegin
  2
*D60
 70
     1
 10
0.0
 20
0.0
 30
0.0
  3
*D60
  1

  0
LINE
  5
1350F
330
1350D
100
AcDbEntity
  8
0
  6
BYBLOCK
 62
     2
100
AcDbLine
 10
394.5148295247389
 20
71.99132396341533
 30
0.0
 11
404.7148295191606
 21
71.99098662064716
 31
0.0
  0
SOLID
  5
13510
330
1350D
100
AcDbEntity
  8
0
  6
BYBLOCK
 62
     2
100
AcDbTrace
 10
394.5148427538671
 20
72.39132396319657
 30
0.0
 11
394.5148162956108
 21
71.5913239636341
 31
0.0
 12
392.1148295260515
 22
71.99140333818431
 32
0.0
 13
392.1148295260515
 23
71.99140333818431
 33
0.0
  0
SOLID
  5
13511
330
1350D
100
AcDbEntity
  8
0
  6
BYBLOCK
 62
     2
100
AcDbTrace
 10
404.7148427482887
 20
72.39098662042841
 30
0.0
 11
404.7148162900324
 21
71.59098662086593
 31
0.0
 12
407.114829517848
 22
71.99090724587819
 32
0.0
 13
407.114829517848
 23
71.99090724587819
 33
0.0
  0
POINT
  5
13512
330
1350D
100
AcDbEntity
  8
DEFPOINTS
  6
BYBLOCK
 62
     0
100
AcDbPoint
 10
392.1148295260515
 20
71.99140333818434
 30
0.0
  0
POINT
  5
13513
330
1350D
100
AcDbEntity
  8
DEFPOINTS
  6
BYBLOCK
 62
     0
100
AcDbPoint
 10
407.114829517848
 20
71.9909072458782
 30
0.0
  0
POINT
  5
13514
330
1350D
100
AcDbEntity
  8
DEFPOINTS
  6
BYBLOCK
 62
     0
100
AcDbPoint
 10
407.114829517848
 20
71.99090724587819
 30
0.0
  0
ENDBLK
  5
13515
330
1350D
100
AcDbEntity
  8
0
100
AcDbBlockEnd
  0
BLOCK
  5
13537
330
13536
100
AcDbEntity
  8
0
100
AcDbBlockBegin
  2
*D61
 70
     1
 10
0.0
 20
0.0
 30
0.0
  3
*D61
  1

  0
LINE
  5
13538
330
13536
100
AcDbEntity
  8
0
  6
BYBLOCK
 62
     2
100
AcDbLine
 10
411.3480795463707
 20
291.4780403653655
 30
0.0
 11
401.1480795519491
 21
291.4783777081335
 31
0.0
  0
SOLID
  5
13539
330
13536
100
AcDbEntity
  8
0
  6
BYBLOCK
 62
     2
100
AcDbTrace
 10
411.3480927754988
 20
291.8780403651467
 30
0.0
 11
411.3480663172425
 21
291.0780403655842
 31
0.0
 12
413.7480795450581
 22
291.4779609905965
 32
0.0
 13
413.7480795450581
 23
291.4779609905965
 33
0.0
  0
SOLID
  5
1353A
330
13536
100
AcDbEntity
  8
0
  6
BYBLOCK
 62
     2
100
AcDbTrace
 10
401.1480927810773
 20
291.8783777079148
 30
0.0
 11
401.148066322821
 21
291.0783777083523
 31
0.0
 12
398.7480795532617
 22
291.4784570829025
 32
0.0
 13
398.7480795532617
 23
291.4784570829025
 33
0.0
  0
POINT
  5
1353B
330
13536
100
AcDbEntity
  8
DEFPOINTS
  6
BYBLOCK
 62
     0
100
AcDbPoint
 10
413.7480795450581
 20
291.4779609905965
 30
0.0
  0
POINT
  5
1353C
330
13536
100
AcDbEntity
  8
DEFPOINTS
  6
BYBLOCK
 62
     0
100
AcDbPoint
 10
398.7480795532617
 20
291.4784570829025
 30
0.0
  0
POINT
  5
1353D
330
13536
100
AcDbEntity
  8
DEFPOINTS
  6
BYBLOCK
 62
     0
100
AcDbPoint
 10
398.7480795532617
 20
291.4784570829025
 30
0.0
  0
ENDBLK
  5
1353E
330
13536
100
AcDbEntity
  8
0
100
AcDbBlockEnd
  0
BLOCK
  5
13546
330
13545
100
AcDbEntity
  8
0
100
AcDbBlockBegin
  2
*D62
 70
     1
 10
0.0
 20
0.0
 30
0.0
  3
*D62
  1

  0
LINE
  5
13547
330
13545
100
AcDbEntity
  8
0
  6
BYBLOCK
 62
     2
100
AcDbLine
 10
411.351465858295
 20
393.8676122725641
 30
0.0
 11
401.1514658638735
 21
393.8679496153322
 31
0.0
  0
SOLID
  5
13548
330
13545
100
AcDbEntity
  8
0
  6
BYBLOCK
 62
     2
100
AcDbTrace
 10
411.3514790874231
 20
394.2676122723453
 30
0.0
 11
411.3514526291668
 21
393.4676122727828
 31
0.0
 12
413.7514658569824
 22
393.8675328977951
 32
0.0
 13
413.7514658569824
 23
393.8675328977951
 33
0.0
  0
SOLID
  5
13549
330
13545
100
AcDbEntity
  8
0
  6
BYBLOCK
 62
     2
100
AcDbTrace
 10
401.1514790930016
 20
394.2679496151135
 30
0.0
 11
401.1514526347453
 21
393.467949615551
 31
0.0
 12
398.751465865186
 22
393.8680289901012
 32
0.0
 13
398.751465865186
 23
393.8680289901012
 33
0.0
  0
POINT
  5
1354A
330
13545
100
AcDbEntity
  8
DEFPOINTS
  6
BYBLOCK
 62
     0
100
AcDbPoint
 10
413.7514658569824
 20
393.8675328977951
 30
0.0
  0
POINT
  5
1354B
330
13545
100
AcDbEntity
  8
DEFPOINTS
  6
BYBLOCK
 62
     0
100
AcDbPoint
 10
398.751465865186
 20
393.8680289901012
 30
0.0
  0
POINT
  5
1354C
330
13545
100
AcDbEntity
  8
DEFPOINTS
  6
BYBLOCK
 62
     0
100
AcDbPoint
 10
398.751465865186
 20
393.8680289901012
 30
0.0
  0
ENDBLK
  5
1354D
330
13545
100
AcDbEntity
  8
0
100
AcDbBlockEnd
  0
BLOCK
  5
1432A
330
14328
100
AcDbEntity
  8
0
 62
     7
100
AcDbBlockBegin
  2
$TD_AUDIT_GENERATED__14328
 70
     0
 10
0.0
 20
0.0
 30
0.0
  3
$TD_AUDIT_GENERATED__14328
  1

  0
ARC
  5
14329
330
14328
100
AcDbEntity
  8
0
 62
     7
100
AcDbCircle
 10
0.0
 20
0.0
 30
0.0
 40
1.0
100
AcDbArc
 50
90.00161442912228
 51
179.9998752353621
  0
ENDBLK
  5
1432B
330
14328
100
AcDbEntity
  8
0
 62
     7
100
AcDbBlockEnd
  0
ENDSEC
  0
SECTION
  2
ENTITIES
  0
LINE
  5
3D0
330
5CD4
100
AcDbEntity
  8
LINLEGAL
 62
     3
100
AcDbLine
 10
348.7536424290889
 20
459.6801132188742
 30
0.0
 11
348.7486815060268
 21
309.6801133009101
 31
0.0
  0
LINE
  5
3D1
330
5CD4
100
AcDbEntity
  8
LINLEGAL
 62
     3
100
AcDbLine
 10
348.7486815060268
 20
309.6801133009101
 30
0.0
 11
348.743720582964
 21
159.6801133829459
 31
0.0
  0
LINE
  5
3E9
330
5CD4
100
AcDbEntity
  8
LINLEG3
100
AcDbLine
 10
492.1163985808724
 20
119.4321752475786
 30
0.0
 11
492.1114321456743
 21
-30.73449133696111
 31
0.0
  0
LINE
  5
3EA
330
5CD4
100
AcDbEntity
  8
LINLEGAL
 62
     3
100
AcDbLine
 10
592.1163985261819
 20
119.4288679655376
 30
0.0
 11
592.1147324064863
 21
69.05155892086717
 31
0.0
  0
LINE
  5
3F1
330
5CD4
100
AcDbEntity
  8
LINLEGAL
100
AcDbLine
 10
498.7536423470481
 20
459.6751522958141
 30
0.0
 11
598.7536422923574
 21
459.671845013774
 31
0.0
  0
LINE
  5
3F4
330
5CD4
100
AcDbEntity
  8
LINLEGAL
100
AcDbLine
 10
498.7437205009279
 20
159.6751524598849
 30
0.0
 11
598.7437204462377
 21
159.6718451778439
 31
0.0
  0
LINE
  5
3F7
330
5CD4
100
AcDbEntity
  8
LINLEG2
100
AcDbLine
 10
498.7536423470481
 20
459.6751522958141
 30
0.0
 11
498.7486814239879
 21
309.6751523778493
 31
0.0
  0
LINE
  5
3F8
330
5CD4
100
AcDbEntity
  8
LINLEG2
100
AcDbLine
 10
598.7437204462371
 20
159.6718451778439
 30
0.0
 11
598.7486813692973
 21
309.6718450958064
 31
0.0
  0
LINE
  5
3F9
330
5CD4
100
AcDbEntity
  8
LINLEG2
100
AcDbLine
 10
698.753642237667
 20
459.6685377317332
 30
0.0
 11
698.7486813146069
 21
309.6685378137662
 31
0.0
  0
LINE
  5
3FB
330
5CD4
100
AcDbEntity
  8
LINLEG2
100
AcDbLine
 10
398.7486814786786
 20
309.6784596598896
 30
0.0
 11
498.7486814239904
 21
309.6751523778487
 31
0.0
  0
INSERT
  5
4EC
330
5CD4
100
AcDbEntity
  8
DCA_INFO
100
AcDbBlockReference
 66
     1
  2
ALIGNID
 10
0.0
 20
0.0
 30
0.0
  0
ATTRIB
  5
4ED
330
4EC
100
AcDbEntity
  8
0
100
AcDbText
 10
0.3667338228902052
 20
0.0000589388950121
 30
0.0
 40
0.2
  1
ALIGNMENTNAME
100
AcDbAttribute
  2
ALIGN_ID
 70
     1
  0
ATTRIB
  5
4EE
330
4EC
100
AcDbEntity
  8
0
100
AcDbText
 10
0.3684162559423535
 20
-0.2577004436475951
 30
0.0
 40
0.2
  1
c:\adcadd12\civil\advdsgn\tplates\
100
AcDbAttribute
  2
TPLATES_DIR
 70
     1
  0
SEQEND
  5
4EF
330
4EC
100
AcDbEntity
  8
DCA_INFO
  0
LINE
  5
73D
330
5CD4
100
AcDbEntity
  8
LINCON2
100
AcDbLine
 10
603.383253617244
 20
474.7203895390412
 30
0.0
 11
494.8281334043204
 21
474.8255806001398
 31
0.0
  0
LINE
  5
73E
330
5CD4
100
AcDbEntity
  8
LINCON2
100
AcDbLine
 10
494.8281334043204
 20
474.8255806001398
 30
0.0
 11
402.9115067816492
 21
474.902963768749
 31
0.0
  0
ARC
  5
74F
330
5CD4
100
AcDbEntity
  8
LINCON2
100
AcDbCircle
 10
400.9437711895056
 20
452.9900718787842
 30
0.0
 40
22.0010639365915
100
AcDbArc
 50
84.8687119249485
 51
148.8949184826433
  0
ARC
  5
750
330
5CD4
100
AcDbEntity
  8
LINCON2
100
AcDbCircle
 10
400.9437711895056
 20
452.9900718787842
 30
0.0
 40
23.0010639365915
100
AcDbArc
 50
84.8687119249485
 51
187.3374633508932
  0
LINE
  5
751
330
5CD4
100
AcDbEntity
  8
LINCON2
100
AcDbLine
 10
494.8289752883628
 20
475.8255802457554
 30
0.0
 11
402.9123486656916
 21
475.9029634143646
 31
0.0
  0
LINE
  5
752
330
5CD4
100
AcDbEntity
  8
LINCON2
100
AcDbLine
 10
602.8050829454606
 20
475.7209502620357
 30
0.0
 11
494.8291024144556
 21
475.8255801306494
 31
0.0
  0
ARC
  5
753
330
5CD4
100
AcDbEntity
  8
TEXTL
100
AcDbCircle
 10
591.6588294823442
 20
458.4772041783017
 30
0.0
 40
20.03255330601516
100
AcDbArc
 50
5.276744608745803
 51
16.95662542281002
  0
LINE
  5
754
330
5CD4
100
AcDbEntity
  8
LINCONC
100
AcDbLine
 10
611.517986454604
 20
440.7372456903195
 30
0.0
 11
611.5049953404086
 21
460.3195266292187
 31
0.0
  0
LINE
  5
75B
330
5CD4
100
AcDbEntity
  8
LINCON2
100
AcDbLine
 10
380.212512011107
 20
460.3563265051225
 30
0.0
 11
449.5807031060011
 21
460.3452944943529
 31
0.0
  0
LINE
  5
75C
330
5CD4
100
AcDbEntity
  8
LINCON2
100
AcDbLine
 10
382.1059922777551
 20
464.3560254249675
 30
0.0
 11
610.8204838765178
 21
464.319651682267
 31
0.0
  0
ARC
  5
75D
330
5CD4
100
AcDbEntity
  8
LINCON2
100
AcDbCircle
 10
591.6588294823442
 20
458.4772041783017
 30
0.0
 40
20.03255330601516
100
AcDbArc
 50
16.95662542281002
 51
54.17803339719622
  0
ARC
  5
75E
330
5CD4
100
AcDbEntity
  8
LINCON2
100
AcDbCircle
 10
400.9437711895056
 20
452.9900718787842
 30
0.0
 40
22.0010639365915
100
AcDbArc
 50
148.8949184826433
 51
160.4387987358595
  0
ARC
  5
75F
330
5CD4
100
AcDbEntity
  8
LINCON2
100
AcDbCircle
 10
400.9437711895056
 20
452.9900718787842
 30
0.0
 40
22.0010639365915
100
AcDbArc
 50
160.4387987358595
 51
187.6730195316144
  0
LINE
  5
760
330
5CD4
100
AcDbEntity
  8
LINCON2
100
AcDbLine
 10
351.7563951898488
 20
450.0534060571693
 30
0.0
 11
378.131059555637
 21
450.052533772631
 31
0.0
  0
LINE
  5
762
330
5CD4
100
AcDbEntity
  8
LINCONC
100
AcDbLine
 10
378.131059555637
 20
450.052533772631
 30
0.0
 11
379.1397007385232
 21
450.0525004140223
 31
0.0
  0
LINE
  5
855
330
5CD4
100
AcDbEntity
  8
LINCON2
100
AcDbLine
 10
596.1876640892733
 20
504.1020754570873
 30
0.0
 11
493.6798622465527
 21
504.3071525623262
 31
0.0
  0
LINE
  5
856
330
5CD4
100
AcDbEntity
  8
LINCON2
100
AcDbLine
 10
488.6016019562909
 20
504.0588075843528
 30
0.0
 11
477.790313053935
 21
502.9770104804848
 31
0.0
  0
LINE
  5
857
330
5CD4
100
AcDbEntity
  8
LINCON2
100
AcDbLine
 10
471.1527861440437
 20
501.8574838532144
 30
0.0
 11
464.9189691018186
 21
500.3685369815934
 31
0.0
  0
LINE
  5
858
330
5CD4
100
AcDbEntity
  8
LINCON2
100
AcDbLine
 10
454.0716582541159
 20
499.0064707664533
 30
0.0
 11
403.1966795010248
 21
498.224484364513
 31
0.0
  0
LINE
  5
85A
330
5CD4
100
AcDbEntity
  8
LINCON2
100
AcDbLine
 10
454.5730186404596
 20
495.0137045580699
 30
0.0
 11
403.2581552253573
 21
494.2249568004978
 31
0.0
  0
LINE
  5
85B
330
5CD4
100
AcDbEntity
  8
LINCON2
100
AcDbLine
 10
471.8195668500671
 20
497.9042282794585
 30
0.0
 11
465.4203294881622
 21
496.37577077321
 31
0.0
  0
LINE
  5
85C
330
5CD4
100
AcDbEntity
  8
LINCON2
100
AcDbLine
 10
488.7972357051578
 20
500.0584081946884
 30
0.0
 11
478.4570937599586
 21
499.0237549067289
 31
0.0
  0
LINE
  5
85D
330
5CD4
100
AcDbEntity
  8
LINCON2
100
AcDbLine
 10
596.1796617054097
 20
500.1020834618637
 30
0.0
 11
493.8754959954197
 21
500.3067531726617
 31
0.0
  0
ARC
  5
85E
330
5CD4
100
AcDbEntity
  8
LINCON2
100
AcDbCircle
 10
483.4353242519257
 20
449.2721999444079
 30
0.0
 40
50.0
100
AcDbArc
 50
95.71409933567335
 51
103.4334126067768
  0
ARC
  5
85F
330
5CD4
100
AcDbEntity
  8
LINCON2
100
AcDbCircle
 10
453.8045720863038
 20
545.0077991082607
 30
0.0
 40
50.0
100
AcDbArc
 50
270.8806095562666
 51
283.4334126067768
  0
ARC
  5
860
330
5CD4
100
AcDbEntity
  8
LINCON2
100
AcDbCircle
 10
453.3032116999601
 20
549.000565316644
 30
0.0
 40
50.0
100
AcDbArc
 50
270.8806095562666
 51
283.4334126067768
  0
ARC
  5
861
330
5CD4
100
AcDbEntity
  8
LINCON2
100
AcDbCircle
 10
482.768543545902
 20
453.2254555181638
 30
0.0
 40
50.0
100
AcDbArc
 50
95.71409933567335
 51
103.4334126067765
  0
ARC
  5
862
330
5CD4
100
AcDbEntity
  8
LINCON2
100
AcDbCircle
 10
493.5798324482577
 20
454.3072526220318
 30
0.0
 40
50.0
100
AcDbArc
 50
89.8853742181802
 51
95.7140993356731
  0
ARC
  5
863
330
5CD4
100
AcDbEntity
  8
LINCON2
100
AcDbCircle
 10
493.7754661971247
 20
450.3068532323673
 30
0.0
 40
50.0
100
AcDbArc
 50
89.8853742181802
 51
95.71409933567315
  0
ARC
  5
864
330
5CD4
100
AcDbEntity
  8
LINCON2
100
AcDbCircle
 10
595.2257777986765
 20
502.143708118548
 30
0.0
 40
2.181840477371239
100
AcDbArc
 50
297.0515935585922
 51
63.84123174188235
  0
ARC
  5
868
330
5CD4
100
AcDbEntity
  8
LINCON2
100
AcDbCircle
 10
403.517482331529
 20
496.2133641332232
 30
0.0
 40
2.005246685281272
100
AcDbArc
 50
107.2725585397401
 51
262.5694525569271
  0
LINE
  5
869
330
5CD4
100
AcDbEntity
  8
LINCON2
100
AcDbLine
 10
402.9220893721379
 20
498.1281804410551
 30
0.0
 11
403.1966795010248
 21
498.224484364513
 31
0.0
  0
LINE
  5
878
330
5CD4
100
AcDbEntity
  8
LINEDGRD
100
AcDbLine
 10
378.1310595556365
 20
450.052533772631
 30
0.0
 11
373.9319269604075
 21
426.9961538274515
 31
0.0
  0
LINE
  5
879
330
5CD4
100
AcDbEntity
  8
LINEDGRD
100
AcDbLine
 10
373.9319269604076
 20
426.9961538274521
 30
0.0
 11
372.4254167500367
 21
362.0955347172403
 31
0.0
  0
LINE
  5
87A
330
5CD4
100
AcDbEntity
  8
LINEDGRD
100
AcDbLine
 10
372.4254167500367
 20
362.0955347172403
 30
0.0
 11
371.2180243343919
 21
287.583853805334
 31
0.0
  0
LINE
  5
87B
330
5CD4
100
AcDbEntity
  8
LINEDGRD
100
AcDbLine
 10
371.2180243343919
 20
287.583853805334
 30
0.0
 11
372.6765320683335
 21
174.0500057540385
 31
0.0
  0
LINE
  5
87E
330
5CD4
100
AcDbEntity
  8
LINEDGRD
100
AcDbLine
 10
391.1607255332201
 20
149.5216361771945
 30
0.0
 11
503.1903134435827
 21
149.3090816782036
 31
0.0
  0
LINE
  5
87F
330
5CD4
100
AcDbEntity
  8
LINEDGRD
100
AcDbLine
 10
504.1871461720217
 20
149.2534346830116
 30
0.0
 11
517.4607289299292
 21
149.1761028154567
 31
0.0
  0
ARC
  5
881
330
5CD4
100
AcDbEntity
  8
LINEDGRD
100
AcDbCircle
 10
394.5934328863659
 20
171.1977117824733
 30
0.0
 40
21.94620088803764
100
AcDbArc
 50
185.2391464426374
 51
261.0011494089883
  0
LINE
  5
883
330
5CD4
100
AcDbEntity
  8
LINEDGRD
100
AcDbLine
 10
560.5824680828027
 20
148.9248756462948
 30
0.0
 11
632.9940375477205
 21
149.3011205666008
 31
0.0
  0
LINE
  5
884
330
5CD4
100
AcDbEntity
  8
LINCONC
100
AcDbLine
 10
630.4898884135182
 20
178.1294216429633
 30
0.0
 11
630.3769641582076
 21
149.2875224554682
 31
0.0
  0
LINE
  5
885
330
5CD4
100
AcDbEntity
  8
LINEDGRD
100
AcDbLine
 10
490.3877770900764
 20
129.3334903610213
 30
0.0
 11
560.4659500987892
 21
128.9252150601898
 31
0.0
  0
LINE
  5
886
330
5CD4
100
AcDbEntity
  8
LINEDGRD
100
AcDbLine
 10
560.686385134824
 20
128.9251456169594
 30
0.0
 11
632.967883430357
 21
129.3007146975188
 31
0.0
  0
LINE
  5
887
330
5CD4
100
AcDbEntity
  8
LINEDGRD
100
AcDbLine
 10
390.1443809036998
 20
129.5235284970731
 30
0.0
 11
490.46634900638
 21
129.3331869447601
 31
0.0
  0
LINE
  5
88A
330
5CD4
100
AcDbEntity
  8
LINEDGRD
100
AcDbLine
 10
370.1100348311219
 20
109.9030204807141
 30
0.0
 11
366.947332362627
 21
-56.76364439886289
 31
0.0
  0
ARC
  5
88C
330
5CD4
100
AcDbEntity
  8
LINEDGRD
100
AcDbCircle
 10
390.1064348359899
 20
109.5235644947069
 30
0.0
 40
20.0
100
AcDbArc
 50
89.891292458335
 51
178.9128734462529
  0
LINE
  5
88D
330
5CD4
100
AcDbEntity
  8
LINEDGRD
100
AcDbLine
 10
352.4280419515778
 20
362.4195735574459
 30
0.0
 11
351.220649535933
 21
287.9078926455396
 31
0.0
  0
LINE
  5
88E
330
5CD4
100
AcDbEntity
  8
LINEDGRD
100
AcDbLine
 10
351.2196744448127
 20
287.3269458569058
 30
0.0
 11
352.7405680055897
 21
168.9368308008808
 31
0.0
  0
LINE
  5
88F
330
5CD4
100
AcDbEntity
  8
LINEDGRD
100
AcDbLine
 10
353.9373130182953
 20
427.4602802174502
 30
0.0
 11
352.4308028079245
 21
362.5596611072377
 31
0.0
  0
LINE
  5
890
330
5CD4
100
AcDbEntity
  8
LINEDGRD
100
AcDbLine
 10
351.7563951898488
 20
450.0534060571693
 30
0.0
 11
353.9373130182953
 21
427.4602802174502
 31
0.0
  0
LINE
  5
8B1
330
5CD4
100
AcDbEntity
  8
LINCON2
100
AcDbLine
 10
454.0639737885743
 20
499.5064117119553
 30
0.0
 11
403.1889950354833
 21
498.724425310015
 31
0.0
  0
LINE
  5
8B2
330
5CD4
100
AcDbEntity
  8
LINCON2
100
AcDbLine
 10
454.5807031060012
 20
494.513763612568
 30
0.0
 11
403.2658396908989
 21
493.7250158549959
 31
0.0
  0
ARC
  5
8B3
330
5CD4
100
AcDbEntity
  8
LINCON2
100
AcDbCircle
 10
403.517482331529
 20
496.2133641332232
 30
0.0
 40
2.505246685281272
100
AcDbArc
 50
107.2725585397401
 51
262.5694525569271
  0
LINE
  5
8B4
330
5CD4
100
AcDbEntity
  8
LINCON2
100
AcDbLine
 10
471.0366285700251
 20
502.3438041365649
 30
0.0
 11
464.8028115278
 21
500.8548572649439
 31
0.0
  0
ARC
  5
8B5
330
5CD4
100
AcDbEntity
  8
LINCON2
100
AcDbCircle
 10
453.3032116999601
 20
549.000565316644
 30
0.0
 40
49.5
100
AcDbArc
 50
270.8806095562666
 51
283.4334126067768
  0
ARC
  5
8B6
330
5CD4
100
AcDbEntity
  8
LINCON2
100
AcDbCircle
 10
453.8045720863038
 20
545.0077991082607
 30
0.0
 40
50.5
100
AcDbArc
 50
270.8806095562666
 51
283.4334126067768
  0
LINE
  5
8B7
330
5CD4
100
AcDbEntity
  8
LINCON2
100
AcDbLine
 10
471.9357244240857
 20
497.417907996108
 30
0.0
 11
465.5364870621808
 21
495.8894504898595
 31
0.0
  0
ARC
  5
8B8
330
5CD4
100
AcDbEntity
  8
LINCON2
100
AcDbCircle
 10
483.4353242519257
 20
449.2721999444079
 30
0.0
 40
49.5
100
AcDbArc
 50
95.71409933567335
 51
103.4334126067768
  0
LINE
  5
8B9
330
5CD4
100
AcDbEntity
  8
LINCON2
100
AcDbLine
 10
488.8470180100775
 20
499.5608926450652
 30
0.0
 11
478.5068760648783
 21
498.5262393571057
 31
0.0
  0
LINE
  5
8BA
330
5CD4
100
AcDbEntity
  8
LINCON2
100
AcDbLine
 10
596.1786614074267
 20
499.6020844624608
 30
0.0
 11
493.8744956974367
 21
499.8067541732588
 31
0.0
  0
ARC
  5
8BB
330
5CD4
100
AcDbEntity
  8
LINCON2
100
AcDbCircle
 10
493.7754661971247
 20
450.3068532323673
 30
0.0
 40
49.5
100
AcDbArc
 50
89.8853742181802
 51
95.71409933567315
  0
LINE
  5
8BC
330
5CD4
100
AcDbEntity
  8
LINCON2
100
AcDbLine
 10
596.1886643872563
 20
504.6020744564902
 30
0.0
 11
493.6808625445357
 21
504.8071515617291
 31
0.0
  0
LINE
  5
8BD
330
5CD4
100
AcDbEntity
  8
LINCON2
100
AcDbLine
 10
488.5518196513712
 20
504.556323133976
 30
0.0
 11
477.7405307490153
 21
503.474526030108
 31
0.0
  0
ARC
  5
8BE
330
5CD4
100
AcDbEntity
  8
LINCON2
100
AcDbCircle
 10
482.768543545902
 20
453.2254555181638
 30
0.0
 40
50.5
100
AcDbArc
 50
95.71409933567335
 51
103.4334126067765
  0
LINE
  5
9B4
330
5CD4
100
AcDbEntity
  8
EASEMENT
 48
0.5
100
AcDbLine
 10
408.7488468373114
 20
314.678128928951
 30
0.0
 11
418.7488468318423
 21
314.6777982007469
 31
0.0
  0
LINE
  5
9B5
330
5CD4
100
AcDbEntity
  8
EASEMENT
 48
0.5
100
AcDbLine
 10
408.7485161091074
 20
304.67812893442
 30
0.0
 11
418.7485161036384
 21
304.6777982062159
 31
0.0
  0
INSERT
  5
9D0
330
5CD4
100
AcDbEntity
  8
LINELEC
100
AcDbBlockReference
  2
POLE
 10
396.8867112702529
 20
310.5622328625729
 30
0.0
  0
ARC
  5
9D1
330
5CD4
100
AcDbEntity
  8
LINELEC
100
AcDbCircle
 10
411.424104569952
 20
310.7008113319766
 30
0.0
 40
1.178245281038328
100
AcDbArc
 50
307.6080338948292
 51
47.89735578549586
  0
LINE
  5
9D3
330
5CD4
100
AcDbEntity
  8
LINELEC
100
AcDbLine
 10
412.6008558195811
 20
310.7546072863582
 30
0.0
 11
396.8861234488804
 21
310.6622311348881
 31
0.0
  0
LINE
  5
9D4
330
5CD4
100
AcDbEntity
  8
LINELEC
100
AcDbLine
 10
412.602031462326
 20
310.5546107417277
 30
0.0
 11
396.8872990916253
 21
310.4622345902577
 31
0.0
  0
LINE
  5
9D5
330
5CD4
100
AcDbEntity
  8
LINELEC
100
AcDbLine
 10
315.9517109624279
 20
311.2539414314772
 30
0.0
 11
335.9509805809089
 21
311.0830182695038
 31
0.0
  0
TEXT
  5
9D6
330
5CD4
100
AcDbEntity
  8
LINELEC
100
AcDbText
 10
338.4850756747733
 20
310.186330208779
 30
0.0
 40
1.75
  1
OE
 50
359.5102777777778
  7
L140
 72
     4
 11
339.9508345046052
 21
311.0488336371091
 31
0.0
100
AcDbText
  0
LINE
  5
9D7
330
5CD4
100
AcDbEntity
  8
LINELEC
100
AcDbLine
 10
343.9506884283014
 20
311.0146490047144
 30
0.0
 11
363.9499580467825
 21
310.843725842741
 31
0.0
  0
TEXT
  5
9D8
330
5CD4
100
AcDbEntity
  8
LINELEC
100
AcDbText
 10
366.4840531406468
 20
309.9470377820163
 30
0.0
 40
1.75
  1
OE
 50
359.5102777777778
  7
L140
 72
     4
 11
367.9498119704787
 21
310.8095412103464
 31
0.0
100
AcDbText
  0
LINE
  5
9D9
330
5CD4
100
AcDbEntity
  8
LINELEC
100
AcDbLine
 10
371.9496658941749
 20
310.7753565779517
 30
0.0
 11
396.8867112702529
 21
310.5622328625729
 31
0.0
  0
LINE
  5
9DA
330
5CD4
100
AcDbEntity
  8
LINELEC
100
AcDbLine
 10
396.8867112702529
 20
310.5622328625729
 30
0.0
 11
392.3631233563113
 21
312.5422739489802
 31
0.0
  0
TEXT
  5
9DB
330
5CD4
100
AcDbEntity
  8
LINELEC
100
AcDbText
 10
387.0119645921283
 20
313.9294040502606
 30
0.0
 40
1.75
  1
OE
 50
336.3602777777778
  7
L140
 72
     4
 11
388.6987830227256
 21
314.1462097081853
 31
0.0
100
AcDbText
  0
LINE
  5
9DC
330
5CD4
100
AcDbEntity
  8
LINELEC
100
AcDbLine
 10
385.0344426891399
 20
315.7501454673904
 30
0.0
 11
366.7127410212113
 21
323.7698242634161
 31
0.0
  0
TEXT
  5
9DD
330
5CD4
100
AcDbEntity
  8
LINELEC
100
AcDbText
 10
361.3615822570283
 20
325.1569543646965
 30
0.0
 40
1.75
  1
OE
 50
336.3602777777778
  7
L140
 72
     4
 11
363.0484006876256
 21
325.3737600226212
 31
0.0
100
AcDbText
  0
LINE
  5
9DE
330
5CD4
100
AcDbEntity
  8
LINELEC
100
AcDbLine
 10
359.3840603540399
 20
326.9776957818264
 30
0.0
 11
341.0623586861113
 21
334.9973745778521
 31
0.0
  0
TEXT
  5
9DF
330
5CD4
100
AcDbEntity
  8
LINELEC
100
AcDbText
 10
335.7111999219283
 20
336.3845046791325
 30
0.0
 40
1.75
  1
OE
 50
336.3602777777778
  7
L140
 72
     4
 11
337.3980183525256
 21
336.6013103370572
 31
0.0
100
AcDbText
  0
LINE
  5
9E0
330
5CD4
100
AcDbEntity
  8
LINELEC
100
AcDbLine
 10
333.7336780189399
 20
338.2052460962623
 30
0.0
 11
318.6732867487183
 21
344.7974012747885
 31
0.0
  0
TEXT
  5
A11
330
5CD4
100
AcDbEntity
  8
LINCON2
100
AcDbText
 10
533.1814997048658
 20
468.1128613379612
 30
0.0
 40
1.8
  1
4' Sidewalk (Existing)
  7
L60
100
AcDbText
  0
LINE
  5
AC6
330
5CD4
100
AcDbEntity
  8
LINCLRD
  6
CENTER2
100
AcDbLine
 10
365.2563951824668
 20
450.0529595740918
 30
0.0
 11
360.6750834133327
 21
139.7745677520088
 31
0.0
  0
INSERT
  5
24C5
330
5CD4
100
AcDbEntity
  8
TREES
100
AcDbBlockReference
  2
CG-T33
 10
396.0737690293736
 20
446.4584198798002
 30
0.0
 41
20.0
 42
20.0
 43
20.0
  0
INSERT
  5
24C6
330
5CD4
100
AcDbEntity
  8
TREES
100
AcDbBlockReference
  2
CG-T33
 10
408.4800390622368
 20
434.2656952700745
 30
0.0
 41
30.0
 42
30.0
 43
30.0
  0
INSERT
  5
24CD
330
5CD4
100
AcDbEntity
  8
TREES
100
AcDbBlockReference
  2
CG-T33
 10
395.6127313075413
 20
350.6374440531108
 30
0.0
 41
20.0
 42
20.0
 43
20.0
  0
INSERT
  5
24D6
330
5CD4
100
AcDbEntity
  8
TREES
100
AcDbBlockReference
  2
CG-T33
 10
392.3862235921861
 20
319.4348168817342
 30
0.0
 41
20.0
 42
20.0
 43
20.0
  0
INSERT
  5
24D7
330
5CD4
100
AcDbEntity
  8
TREES
100
AcDbBlockReference
  2
CG-T33
 10
402.406457750918
 20
320.4354122314926
 30
0.0
 41
40.0
 42
40.0
 43
40.0
  0
INSERT
  5
24D8
330
5CD4
100
AcDbEntity
  8
TREES
100
AcDbBlockReference
  2
CG-T33
 10
413.34610899771
 20
310.4777476279232
 30
0.0
 41
20.0
 42
20.0
 43
20.0
  0
INSERT
  5
24D9
330
5CD4
100
AcDbEntity
  8
TREES
100
AcDbBlockReference
  2
CG-T33
 10
395.6982990564211
 20
277.7182520928236
 30
0.0
 41
40.0
 42
40.0
 43
40.0
  0
INSERT
  5
24DA
330
5CD4
100
AcDbEntity
  8
TREES
100
AcDbBlockReference
  2
CG-T33
 10
397.8820605650053
 20
232.4295205744511
 30
0.0
 41
40.0
 42
40.0
 43
40.0
  0
LINE
  5
2A3A
330
5CD4
100
AcDbEntity
  8
LINLEGAL
100
AcDbLine
 10
598.753642292358
 20
459.671845013774
 30
0.0
 11
611.7312660802654
 21
459.6714158071529
 31
0.0
  0
LINE
  5
2A53
330
5CD4
100
AcDbEntity
  8
LINLEG2
100
AcDbLine
 10
598.7486813692987
 20
309.6718450958078
 30
0.0
 11
611.7263051572048
 21
309.6714158891867
 31
0.0
  0
LINE
  5
2A65
330
5CD4
100
AcDbEntity
  8
LINLEG2
100
AcDbLine
 10
498.7486814239879
 20
309.6751523778478
 30
0.0
 11
498.7437205009279
 21
159.6751524598849
 31
0.0
  0
LINE
  5
2A66
330
5CD4
100
AcDbEntity
  8
LINLEG2
100
AcDbLine
 10
498.7486814239904
 20
309.6751523778487
 30
0.0
 11
598.7486813692987
 21
309.6718450958078
 31
0.0
  0
LINE
  5
2A6B
330
5CD4
100
AcDbEntity
  8
LINLEG2
100
AcDbLine
 10
598.7486813692973
 20
309.6718450958064
 30
0.0
 11
598.7536422923574
 21
459.671845013774
 31
0.0
  0
LINE
  5
2A6C
330
5CD4
100
AcDbEntity
  8
LINLEGAL
100
AcDbLine
 10
398.7486814786785
 20
309.6784596598894
 30
0.0
 11
398.7528155815214
 21
434.6784684423624
 31
0.0
  0
INSERT
  5
2A84
330
5CD4
100
AcDbEntity
  8
TXTBOUDIM
100
AcDbBlockReference
  2
PCOR
 10
423.7366713154481
 20
459.8974628540501
 30
0.0
 41
20.0
 42
20.0
 43
20.0
 50
359.9980555555556
  0
INSERT
  5
2A8F
330
5CD4
100
AcDbEntity
  8
TXTBOUDIM
100
AcDbBlockReference
  2
PCOR
 10
398.534492742173
 20
434.2742772836478
 30
0.0
 41
20.0
 42
-20.0
 43
20.0
 50
269.9980555555556
  0
INSERT
  5
2A92
330
5CD4
100
AcDbEntity
  8
TXTBOUDIM
100
AcDbBlockReference
  2
PCOR
 10
398.9370068306148
 20
184.5955413226393
 30
0.0
 41
20.0
 42
20.0
 43
20.0
 50
89.99805555555557
  0
INSERT
  5
2AA2
330
5CD4
100
AcDbEntity
  8
TXTBOUDIM
100
AcDbBlockReference
  2
PCOR
 10
423.6776209810551
 20
159.6784597419255
 30
0.0
 41
20.0
 42
-20.0
 43
20.0
 50
359.9980555555556
  0
TEXT
  5
2BF8
330
5CD4
100
AcDbEntity
  8
TXTSTRNAME
100
AcDbText
 10
731.0743474783417
 20
513.2554795737562
 30
0.0
 40
4.0
  1
ARNOULD BOULEVARD (80' R/W CONCRETE)
 51
12.0
  7
L200
100
AcDbText
  0
TEXT
  5
2BF9
330
5CD4
100
AcDbEntity
  8
TXTSTRNAME
100
AcDbText
 10
358.9071276580838
 20
169.0665463877014
 30
0.0
 40
4.0
  1
PATRICIA STREET (50' R/W ASPHALT)
 50
89.12695517192684
 51
12.0
  7
L200
100
AcDbText
  0
TEXT
  5
2BFA
330
5CD4
100
AcDbEntity
  8
TXTSTRNAME
100
AcDbText
 10
670.0423175488559
 20
132.3558011618684
 30
0.0
 40
4.0
  1
MARIE ANTOINETTE STREET (40' R/W ASPHALT)
 51
12.0
  7
L200
100
AcDbText
  0
TEXT
  5
2BFB
330
5CD4
100
AcDbEntity
  8
LOTNUM
 62
     5
100
AcDbText
 10
458.4890492815452
 20
375.5398914526169
 30
0.0
 40
3.6
  1
LOT 7
 51
12.0
  7
L120
 72
     1
 11
466.203334995831
 21
377.3398914526169
 31
0.0
100
AcDbText
 73
     2
  0
TEXT
  5
2BFC
330
5CD4
100
AcDbEntity
  8
LOTNUM
 62
     5
100
AcDbText
 10
547.7515446445373
 20
389.8309726005867
 30
0.0
 40
3.6
  1
LOT 6
 51
12.0
  7
L120
 72
     1
 11
555.3801160731086
 21
391.6309726005867
 31
0.0
100
AcDbText
 73
     2
  0
TEXT
  5
2BFD
330
5CD4
100
AcDbEntity
  8
LOTNUM
 62
     5
100
AcDbText
 10
648.6401902206583
 20
426.489524172835
 30
0.0
 40
3.6
  1
LOT 5
 51
12.0
  7
L120
 72
     1
 11
656.3544759349439
 21
428.289524172835
 31
0.0
100
AcDbText
 73
     2
  0
TEXT
  5
2BFF
330
5CD4
100
AcDbEntity
  8
LOTNUM
 62
     5
100
AcDbText
 10
541.7139255367201
 20
268.2474244740995
 30
0.0
 40
3.6
  1
LOT 9
 51
12.0
  7
L120
 72
     1
 11
549.3424969652915
 21
270.0474244740996
 31
0.0
100
AcDbText
 73
     2
  0
TEXT
  5
2C00
330
5CD4
100
AcDbEntity
  8
LOTNUM
 62
     5
100
AcDbText
 10
647.7398054459046
 20
269.2982904587982
 30
0.0
 40
3.6
  1
LOT 10
 51
12.0
  7
L120
100
AcDbText
  0
TEXT
  5
2C08
330
5CD4
100
AcDbEntity
  8
LOTNUM
 62
     5
100
AcDbText
 10
437.0102467863875
 20
60.85877544308185
 30
0.0
 40
3.6
  1
LOT 7
 51
12.0
  7
L120
100
AcDbText
  0
TEXT
  5
2C16
330
5CD4
100
AcDbEntity
  8
SUBNAME
100
AcDbText
 10
704.1961162986154
 20
268.17323611659
 30
0.0
 40
7.199999999999998
  1
Block "I"
  7
DO240
 72
     1
 11
726.8041162986153
 21
268.17323611659
 31
0.0
100
AcDbText
  0
LWPOLYLINE
  5
2C17
330
5CD4
100
AcDbEntity
  8
SUBNAME
100
AcDbPolyline
 90
        4
 70
     1
 43
0.0
 10
702.7635727262073
 20
278.0025194270794
 10
750.8446598710235
 20
278.0025194270794
 10
750.8446598710235
 20
265.7347761056464
 10
702.7635727262073
 20
265.7347761056464
  0
TEXT
  5
2C38
330
5CD4
100
AcDbEntity
  8
PARKING_TXT
100
AcDbText
 10
644.4490669532296
 20
171.6369804640695
 30
0.0
 40
2.4
  1
Concrete Parking
  7
L120
100
AcDbText
  0
TEXT
  5
2C3A
330
5CD4
100
AcDbEntity
  8
PARKING_TXT
100
AcDbText
 10
802.2146064904933
 20
367.1504244998112
 30
0.0
 40
2.4
  1
Concrete Parking
  7
L120
100
AcDbText
  0
TEXT
  5
2C3B
330
5CD4
100
AcDbEntity
  8
PARKING_TXT
100
AcDbText
 10
753.9959037475804
 20
428.476845231714
 30
0.0
 40
2.4
  1
Concrete Parking
  7
L120
100
AcDbText
  0
LINE
  5
2C4F
330
5CD4
100
AcDbEntity
  8
LINCON2
100
AcDbLine
 10
650.6486622881109
 20
493.9648317510633
 30
0.0
 11
651.3518918840964
 21
494.1054481123247
 31
0.0
  0
LINE
  5
4436
330
5CD4
100
AcDbEntity
  8
LINLEGAL
 62
     3
100
AcDbLine
 10
992.1163983074196
 20
119.4156388373754
 30
0.0
 11
992.1145046907966
 21
62.15966251152209
 31
0.0
  0
LINE
  5
4438
330
5CD4
100
AcDbEntity
  8
LINLEGAL
 62
     3
100
AcDbLine
 10
692.1163984714914
 20
119.4255606834966
 30
0.0
 11
692.1146754775638
 21
67.32858481853123
 31
0.0
  0
LINE
  5
4439
330
5CD4
100
AcDbEntity
  8
LINLEGAL
 62
     3
100
AcDbLine
 10
792.1163984168008
 20
119.4222534014557
 30
0.0
 11
792.1155642077933
 21
94.19885253518291
 31
0.0
  0
LINE
  5
443A
330
5CD4
100
AcDbEntity
  8
LINLEGAL
 62
     3
100
AcDbLine
 10
892.1163983621103
 20
119.4189461194147
 30
0.0
 11
892.1155422573509
 21
93.5334985376524
 31
0.0
  0
ARC
  5
4448
330
5CD4
100
AcDbEntity
  8
TRAVLAN
  6
CONTINUOUS
100
AcDbCircle
 10
2965.493260435983
 20
286.4771962731375
 30
0.0
 40
1797.243371535407
100
AcDbArc
 50
170.5325806076
 51
187.6852590450534
  0
ARC
  5
4449
330
5CD4
100
AcDbEntity
  8
TRAVLAN
  6
CONTINUOUS
100
AcDbCircle
 10
2947.86785918794
 20
283.4124258148524
 30
0.0
 40
1829.997038391742
100
AcDbArc
 50
170.0253532705068
 51
174.4434212692697
  0
ARC
  5
444F
330
5CD4
100
AcDbEntity
  8
TRAVLAN
 62
     1
100
AcDbCircle
 10
2965.493260435983
 20
286.4771962731375
 30
0.0
 40
1817.443371535407
100
AcDbArc
 50
170.5325806076
 51
187.6852590450534
  0
ARC
  5
4450
330
5CD4
100
AcDbEntity
  8
TRAVLAN
 62
     1
100
AcDbCircle
 10
2965.493260435983
 20
286.4771962731375
 30
0.0
 40
1827.443371535407
100
AcDbArc
 50
170.5325806076
 51
187.6852590450534
  0
ARC
  5
4451
330
5CD4
100
AcDbEntity
  8
TRAVLAN
 62
     1
100
AcDbCircle
 10
2965.493260435983
 20
286.4771962731375
 30
0.0
 40
1807.443371535407
100
AcDbArc
 50
170.5325806076
 51
187.6852590450534
  0
ARC
  5
4452
330
5CD4
100
AcDbEntity
  8
TRAVLAN
 62
     1
100
AcDbCircle
 10
2965.493260435983
 20
286.4771962731375
 30
0.0
 40
1837.443371535407
100
AcDbArc
 50
170.5325806076
 51
187.6852590450534
  0
LINE
  5
4456
330
5CD4
100
AcDbEntity
  8
LINLEG2
100
AcDbLine
 10
798.7536421829765
 20
459.6652304496932
 30
0.0
 11
798.7486812599162
 21
309.6652305317246
 31
0.0
  0
LINE
  5
4457
330
5CD4
100
AcDbEntity
  8
LINLEG2
100
AcDbLine
 10
898.753642128286
 20
459.6619231676531
 30
0.0
 11
898.7486812052258
 21
309.6619232496844
 31
0.0
  0
LINE
  5
445E
330
5CD4
100
AcDbEntity
  8
LINBLDG
100
AcDbLine
 10
522.4898584259325
 20
277.5753818875645
 30
0.0
 11
1051.358276309483
 21
281.4260514713861
 31
0.0
  0
LINE
  5
445F
330
5CD4
100
AcDbEntity
  8
LINBLDG
100
AcDbLine
 10
1051.358276309483
 20
281.4260514713861
 30
0.0
 11
1051.393568851401
 21
191.8239335121363
 31
0.0
  0
LINE
  5
4462
330
5CD4
100
AcDbEntity
  8
LINBLDG
100
AcDbLine
 10
630.4898583825114
 20
178.3590749404391
 30
0.0
 11
1043.568633103375
 21
181.3666848104053
 31
0.0
  0
LINE
  5
4464
330
5CD4
100
AcDbEntity
  8
LINBLDG
100
AcDbLine
 10
1043.534975204861
 20
266.818704672212
 30
0.0
 11
1043.568633103375
 21
181.3666848104053
 31
0.0
  0
LINE
  5
4466
330
5CD4
100
AcDbEntity
  8
LINBLDG
100
AcDbLine
 10
1002.311732415981
 20
172.466067033137
 30
0.0
 11
1002.290893621922
 21
181.0661432569009
 31
0.0
  0
LINE
  5
44E0
330
5CD4
100
AcDbEntity
  8
TENANT_TXT
  6
HIDDEN4
 62
     3
100
AcDbLine
 10
936.076359932215
 20
266.0363028358424
 30
0.0
 11
936.1100188088994
 21
180.5817995556605
 31
0.0
  0
LINE
  5
44E2
330
5CD4
100
AcDbEntity
  8
TENANT_TXT
  6
HIDDEN4
 62
     3
100
AcDbLine
 10
910.0750876019104
 20
265.8469886224817
 30
0.0
 11
910.1087455004246
 21
180.3949687606749
 31
0.0
  0
LINE
  5
44E3
330
5CD4
100
AcDbEntity
  8
TENANT_TXT
  6
HIDDEN4
 62
     3
100
AcDbLine
 10
889.674405273916
 20
265.6984520786585
 30
0.0
 11
889.7080667256629
 21
180.2374111275582
 31
0.0
  0
LINE
  5
44E5
330
5CD4
100
AcDbEntity
  8
TENANT_TXT
  6
HIDDEN4
 62
     3
100
AcDbLine
 10
808.8774649242051
 20
265.1101728202459
 30
0.0
 11
808.9111240898228
 21
179.6549359848904
 31
0.0
  0
LINE
  5
44E6
330
5CD4
100
AcDbEntity
  8
TENANT_TXT
  6
HIDDEN4
 62
     3
100
AcDbLine
 10
783.4766623165158
 20
264.9252306026759
 30
0.0
 11
783.5103229135392
 21
179.4663596574517
 31
0.0
  0
LINE
  5
44E8
330
5CD4
100
AcDbEntity
  8
TENANT_TXT
  6
HIDDEN4
 62
     3
100
AcDbLine
 10
738.577732998987
 20
264.5983233122744
 30
0.0
 11
738.6113908975012
 21
179.1463034504677
 31
0.0
  0
LINE
  5
44E9
330
5CD4
100
AcDbEntity
  8
TENANT_TXT
  6
HIDDEN4
 62
     3
100
AcDbLine
 10
692.2796600151041
 20
264.2612289133651
 30
0.0
 11
692.3133188993021
 21
178.8067065583804
 31
0.0
  0
LINE
  5
44EA
330
5CD4
100
AcDbEntity
  8
TENANT_TXT
  6
HIDDEN4
 62
     3
100
AcDbLine
 10
672.2785259552109
 20
264.11560146434
 30
0.0
 11
672.3121848359963
 21
178.6610877727135
 31
0.0
  0
LINE
  5
44F0
330
5CD4
100
AcDbEntity
  8
LINCONC
100
AcDbLine
 10
642.44268693232
 20
355.5275237664049
 30
0.0
 11
642.2911273790243
 21
322.7424019318476
 31
0.0
  0
LINE
  5
44F2
330
5CD4
100
AcDbEntity
  8
LINCONC
100
AcDbLine
 10
642.3343581196907
 20
383.0935990264799
 30
0.0
 11
642.3782948384729
 21
415.5289247237131
 31
0.0
  0
ARC
  5
44FC
330
5CD4
100
AcDbEntity
  8
LINCONC
100
AcDbCircle
 10
643.8782934622798
 20
415.5268928335967
 30
0.0
 40
1.5
100
AcDbArc
 50
89.92606000157758
 51
179.9223874908608
  0
LINE
  5
44FD
330
5CD4
100
AcDbEntity
  8
LINCONC
100
AcDbLine
 10
642.4245311693833
 20
456.6027791277552
 30
0.0
 11
642.2867374090033
 21
439.589806784179
 31
0.0
  0
LINE
  5
44FE
330
5CD4
100
AcDbEntity
  8
LINCONC
100
AcDbLine
 10
645.4245372659611
 20
456.5913830504169
 30
0.0
 11
645.2868479961568
 21
439.5913118372281
 31
0.0
  0
ARC
  5
44FF
330
5CD4
100
AcDbEntity
  8
LINCONC
100
AcDbCircle
 10
643.8134837784067
 20
439.6077741379956
 30
0.0
 40
1.5
100
AcDbArc
 50
179.5359524411692
 51
359.5359524411692
  0
ARC
  5
4501
330
5CD4
100
AcDbEntity
  8
LINCON2
100
AcDbCircle
 10
659.5158423878393
 20
457.5975476221684
 30
0.0
 40
17.08379357240181
100
AcDbArc
 50
88.26087054794475
 51
183.3310379759481
  0
LINE
  5
4502
330
5CD4
100
AcDbEntity
  8
LINCON2
100
AcDbLine
 10
1000.067719559794
 20
473.8113714113875
 30
0.0
 11
982.2462342565799
 21
473.7407809366971
 31
0.0
  0
LINE
  5
4503
330
5CD4
100
AcDbEntity
  8
LINCON2
100
AcDbLine
 10
982.2462342565799
 20
473.7407809366971
 30
0.0
 11
930.4292792594309
 21
473.8276763089756
 31
0.0
  0
LINE
  5
4504
330
5CD4
100
AcDbEntity
  8
LINCON2
100
AcDbLine
 10
930.4292792594309
 20
473.8276763089756
 30
0.0
 11
890.1384376831345
 21
474.1321981097497
 31
0.0
  0
LINE
  5
4505
330
5CD4
100
AcDbEntity
  8
LINCON2
100
AcDbLine
 10
890.1384376831345
 20
474.1321981097497
 30
0.0
 11
790.0788920714855
 21
474.2939930836867
 31
0.0
  0
LINE
  5
4506
330
5CD4
100
AcDbEntity
  8
LINCON2
100
AcDbLine
 10
790.0788920714855
 20
474.2939930836867
 30
0.0
 11
692.115629170884
 21
474.4324185295925
 31
0.0
  0
LINE
  5
4507
330
5CD4
100
AcDbEntity
  8
LINCON2
100
AcDbLine
 10
692.115629170884
 20
474.4324185295925
 30
0.0
 11
660.0343162915102
 21
474.6734718324608
 31
0.0
  0
LINE
  5
450D
330
5CD4
100
AcDbEntity
  8
LINCONC
100
AcDbLine
 10
645.4245372659611
 20
456.5913830504169
 30
0.0
 11
745.330657800482
 21
456.6415025400046
 31
0.0
  0
LINE
  5
450F
330
5CD4
100
AcDbEntity
  8
LINCONC
100
AcDbLine
 10
748.3308525619091
 20
456.635009888526
 30
0.0
 11
748.0969885305477
 21
439.6428881744982
 31
0.0
  0
LINE
  5
4510
330
5CD4
100
AcDbEntity
  8
LINCONC
100
AcDbLine
 10
745.330657800482
 20
456.6415025400046
 30
0.0
 11
745.0966836946844
 21
439.6413830240011
 31
0.0
  0
ARC
  5
4512
330
5CD4
100
AcDbEntity
  8
LINCONC
100
AcDbCircle
 10
746.6385699825431
 20
439.4748756967752
 30
0.0
 40
1.5
100
AcDbArc
 50
179.211483047983
 51
359.211483047983
  0
LINE
  5
4513
330
5CD4
100
AcDbEntity
  8
LINCONC
100
AcDbLine
 10
748.3308525619091
 20
456.635009888526
 30
0.0
 11
849.1398282745677
 21
456.148101043364
 31
0.0
  0
LINE
  5
4515
330
5CD4
100
AcDbEntity
  8
LINCONC
100
AcDbLine
 10
849.1398282745677
 20
456.148101043364
 30
0.0
 11
848.844805957113
 21
439.1791650366587
 31
0.0
  0
LINE
  5
4516
330
5CD4
100
AcDbEntity
  8
LINCONC
100
AcDbLine
 10
852.1397023382381
 20
456.1147804402913
 30
0.0
 11
851.8443526491664
 21
439.1270148478635
 31
0.0
  0
ARC
  5
4517
330
5CD4
100
AcDbEntity
  8
LINCONC
100
AcDbCircle
 10
850.3445793031395
 20
439.1530899422611
 30
0.0
 40
1.5
100
AcDbArc
 50
179.0039545915369
 51
359.0039545915369
  0
LINE
  5
451B
330
5CD4
100
AcDbEntity
  8
LINCONC
100
AcDbLine
 10
852.1397023382381
 20
456.1147804402913
 30
0.0
 11
933.4998617739956
 21
455.9576916288555
 31
0.0
  0
ARC
  5
451E
330
5CD4
100
AcDbEntity
  8
LINCON2
100
AcDbCircle
 10
916.3197068249216
 20
459.2801774569464
 30
0.0
 40
20.14527275130591
100
AcDbArc
 50
1.082251957349295
 51
48.35020317783175
  0
LINE
  5
4520
330
5CD4
100
AcDbEntity
  8
LINBLDG
100
AcDbLine
 10
1054.943418409217
 20
404.0881932978745
 30
0.0
 11
1000.234439914647
 21
404.1774837083506
 31
0.0
  0
LINE
  5
4521
330
5CD4
100
AcDbEntity
  8
LINBLDG
100
AcDbLine
 10
1000.234439914647
 20
404.1774837083506
 30
0.0
 11
1000.251413710497
 21
414.5774698569113
 31
0.0
  0
LINE
  5
4522
330
5CD4
100
AcDbEntity
  8
LINBLDG
100
AcDbLine
 10
1000.251413710497
 20
414.5774698569113
 30
0.0
 11
1002.651410514011
 21
414.5735528270997
 31
0.0
  0
LINE
  5
4523
330
5CD4
100
AcDbEntity
  8
LINBLDG
100
AcDbLine
 10
1002.651410514011
 20
414.5735528270997
 30
0.0
 11
1002.67964577057
 21
431.8735297857631
 31
0.0
  0
LINE
  5
4524
330
5CD4
100
AcDbEntity
  8
LINBLDG
100
AcDbLine
 10
1002.67964577057
 20
431.8735297857631
 30
0.0
 11
1000.279648967056
 21
431.8774468155748
 31
0.0
  0
LINE
  5
4525
330
5CD4
100
AcDbEntity
  8
LINBLDG
100
AcDbLine
 10
1000.279648967056
 20
431.8774468155748
 30
0.0
 11
1000.304130403379
 21
446.8774268375373
 31
0.0
  0
LINE
  5
4526
330
5CD4
100
AcDbEntity
  8
LINBLDG
100
AcDbLine
 10
1000.304130403379
 20
446.8774268375373
 30
0.0
 11
1052.304061146182
 21
446.7925578582848
 31
0.0
  0
LINE
  5
4527
330
5CD4
100
AcDbEntity
  8
LINBLDG
100
AcDbLine
 10
1052.304061146182
 20
446.7925578582848
 30
0.0
 11
1052.279579709859
 21
431.7925778363223
 31
0.0
  0
LINE
  5
4528
330
5CD4
100
AcDbEntity
  8
LINBLDG
100
AcDbLine
 10
1052.279579709859
 20
431.7925778363223
 30
0.0
 11
1048.779584371402
 21
431.7982901714643
 31
0.0
  0
LINE
  5
4529
330
5CD4
100
AcDbEntity
  8
LINBLDG
100
AcDbLine
 10
1048.779584371402
 20
431.7982901714643
 30
0.0
 11
1048.754123677626
 21
416.1983109486233
 31
0.0
  0
LINE
  5
452A
330
5CD4
100
AcDbEntity
  8
LINBLDG
100
AcDbLine
 10
1048.754123677626
 20
416.1983109486233
 30
0.0
 11
1054.754115686411
 21
416.188518374094
 31
0.0
  0
LINE
  5
452B
330
5CD4
100
AcDbEntity
  8
LINBLDG
100
AcDbLine
 10
1054.754115686411
 20
416.188518374094
 30
0.0
 11
1054.943418409217
 21
404.0881932978745
 31
0.0
  0
ARC
  5
452E
330
5CD4
100
AcDbEntity
  8
LINCON2
100
AcDbCircle
 10
1002.755958362987
 20
456.7322273578635
 30
0.0
 40
26.64469323833557
100
AcDbArc
 50
138.9151634406325
 51
176.3859635757853
  0
LINE
  5
452F
330
5CD4
100
AcDbEntity
  8
LINCONC
100
AcDbLine
 10
1080.51530372576
 20
456.821894429284
 30
0.0
 11
1080.274746430994
 21
429.2841306282701
 31
0.0
  0
LINE
  5
4530
330
5CD4
100
AcDbEntity
  8
LINCONC
100
AcDbLine
 10
1060.846948927623
 20
457.6586817332227
 30
0.0
 11
1060.402863658901
 21
406.8220806255545
 31
0.0
  0
LINE
  5
4537
330
5CD4
100
AcDbEntity
  8
LINCONC
100
AcDbLine
 10
1099.274021530373
 20
429.1181616609472
 30
0.0
 11
1096.500655566436
 21
365.9456456391118
 31
0.0
  0
LINE
  5
4539
330
5CD4
100
AcDbEntity
  8
LINCONC
100
AcDbLine
 10
1080.274746430994
 20
429.2841306282707
 30
0.0
 11
1099.274021530373
 21
429.1181616609472
 31
0.0
  0
LINE
  5
453A
330
5CD4
100
AcDbEntity
  8
LINCONC
100
AcDbLine
 10
1080.386440702804
 20
365.92273666621
 30
0.0
 11
1096.500655566436
 21
365.9456456391118
 31
0.0
  0
LINE
  5
453B
330
5CD4
100
AcDbEntity
  8
LINCONC
100
AcDbLine
 10
1080.390705685605
 20
362.9227396978912
 30
0.0
 11
1096.436931684374
 21
362.9455520135822
 31
0.0
  0
ARC
  5
453C
330
5CD4
100
AcDbEntity
  8
LINCONC
100
AcDbCircle
 10
1080.388573194204
 20
364.4227381820506
 30
0.0
 40
1.5
100
AcDbArc
 50
90.08145519884545
 51
270.0814551988454
  0
LINE
  5
453E
330
5CD4
100
AcDbEntity
  8
LINCONC
100
AcDbLine
 10
1072.255965242125
 20
329.2490542425173
 30
0.0
 11
1089.998555859078
 21
329.3249231249047
 31
0.0
  0
LINE
  5
4540
330
5CD4
100
AcDbEntity
  8
LINCON2
100
AcDbLine
 10
1096.436931684374
 20
362.9455520135822
 30
0.0
 11
1096.165563754937
 21
359.2865273054977
 31
0.0
  0
ARC
  5
4541
330
5CD4
100
AcDbEntity
  8
LINCON2
100
AcDbCircle
 10
1098.904066055019
 20
392.1414815833554
 30
0.0
 40
32.96888556575245
100
AcDbArc
 50
265.2353374688421
 51
309.2485706788328
  0
ARC
  5
4542
330
5CD4
100
AcDbEntity
  8
LINCON2
100
AcDbCircle
 10
1089.52688192021
 20
300.8214804354987
 30
0.0
 40
28.50734504391539
100
AcDbArc
 50
3.773040574602699
 51
89.05195804198283
  0
LINE
  5
4545
330
5CD4
100
AcDbEntity
  8
LINCONC
100
AcDbLine
 10
1090.249330237344
 20
318.1582618223655
 30
0.0
 11
1090.817245024018
 21
298.6665335050754
 31
0.0
  0
LINE
  5
4546
330
5CD4
100
AcDbEntity
  8
LINCONC
100
AcDbLine
 10
1090.817245024019
 20
298.6665335050747
 30
0.0
 11
1074.320984609728
 21
298.1858952537291
 31
0.0
  0
LINE
  5
4547
330
5CD4
100
AcDbEntity
  8
LINCONC
100
AcDbLine
 10
1091.078385881275
 20
288.9812081909834
 30
0.0
 11
1094.04528881239
 21
179.8553700568901
 31
0.0
  0
LINE
  5
4548
330
5CD4
100
AcDbEntity
  8
LINCONC
100
AcDbLine
 10
1094.04528881239
 20
179.8553700568901
 30
0.0
 11
1070.473801202797
 21
179.7314793400335
 31
0.0
  0
LINE
  5
4549
330
5CD4
100
AcDbEntity
  8
LINCONC
100
AcDbLine
 10
1091.078385881277
 20
288.9812081909816
 30
0.0
 11
1074.584825011488
 21
288.5327828232975
 31
0.0
  0
LINE
  5
454A
330
5CD4
100
AcDbEntity
  8
LINCONC
100
AcDbLine
 10
1072.865215123019
 20
296.6461089610855
 30
0.0
 11
1073.044602978568
 21
289.9918061678861
 31
0.0
  0
ARC
  5
454B
330
5CD4
100
AcDbEntity
  8
LINCONC
100
AcDbCircle
 10
1074.364670362549
 20
296.6865315370144
 30
0.0
 40
1.5
100
AcDbArc
 50
91.668908825187
 51
181.5442156091812
  0
ARC
  5
454C
330
5CD4
100
AcDbEntity
  8
LINCONC
100
AcDbCircle
 10
1074.544058218099
 20
290.032228743815
 30
0.0
 40
1.5
100
AcDbArc
 50
181.54421560918
 51
271.5573685652591
  0
ARC
  5
454D
330
5CD4
100
AcDbEntity
  8
LINCON2
100
AcDbCircle
 10
1100.545385789135
 20
170.0594895710147
 30
0.0
 40
31.58872560938895
100
AcDbArc
 50
162.1705374172713
 51
222.6512937092659
  0
LINE
  5
454E
330
5CD4
100
AcDbEntity
  8
LINCONC
100
AcDbLine
 10
1093.531583318384
 20
180.3526769493094
 30
0.0
 11
1070.471173260775
 21
180.2314724339066
 31
0.0
  0
LINE
  5
454F
330
5CD4
100
AcDbEntity
  8
LINCONC
100
AcDbLine
 10
1090.592159505566
 20
288.4678039530127
 30
0.0
 11
1093.531583318384
 21
180.3526769493094
 31
0.0
  0
LINE
  5
4550
330
5CD4
100
AcDbEntity
  8
LINCONC
100
AcDbLine
 10
1090.592159505566
 20
288.4678039530127
 30
0.0
 11
1074.598413942618
 21
288.0329675164583
 31
0.0
  0
ARC
  5
4551
330
5CD4
100
AcDbEntity
  8
LINCONC
100
AcDbCircle
 10
1074.544058218099
 20
290.032228743815
 30
0.0
 40
2.0
100
AcDbArc
 50
181.54421560918
 51
271.5573685652591
  0
LINE
  5
4552
330
5CD4
100
AcDbEntity
  8
LINCONC
100
AcDbLine
 10
1072.365396709842
 20
296.6326347691092
 30
0.0
 11
1072.544784565391
 21
289.9783319759098
 31
0.0
  0
LINE
  5
4553
330
5CD4
100
AcDbEntity
  8
LINCONC
100
AcDbLine
 10
1090.30289520084
 20
299.1517594930392
 30
0.0
 11
1074.306422692121
 21
298.6856831593007
 31
0.0
  0
ARC
  5
4554
330
5CD4
100
AcDbEntity
  8
LINCONC
100
AcDbCircle
 10
1074.364670362549
 20
296.6865315370144
 30
0.0
 40
2.0
100
AcDbArc
 50
91.668908825187
 51
181.5442156091812
  0
LINE
  5
4555
330
5CD4
100
AcDbEntity
  8
LINCONC
100
AcDbLine
 10
1089.764104249379
 20
317.6439119991869
 30
0.0
 11
1090.30289520084
 21
299.1517594930392
 31
0.0
  0
LINE
  5
4558
330
5CD4
100
AcDbEntity
  8
LINCONC
100
AcDbLine
 10
1072.253827217572
 20
329.7490496713474
 30
0.0
 11
1089.996417834524
 21
329.8249185537348
 31
0.0
  0
LINE
  5
455A
330
5CD4
100
AcDbEntity
  8
LINCONC
100
AcDbLine
 10
1080.391416516072
 20
362.4227402031714
 30
0.0
 11
1096.437642514841
 21
362.4455525188624
 31
0.0
  0
ARC
  5
455B
330
5CD4
100
AcDbEntity
  8
LINCONC
100
AcDbCircle
 10
1080.388573194204
 20
364.4227381820506
 30
0.0
 40
2.0
100
AcDbArc
 50
90.08145519884545
 51
270.0814551988454
  0
LINE
  5
455C
330
5CD4
100
AcDbEntity
  8
LINCONC
100
AcDbLine
 10
1080.385729872337
 20
366.4227361609298
 30
0.0
 11
1096.022094849683
 21
366.4449657926295
 31
0.0
  0
LINE
  5
455D
330
5CD4
100
AcDbEntity
  8
LINCONC
100
AcDbLine
 10
1098.751788635882
 20
428.6227045713183
 30
0.0
 11
1096.022094849683
 21
366.4449657926295
 31
0.0
  0
LINE
  5
4567
330
5CD4
100
AcDbEntity
  8
LINCONC
100
AcDbLine
 10
852.6310683786185
 20
455.6138307871217
 30
0.0
 11
933.0067094800482
 21
455.4586428669335
 31
0.0
  0
LINE
  5
4568
330
5CD4
100
AcDbEntity
  8
LINCONC
100
AcDbLine
 10
1079.770397902923
 20
428.7885173090061
 30
0.0
 11
1098.751788635882
 21
428.6227045713183
 31
0.0
  0
LINE
  5
4569
330
5CD4
100
AcDbEntity
  8
LINCON2
100
AcDbLine
 10
1000.067719559794
 20
473.8113714113875
 30
0.0
 11
1039.056142888764
 21
473.6314439934324
 31
0.0
  0
LINE
  5
456A
330
5CD4
100
AcDbEntity
  8
LINCON2
100
AcDbLine
 10
1039.056142888764
 20
473.6314439934324
 30
0.0
 11
1054.905470231161
 21
473.5306464372786
 31
0.0
  0
LINE
  5
456B
330
5CD4
100
AcDbEntity
  8
LINCON2
100
AcDbLine
 10
1054.905470231161
 20
473.5306464372786
 30
0.0
 11
1086.638712087616
 21
473.4847294956705
 31
0.0
  0
LINE
  5
456C
330
5CD4
100
AcDbEntity
  8
LINCON2
100
AcDbLine
 10
1086.638712087616
 20
473.4847294956705
 30
0.0
 11
1093.824254414564
 21
473.4902267022232
 31
0.0
  0
ARC
  5
456D
330
5CD4
100
AcDbEntity
  8
LINCON2
100
AcDbCircle
 10
1094.79028408233
 20
442.8442170695457
 30
0.0
 40
30.66123154286479
100
AcDbArc
 50
8.792010830817748
 51
91.80549121393337
  0
ARC
  5
456E
330
5CD4
100
AcDbEntity
  8
LINCON2
100
AcDbCircle
 10
1035.014605420457
 20
457.0366980986857
 30
0.0
 40
25.83983039251375
100
AcDbArc
 50
1.379284573160777
 51
41.13006276266344
  0
ARC
  5
456F
330
5CD4
100
AcDbEntity
  8
LINCON2
100
AcDbCircle
 10
1106.946992630568
 20
456.5650999742709
 30
0.0
 40
26.43293630591652
100
AcDbArc
 50
138.7744702172753
 51
179.4433660432705
  0
LINE
  5
4572
330
5CD4
100
AcDbEntity
  8
LINCONC
100
AcDbLine
 10
1080.015322802092
 20
456.8262620336872
 30
0.0
 11
1079.770397902923
 21
428.7885173090061
 31
0.0
  0
LINE
  5
4573
330
5CD4
100
AcDbEntity
  8
LINCON2
100
AcDbLine
 10
1039.059322693042
 20
474.1314338821749
 30
0.0
 11
1054.908650035439
 21
474.0306363260211
 31
0.0
  0
LINE
  5
4574
330
5CD4
100
AcDbEntity
  8
LINCON2
100
AcDbLine
 10
1000.070026981929
 20
474.3113660871623
 30
0.0
 11
1039.058450310899
 21
474.1314386692071
 31
0.0
  0
LINE
  5
4575
330
5CD4
100
AcDbEntity
  8
LINCON2
100
AcDbLine
 10
1086.638329569172
 20
473.9847293493502
 30
0.0
 11
1093.82387189612
 21
473.9902265559028
 31
0.0
  0
LINE
  5
4576
330
5CD4
100
AcDbEntity
  8
LINCON2
100
AcDbLine
 10
651.4616889660556
 20
493.968008473321
 30
0.0
 11
749.8809263480331
 21
494.0011171300903
 31
0.0
  0
LINE
  5
4577
330
5CD4
100
AcDbEntity
  8
LINCON2
100
AcDbLine
 10
749.8809263480331
 20
494.0011171300903
 30
0.0
 11
930.0295475302103
 21
493.5327206709261
 31
0.0
  0
LINE
  5
4579
330
5CD4
100
AcDbEntity
  8
LINCON2
100
AcDbLine
 10
930.0605155342829
 20
503.424109643303
 30
0.0
 11
749.491348719438
 21
503.9894363845046
 31
0.0
  0
LINE
  5
457A
330
5CD4
100
AcDbEntity
  8
LINCON2
100
AcDbLine
 10
749.491348719438
 20
503.9894363845046
 30
0.0
 11
692.1199494178859
 21
497.9868575569572
 31
0.0
  0
LINE
  5
457B
330
5CD4
100
AcDbEntity
  8
LINCON2
100
AcDbLine
 10
692.1199494178859
 20
497.9868575569572
 30
0.0
 11
651.450128250308
 21
497.8662460676405
 31
0.0
  0
ARC
  5
457D
330
5CD4
100
AcDbEntity
  8
LINCON2
100
AcDbCircle
 10
929.992284326685
 20
498.4785802982976
 30
0.0
 40
4.946000000000001
100
AcDbArc
 50
270.4316709444876
 51
89.2095664710085
  0
ARC
  5
457F
330
5CD4
100
AcDbEntity
  8
LINCON2
100
AcDbCircle
 10
651.5142393213343
 20
495.917300257575
 30
0.0
 40
1.95
100
AcDbArc
 50
91.88407993492284
 51
268.4557548045465
  0
LINE
  5
4580
330
5CD4
100
AcDbEntity
  8
LINCON2
100
AcDbLine
 10
749.4660438763578
 20
504.4895180594966
 30
0.0
 11
692.0679200804475
 21
498.4841431369268
 31
0.0
  0
LINE
  5
4581
330
5CD4
100
AcDbEntity
  8
LINCON2
100
AcDbLine
 10
930.0620809288089
 20
503.924107192837
 30
0.0
 11
749.4660438763578
 21
504.4895180594966
 31
0.0
  0
LINE
  5
4582
330
5CD4
100
AcDbEntity
  8
LINCON2
100
AcDbLine
 10
749.8796263245501
 20
493.5011188201543
 30
0.0
 11
930.0282475067273
 21
493.03272236099
 31
0.0
  0
LINE
  5
4583
330
5CD4
100
AcDbEntity
  8
LINCON2
100
AcDbLine
 10
651.4618571682068
 20
493.468008501613
 30
0.0
 11
749.8810945501843
 21
493.5011171583823
 31
0.0
  0
LINE
  5
4584
330
5CD4
100
AcDbEntity
  8
LINCON2
100
AcDbLine
 10
790.079598587906
 20
474.793992584521
 30
0.0
 11
692.1163356873045
 21
474.9324180304268
 31
0.0
  0
LINE
  5
4585
330
5CD4
100
AcDbEntity
  8
LINCON2
100
AcDbLine
 10
692.1193859762776
 20
474.9324044158066
 30
0.0
 11
660.0380730969039
 21
475.1734577186749
 31
0.0
  0
LINE
  5
4587
330
5CD4
100
AcDbEntity
  8
LINCON2
100
AcDbLine
 10
890.1392461755248
 20
474.6321974560893
 30
0.0
 11
790.0797005638758
 21
474.7939924300263
 31
0.0
  0
LINE
  5
4588
330
5CD4
100
AcDbEntity
  8
LINCONC
100
AcDbLine
 10
748.8239855106027
 20
456.1326222168562
 30
0.0
 11
848.6311023188917
 21
455.6505523650349
 31
0.0
  0
LINE
  5
4589
330
5CD4
100
AcDbEntity
  8
LINCONC
100
AcDbLine
 10
748.8239855106027
 20
456.1326222168562
 30
0.0
 11
748.5970393365249
 21
439.6431390329143
 31
0.0
  0
LINE
  5
458A
330
5CD4
100
AcDbEntity
  8
LINCONC
100
AcDbLine
 10
744.8237254031579
 20
456.1412481664119
 30
0.0
 11
744.5966328887072
 21
439.641132165585
 31
0.0
  0
LINE
  5
458B
330
5CD4
100
AcDbEntity
  8
LINCONC
100
AcDbLine
 10
645.9205060127473
 20
456.0916317980862
 30
0.0
 11
744.8237254031579
 21
456.1412481664119
 31
0.0
  0
LINE
  5
458C
330
5CD4
100
AcDbEntity
  8
LINCONC
100
AcDbLine
 10
645.9205060127473
 20
456.0916317980862
 30
0.0
 11
645.7894988934954
 21
439.9165851885447
 31
0.0
  0
LINE
  5
458D
330
5CD4
100
AcDbEntity
  8
LINCONC
100
AcDbLine
 10
641.9493605914932
 20
459.6704164095395
 30
0.0
 11
641.7867189778111
 21
439.5895559420042
 31
0.0
  0
ARC
  5
458E
330
5CD4
100
AcDbEntity
  8
LINCON2
100
AcDbCircle
 10
651.5142393213343
 20
495.917300257575
 30
0.0
 40
2.45
100
AcDbArc
 50
91.88407993492284
 51
268.4557548045465
  0
ARC
  5
458F
330
5CD4
100
AcDbEntity
  8
LINCONC
100
AcDbCircle
 10
746.6385699825431
 20
439.4748756967752
 30
0.0
 40
2.0
100
AcDbArc
 50
179.211483047983
 51
359.211483047983
  0
ARC
  5
4590
330
5CD4
100
AcDbEntity
  8
LINCONC
100
AcDbCircle
 10
643.8134837784067
 20
439.6077741379956
 30
0.0
 40
2.0
100
AcDbArc
 50
179.5359524411692
 51
359.5359524411692
  0
LINE
  5
4591
330
5CD4
100
AcDbEntity
  8
LINCON2
100
AcDbLine
 10
692.1184666112805
 20
498.4868553582369
 30
0.0
 11
651.4486454437026
 21
498.3662438689202
 31
0.0
  0
ARC
  5
4592
330
5CD4
100
AcDbEntity
  8
LINCON2
100
AcDbCircle
 10
929.992284326685
 20
498.4785802982976
 30
0.0
 40
5.446000000000001
100
AcDbArc
 50
270.4316709444876
 51
89.2095664710085
  0
LINE
  5
4593
330
5CD4
100
AcDbEntity
  8
LINCON2
100
AcDbLine
 10
929.7077693319541
 20
474.3331438268118
 30
0.0
 11
890.1422166201257
 21
474.632183829181
 31
0.0
  0
LINE
  5
4594
330
5CD4
100
AcDbEntity
  8
LINCON2
100
AcDbLine
 10
406.6191030887114
 20
523.9099133402974
 30
0.0
 11
821.3863483518284
 21
523.6728085318226
 31
0.0
  0
ARC
  5
4597
330
5CD4
100
AcDbEntity
  8
LINCON2
100
AcDbCircle
 10
586.9576790504524
 20
539.6551553687732
 30
0.0
 40
24.17945766246684
100
AcDbArc
 50
319.0137618039289
 51
3.54759510445251
  0
ARC
  5
4598
330
5CD4
100
AcDbEntity
  8
LINCON2
100
AcDbCircle
 10
670.1370195499976
 20
541.4047751463737
 30
0.0
 40
28.22802574010981
100
AcDbArc
 50
180.6721599836217
 51
218.6571953462045
  0
ARC
  5
4599
330
5CD4
100
AcDbEntity
  8
LINCON2
100
AcDbCircle
 10
809.6849597077194
 20
536.9592392689477
 30
0.0
 40
17.70456827863656
100
AcDbArc
 50
311.3704431918026
 51
6.01519531307579
  0
ARC
  5
459A
330
5CD4
100
AcDbEntity
  8
LINCON2
100
AcDbCircle
 10
872.710517080449
 20
536.9468408757001
 30
0.0
 40
14.46128067793779
100
AcDbArc
 50
173.2031949100283
 51
246.8831382516009
  0
ARC
  5
459C
330
5CD4
100
AcDbEntity
  8
LINCON2
100
AcDbCircle
 10
1090.444576882021
 20
573.5190075460785
 30
0.0
 40
50.0
100
AcDbArc
 50
269.9672464412193
 51
351.715238500649
  0
ARC
  5
459E
330
5CD4
100
AcDbEntity
  8
LINCON2
100
AcDbCircle
 10
1090.444576882021
 20
573.5190075460785
 30
0.0
 40
50.5
100
AcDbArc
 50
269.9672464412193
 51
351.715238500649
  0
ARC
  5
459F
330
5CD4
100
AcDbEntity
  8
LINCON2
100
AcDbCircle
 10
1094.79028408233
 20
442.8442170695457
 30
0.0
 40
31.16123154286479
100
AcDbArc
 50
8.792010830817748
 51
91.80549121393337
  0
LINE
  5
45A0
330
5CD4
100
AcDbEntity
  8
LINCON2
100
AcDbLine
 10
406.6188172600057
 20
523.4099134219955
 30
0.0
 11
821.5735122418571
 21
523.1727014564823
 31
0.0
  0
ARC
  5
45A1
330
5CD4
100
AcDbEntity
  8
LINCON2
100
AcDbCircle
 10
872.710517080449
 20
536.9468408757001
 30
0.0
 40
14.96128067793779
100
AcDbArc
 50
173.2031949100283
 51
247.2773580537556
  0
ARC
  5
45A2
330
5CD4
100
AcDbEntity
  8
LINCON2
100
AcDbCircle
 10
809.6849597077194
 20
536.9592392689477
 30
0.0
 40
18.20456827863656
100
AcDbArc
 50
310.7722015954413
 51
313.1250220939389
  0
LINE
  5
45A8
330
5CD4
100
AcDbEntity
  8
LINCON2
100
AcDbLine
 10
821.5735122418571
 20
523.1727014564823
 30
0.0
 11
821.57351224186
 21
523.1727014564823
 31
0.0
  0
ARC
  5
45A9
330
5CD4
100
AcDbEntity
  8
LINCON2
100
AcDbCircle
 10
809.6849597077194
 20
536.9592392689477
 30
0.0
 40
18.20456827863656
100
AcDbArc
 50
313.1250220939381
 51
313.1250220939442
  0
ARC
  5
45AA
330
5CD4
100
AcDbEntity
  8
LINCON2
100
AcDbCircle
 10
809.6849597077194
 20
536.9592392689477
 30
0.0
 40
18.20456827863656
100
AcDbArc
 50
313.1250220939442
 51
6.015195313075778
  0
LINE
  5
45AC
330
5CD4
100
AcDbEntity
  8
LINCON2
100
AcDbLine
 10
867.0329055365639
 20
523.6467143348425
 30
0.0
 11
1090.415994011454
 21
523.519015715884
 31
0.0
  0
LINE
  5
45AD
330
5CD4
100
AcDbEntity
  8
LINCON2
100
AcDbLine
 10
866.9314145518682
 20
523.1467722712275
 30
0.0
 11
1090.415708182748
 21
523.0190157975821
 31
0.0
  0
ARC
  5
45AE
330
5CD4
100
AcDbEntity
  8
LINCON2
100
AcDbCircle
 10
411.5317272803823
 20
553.5049487947687
 30
0.0
 40
30.0
100
AcDbArc
 50
188.1013281397881
 51
260.5751324377012
  0
ARC
  5
45AF
330
5CD4
100
AcDbEntity
  8
LINCON2
100
AcDbCircle
 10
411.5317272803823
 20
553.5049487947687
 30
0.0
 40
30.5
100
AcDbArc
 50
188.1013281397881
 51
260.5751324377012
  0
LINE
  5
45B7
330
5CD4
100
AcDbEntity
  8
LINEDGRD
100
AcDbLine
 10
632.9940375477205
 20
149.3011205666008
 30
0.0
 11
1090.93322368125
 21
149.2899594682229
 31
0.0
  0
LINE
  5
45B8
330
5CD4
100
AcDbEntity
  8
LINEDGRD
100
AcDbLine
 10
632.967883430357
 20
129.3007146975188
 30
0.0
 11
1095.840475093563
 21
131.0035490830853
 31
0.0
  0
LINE
  5
45B9
330
5CD4
100
AcDbEntity
  8
LINCLRD
  6
CENTER2
100
AcDbLine
 10
632.9811142213241
 20
139.4184787838492
 30
0.0
 11
1123.575848286131
 21
139.0246857453375
 31
0.0
  0
ARC
  5
45BB
330
5CD4
100
AcDbEntity
  8
TRAVLAN
100
AcDbCircle
 10
2947.86785918794
 20
283.4124258148524
 30
0.0
 40
1829.997038391742
100
AcDbArc
 50
184.5253710931822
 51
187.4660578008067
  0
ARC
  5
45BF
330
5CD4
100
AcDbEntity
  8
LINEDGRD
100
AcDbCircle
 10
1090.933954854648
 20
179.2899594593127
 30
0.0
 40
30.0
100
AcDbArc
 50
269.9986035616715
 51
3.666722487134382
  0
ARC
  5
45C0
330
5CD4
100
AcDbEntity
  8
LINEDGRD
100
AcDbCircle
 10
1095.950839558433
 20
101.0037520890239
 30
0.0
 40
30.0
100
AcDbArc
 50
3.666722487134318
 51
90.21078107694993
  0
LINE
  5
45CB
330
5CD4
100
AcDbEntity
  8
LINCONC
100
AcDbLine
 10
936.7246161451271
 20
414.6320627192138
 30
0.0
 11
936.7236192205785
 21
382.8989528009694
 31
0.0
  0
ARC
  5
45D0
330
5CD4
100
AcDbEntity
  8
LINCONC
100
AcDbCircle
 10
935.2246118656253
 20
414.6285732637608
 30
0.0
 40
1.5
100
AcDbArc
 50
359.8631124914195
 51
72.79963673344419
  0
ARC
  5
45D7
330
5CD4
100
AcDbEntity
  8
LINCONC
100
AcDbCircle
 10
935.2246118656253
 20
414.6285732637608
 30
0.0
 40
2.0
100
AcDbArc
 50
359.8631124914195
 51
75.08321296082656
  0
LINE
  5
45D8
330
5CD4
100
AcDbEntity
  8
LINCONC
100
AcDbLine
 10
937.2246161448804
 20
414.6320470112584
 30
0.0
 11
937.2236192203318
 21
382.8989370930141
 31
0.0
  0
ARC
  5
45E8
330
5CD4
100
AcDbEntity
  8
LINCONC
100
AcDbCircle
 10
643.8343567434976
 20
383.0915671363634
 30
0.0
 40
1.5
100
AcDbArc
 50
179.9223874908607
 51
270.0396228294215
  0
ARC
  5
45E9
330
5CD4
100
AcDbEntity
  8
LINCONC
100
AcDbCircle
 10
643.942670904763
 20
355.5205896179835
 30
0.0
 40
1.5
100
AcDbArc
 50
89.92606000211605
 51
179.7351340972559
  0
ARC
  5
45EA
330
5CD4
100
AcDbEntity
  8
LINCONC
100
AcDbCircle
 10
643.7911113514672
 20
322.7354677834262
 30
0.0
 40
1.5
100
AcDbArc
 50
179.735134097256
 51
270.0396228294215
  0
ARC
  5
45EB
330
5CD4
100
AcDbEntity
  8
LINCONC
100
AcDbCircle
 10
643.8782934622798
 20
415.5268928335967
 30
0.0
 40
2.0
100
AcDbArc
 50
90.0
 51
179.9223874908608
  0
LINE
  5
45ED
330
5CD4
100
AcDbEntity
  8
LINCONC
100
AcDbLine
 10
641.8343585784218
 20
383.0942763231853
 30
0.0
 11
641.878295297204
 21
415.5296020204186
 31
0.0
  0
ARC
  5
45EE
330
5CD4
100
AcDbEntity
  8
LINCONC
100
AcDbCircle
 10
643.8343567434976
 20
383.0915671363634
 30
0.0
 40
2.0
100
AcDbArc
 50
179.9223874908607
 51
270.0000000001075
  0
ARC
  5
45EF
330
5CD4
100
AcDbEntity
  8
LINCONC
100
AcDbCircle
 10
643.942670904763
 20
355.5205896179835
 30
0.0
 40
2.0
100
AcDbArc
 50
90.00000000015633
 51
179.7351340972559
  0
LINE
  5
45F1
330
5CD4
100
AcDbEntity
  8
LINCONC
100
AcDbLine
 10
641.942692274839
 20
355.529835149212
 30
0.0
 11
641.7911327215432
 21
322.7447133146547
 31
0.0
  0
ARC
  5
45F2
330
5CD4
100
AcDbEntity
  8
LINCONC
100
AcDbCircle
 10
643.7911113514672
 20
322.7354677834262
 30
0.0
 40
2.0
100
AcDbArc
 50
179.735134097256
 51
270.0000000001075
  0
LINE
  5
471F
330
5CD4
100
AcDbEntity
  8
PARKING
100
AcDbLine
 10
925.41635010223
 20
395.9412985530764
 30
0.0
 11
913.69310897636
 21
416.5343375989495
 31
0.0
  0
LINE
  5
4721
330
5CD4
100
AcDbEntity
  8
PARKING
100
AcDbLine
 10
915.0242368680557
 20
396.0044058276078
 30
0.0
 11
903.3009957421857
 21
416.5974448734809
 31
0.0
  0
LINE
  5
4723
330
5CD4
100
AcDbEntity
  8
PARKING
100
AcDbLine
 10
904.6321236338814
 20
396.0675131021391
 30
0.0
 11
892.9088825080113
 21
416.6605521480122
 31
0.0
  0
LINE
  5
4725
330
5CD4
100
AcDbEntity
  8
PARKING
100
AcDbLine
 10
894.240010399707
 20
396.1306203766705
 30
0.0
 11
882.516769273837
 21
416.7236594225436
 31
0.0
  0
LINE
  5
4727
330
5CD4
100
AcDbEntity
  8
PARKING
100
AcDbLine
 10
883.8478971655327
 20
396.1937276512018
 30
0.0
 11
872.1246560396627
 21
416.7867666970749
 31
0.0
  0
LINE
  5
4729
330
5CD4
100
AcDbEntity
  8
PARKING
100
AcDbLine
 10
873.4557839313584
 20
396.2568349257332
 30
0.0
 11
861.7325428054884
 21
416.8498739716063
 31
0.0
  0
LINE
  5
472B
330
5CD4
100
AcDbEntity
  8
LINCONC
100
AcDbLine
 10
860.4929686400945
 20
400.835636048797
 30
0.0
 11
852.1810162148078
 21
415.4364072010379
 31
0.0
  0
LINE
  5
473F
330
5CD4
100
AcDbEntity
  8
PARKING
100
AcDbLine
 10
863.0636706971841
 20
396.3199422002645
 30
0.0
 11
870.8850818742687
 21
400.7725287742657
 31
0.0
  0
LINE
  5
4740
330
5CD4
100
AcDbEntity
  8
PARKING
100
AcDbLine
 10
860.4929686400943
 20
400.8356360487971
 30
0.0
 11
872.2162097659643
 21
380.242597002924
 31
0.0
  0
LINE
  5
4741
330
5CD4
100
AcDbEntity
  8
PARKING
100
AcDbLine
 10
870.8850818742686
 20
400.7725287742658
 30
0.0
 11
882.6083230001386
 21
380.1794897283926
 31
0.0
  0
LINE
  5
4742
330
5CD4
100
AcDbEntity
  8
PARKING
100
AcDbLine
 10
873.4557839313584
 20
396.2568349257332
 30
0.0
 11
881.277195108443
 21
400.7094214997344
 31
0.0
  0
LINE
  5
4743
330
5CD4
100
AcDbEntity
  8
PARKING
100
AcDbLine
 10
881.2771951084429
 20
400.7094214997344
 30
0.0
 11
893.0004362343129
 21
380.1163824538613
 31
0.0
  0
LINE
  5
4744
330
5CD4
100
AcDbEntity
  8
PARKING
100
AcDbLine
 10
883.8478971655327
 20
396.1937276512018
 30
0.0
 11
891.6693083426173
 21
400.646314225203
 31
0.0
  0
LINE
  5
4745
330
5CD4
100
AcDbEntity
  8
PARKING
100
AcDbLine
 10
891.6693083426172
 20
400.6463142252031
 30
0.0
 11
903.3925494684873
 21
380.0532751793299
 31
0.0
  0
LINE
  5
4746
330
5CD4
100
AcDbEntity
  8
PARKING
100
AcDbLine
 10
894.2400103997071
 20
396.1306203766705
 30
0.0
 11
902.0614215767918
 21
400.5832069506717
 31
0.0
  0
LINE
  5
4747
330
5CD4
100
AcDbEntity
  8
PARKING
100
AcDbLine
 10
902.0614215767916
 20
400.5832069506717
 30
0.0
 11
913.7846627026616
 21
379.9901679047986
 31
0.0
  0
LINE
  5
4748
330
5CD4
100
AcDbEntity
  8
PARKING
100
AcDbLine
 10
904.6321236338814
 20
396.0675131021391
 30
0.0
 11
912.4535348109661
 21
400.5200996761403
 31
0.0
  0
LINE
  5
4749
330
5CD4
100
AcDbEntity
  8
PARKING
100
AcDbLine
 10
912.453534810966
 20
400.5200996761404
 30
0.0
 11
924.176775936836
 21
379.9270606302672
 31
0.0
  0
LINE
  5
474A
330
5CD4
100
AcDbEntity
  8
PARKING
100
AcDbLine
 10
915.0242368680557
 20
396.0044058276078
 30
0.0
 11
922.8456480451404
 21
400.456992401609
 31
0.0
  0
LINE
  5
474C
330
5CD4
100
AcDbEntity
  8
LINCONC
100
AcDbLine
 10
925.8525691883915
 20
396.1896301140173
 30
0.0
 11
933.2377612793147
 21
400.3938851270776
 31
0.0
  0
LINE
  5
4750
330
5CD4
100
AcDbEntity
  8
LINCONC
100
AcDbLine
 10
852.67155746301
 20
396.3830494747959
 30
0.0
 11
859.1929867400037
 21
384.9275103202119
 31
0.0
  0
LINE
  5
4751
330
5CD4
100
AcDbEntity
  8
LINCONC
100
AcDbLine
 10
852.67155746301
 20
396.3830494747959
 30
0.0
 11
860.4929686400945
 21
400.835636048797
 31
0.0
  0
LINE
  5
47B0
330
5CD4
100
AcDbEntity
  8
LINCONC
100
AcDbLine
 10
852.6310683786185
 20
455.6138307871217
 30
0.0
 11
852.3442770978418
 21
439.118323149731
 31
0.0
  0
LINE
  5
47B1
330
5CD4
100
AcDbEntity
  8
LINCONC
100
AcDbLine
 10
848.6311023188917
 20
455.6505523650349
 30
0.0
 11
848.3448815084377
 21
439.1878567347912
 31
0.0
  0
ARC
  5
47B2
330
5CD4
100
AcDbEntity
  8
LINCONC
100
AcDbCircle
 10
850.3445793031395
 20
439.1530899422611
 30
0.0
 40
2.0
100
AcDbArc
 50
179.0039545915369
 51
359.0039545915369
  0
LINE
  5
483C
330
5CD4
100
AcDbEntity
  8
LINCONC
100
AcDbLine
 10
846.3649683851033
 20
401.1959501534783
 30
0.0
 11
838.5624718243733
 21
396.7103011012455
 31
0.0
  0
LINE
  5
483D
330
5CD4
100
AcDbEntity
  8
LINCONC
100
AcDbLine
 10
846.3649683851032
 20
401.1959501534785
 30
0.0
 11
839.7975979821415
 21
412.6194664351729
 31
0.0
  0
LINE
  5
483E
330
5CD4
100
AcDbEntity
  8
PARKING
100
AcDbLine
 10
838.5624718243735
 20
396.7103011012455
 30
0.0
 11
826.7521803069869
 21
417.2535397435457
 31
0.0
  0
LINE
  5
483F
330
5CD4
100
AcDbEntity
  8
PARKING
100
AcDbLine
 10
835.9726811365766
 20
401.2150745909341
 30
0.0
 11
828.1701845758466
 21
396.7294255387013
 31
0.0
  0
LINE
  5
4840
330
5CD4
100
AcDbEntity
  8
PARKING
100
AcDbLine
 10
828.1701845758466
 20
396.7294255387012
 30
0.0
 11
816.3598930584601
 21
417.2726641810013
 31
0.0
  0
LINE
  5
4841
330
5CD4
100
AcDbEntity
  8
PARKING
100
AcDbLine
 10
825.5803938880498
 20
401.2341990283898
 30
0.0
 11
817.7778973273198
 21
396.7485499761569
 31
0.0
  0
LINE
  5
4842
330
5CD4
100
AcDbEntity
  8
PARKING
100
AcDbLine
 10
817.7778973273199
 20
396.7485499761569
 30
0.0
 11
805.9676058099334
 21
417.2917886184571
 31
0.0
  0
LINE
  5
4843
330
5CD4
100
AcDbEntity
  8
PARKING
100
AcDbLine
 10
815.1881066395231
 20
401.2533234658455
 30
0.0
 11
807.3856100787931
 21
396.7676744136127
 31
0.0
  0
LINE
  5
4844
330
5CD4
100
AcDbEntity
  8
PARKING
100
AcDbLine
 10
807.3856100787931
 20
396.7676744136127
 30
0.0
 11
795.5753185614066
 21
417.3109130559128
 31
0.0
  0
LINE
  5
4845
330
5CD4
100
AcDbEntity
  8
PARKING
100
AcDbLine
 10
804.7958193909963
 20
401.2724479033012
 30
0.0
 11
796.9933228302663
 21
396.7867988510684
 31
0.0
  0
LINE
  5
4846
330
5CD4
100
AcDbEntity
  8
PARKING
100
AcDbLine
 10
796.9933228302664
 20
396.7867988510684
 30
0.0
 11
785.1830313128798
 21
417.3300374933685
 31
0.0
  0
LINE
  5
4847
330
5CD4
100
AcDbEntity
  8
PARKING
100
AcDbLine
 10
794.4035321424695
 20
401.2915723407569
 30
0.0
 11
786.6010355817396
 21
396.8059232885241
 31
0.0
  0
LINE
  5
4848
330
5CD4
100
AcDbEntity
  8
PARKING
100
AcDbLine
 10
786.6010355817397
 20
396.8059232885241
 30
0.0
 11
774.7907440643531
 21
417.3491619308242
 31
0.0
  0
LINE
  5
4849
330
5CD4
100
AcDbEntity
  8
PARKING
100
AcDbLine
 10
784.0112448939428
 20
401.3106967782126
 30
0.0
 11
776.2087483332128
 21
396.8250477259798
 31
0.0
  0
LINE
  5
484A
330
5CD4
100
AcDbEntity
  8
PARKING
100
AcDbLine
 10
776.2087483332128
 20
396.8250477259798
 30
0.0
 11
764.3984568158263
 21
417.3682863682799
 31
0.0
  0
LINE
  5
484B
330
5CD4
100
AcDbEntity
  8
PARKING
100
AcDbLine
 10
773.618957645416
 20
401.3298212156683
 30
0.0
 11
765.816461084686
 21
396.8441721634355
 31
0.0
  0
LINE
  5
484C
330
5CD4
100
AcDbEntity
  8
PARKING
100
AcDbLine
 10
765.8164610846861
 20
396.8441721634355
 30
0.0
 11
754.0061695672996
 21
417.3874108057357
 31
0.0
  0
LINE
  5
484D
330
5CD4
100
AcDbEntity
  8
PARKING
100
AcDbLine
 10
763.2266703968893
 20
401.3489456531241
 30
0.0
 11
755.4241738361593
 21
396.8632966008913
 31
0.0
  0
LINE
  5
484E
330
5CD4
100
AcDbEntity
  8
PARKING
100
AcDbLine
 10
755.4241738361593
 20
396.8632966008913
 30
0.0
 11
743.6138823187728
 21
417.4065352431914
 31
0.0
  0
LINE
  5
484F
330
5CD4
100
AcDbEntity
  8
PARKING
100
AcDbLine
 10
752.8343831483625
 20
401.3680700905798
 30
0.0
 11
745.0318865876325
 21
396.882421038347
 31
0.0
  0
LINE
  5
4850
330
5CD4
100
AcDbEntity
  8
PARKING
100
AcDbLine
 10
745.0318865876326
 20
396.8824210383469
 30
0.0
 11
733.221595070246
 21
417.4256596806471
 31
0.0
  0
LINE
  5
4851
330
5CD4
100
AcDbEntity
  8
PARKING
100
AcDbLine
 10
742.4420958998357
 20
401.3871945280355
 30
0.0
 11
734.6395993391058
 21
396.9015454758027
 31
0.0
  0
LINE
  5
4852
330
5CD4
100
AcDbEntity
  8
PARKING
100
AcDbLine
 10
734.6395993391059
 20
396.9015454758027
 30
0.0
 11
722.8293078217193
 21
417.4447841181028
 31
0.0
  0
LINE
  5
4853
330
5CD4
100
AcDbEntity
  8
PARKING
100
AcDbLine
 10
732.0498086513089
 20
401.4063189654912
 30
0.0
 11
724.247312090579
 21
396.9206699132584
 31
0.0
  0
LINE
  5
4854
330
5CD4
100
AcDbEntity
  8
PARKING
100
AcDbLine
 10
724.247312090579
 20
396.9206699132584
 30
0.0
 11
712.4370205731925
 21
417.4639085555585
 31
0.0
  0
LINE
  5
4855
330
5CD4
100
AcDbEntity
  8
PARKING
100
AcDbLine
 10
721.6575214027822
 20
401.4254434029469
 30
0.0
 11
713.8550248420522
 21
396.9397943507141
 31
0.0
  0
LINE
  5
4856
330
5CD4
100
AcDbEntity
  8
PARKING
100
AcDbLine
 10
713.8550248420523
 20
396.9397943507141
 30
0.0
 11
702.0447333246658
 21
417.4830329930143
 31
0.0
  0
LINE
  5
4857
330
5CD4
100
AcDbEntity
  8
PARKING
100
AcDbLine
 10
711.2652341542555
 20
401.4445678404027
 30
0.0
 11
703.4627375935255
 21
396.9589187881699
 31
0.0
  0
LINE
  5
4858
330
5CD4
100
AcDbEntity
  8
PARKING
100
AcDbLine
 10
703.4627375935255
 20
396.9589187881698
 30
0.0
 11
691.652446076139
 21
417.5021574304699
 31
0.0
  0
LINE
  5
4859
330
5CD4
100
AcDbEntity
  8
PARKING
100
AcDbLine
 10
700.8729469057287
 20
401.4636922778583
 30
0.0
 11
693.0704503449987
 21
396.9780432256255
 31
0.0
  0
LINE
  5
485A
330
5CD4
100
AcDbEntity
  8
PARKING
100
AcDbLine
 10
693.0704503449988
 20
396.9780432256255
 30
0.0
 11
681.2601588276123
 21
417.5212818679257
 31
0.0
  0
LINE
  5
485B
330
5CD4
100
AcDbEntity
  8
PARKING
100
AcDbLine
 10
690.480659657202
 20
401.4828167153141
 30
0.0
 11
682.678163096472
 21
396.9971676630813
 31
0.0
  0
LINE
  5
485C
330
5CD4
100
AcDbEntity
  8
PARKING
100
AcDbLine
 10
682.678163096472
 20
396.9971676630813
 30
0.0
 11
670.8678715790854
 21
417.5404063053814
 31
0.0
  0
LINE
  5
485D
330
5CD4
100
AcDbEntity
  8
PARKING
100
AcDbLine
 10
680.0883724086752
 20
401.5019411527698
 30
0.0
 11
672.2858758479451
 21
397.016292100537
 31
0.0
  0
LINE
  5
485E
330
5CD4
100
AcDbEntity
  8
PARKING
100
AcDbLine
 10
672.2858758479452
 20
397.016292100537
 30
0.0
 11
660.4755843305587
 21
417.5595307428371
 31
0.0
  0
LINE
  5
485F
330
5CD4
100
AcDbEntity
  8
PARKING
100
AcDbLine
 10
669.6960851601484
 20
401.5210655902255
 30
0.0
 11
661.8935885994184
 21
397.0354165379927
 31
0.0
  0
LINE
  5
4860
330
5CD4
100
AcDbEntity
  8
LINCONC
100
AcDbLine
 10
659.3037979116217
 20
401.5401900276814
 30
0.0
 11
650.6655925424765
 21
416.5657898681513
 31
0.0
  0
LINE
  5
4861
330
5CD4
100
AcDbEntity
  8
LINCONC
100
AcDbLine
 10
659.3037979116217
 20
401.5401900276812
 30
0.0
 11
651.5013013508917
 21
397.0545409754484
 31
0.0
  0
LINE
  5
48B7
330
5CD4
100
AcDbEntity
  8
LINCONC
100
AcDbLine
 10
651.5013013508917
 20
397.0545409754484
 30
0.0
 11
659.3037979116217
 21
401.5401900276814
 31
0.0
  0
LINE
  5
48B8
330
5CD4
100
AcDbEntity
  8
LINCONC
100
AcDbLine
 10
651.5013013508917
 20
397.0545409754484
 30
0.0
 11
658.9900198938806
 21
384.0283991628474
 31
0.0
  0
LINE
  5
48B9
330
5CD4
100
AcDbEntity
  8
PARKING
100
AcDbLine
 10
659.3037979116216
 20
401.5401900276813
 30
0.0
 11
671.1140894290081
 21
380.9969513853812
 31
0.0
  0
LINE
  5
48BA
330
5CD4
100
AcDbEntity
  8
PARKING
100
AcDbLine
 10
661.8935885994184
 20
397.0354165379927
 30
0.0
 11
669.6960851601484
 21
401.5210655902256
 31
0.0
  0
LINE
  5
48BB
330
5CD4
100
AcDbEntity
  8
PARKING
100
AcDbLine
 10
669.6960851601484
 20
401.5210655902256
 30
0.0
 11
681.506376677535
 21
380.9778269479255
 31
0.0
  0
LINE
  5
48BC
330
5CD4
100
AcDbEntity
  8
PARKING
100
AcDbLine
 10
672.2858758479452
 20
397.016292100537
 30
0.0
 11
680.0883724086752
 21
401.5019411527699
 31
0.0
  0
LINE
  5
48BD
330
5CD4
100
AcDbEntity
  8
PARKING
100
AcDbLine
 10
680.0883724086751
 20
401.5019411527699
 30
0.0
 11
691.8986639260617
 21
380.9587025104698
 31
0.0
  0
LINE
  5
48BE
330
5CD4
100
AcDbEntity
  8
PARKING
100
AcDbLine
 10
682.678163096472
 20
396.9971676630813
 30
0.0
 11
690.480659657202
 21
401.4828167153142
 31
0.0
  0
LINE
  5
48BF
330
5CD4
100
AcDbEntity
  8
PARKING
100
AcDbLine
 10
690.480659657202
 20
401.4828167153141
 30
0.0
 11
702.2909511745885
 21
380.939578073014
 31
0.0
  0
LINE
  5
48C0
330
5CD4
100
AcDbEntity
  8
PARKING
100
AcDbLine
 10
693.0704503449988
 20
396.9780432256256
 30
0.0
 11
700.8729469057288
 21
401.4636922778585
 31
0.0
  0
LINE
  5
48C1
330
5CD4
100
AcDbEntity
  8
PARKING
100
AcDbLine
 10
700.8729469057287
 20
401.4636922778585
 30
0.0
 11
712.6832384231152
 21
380.9204536355584
 31
0.0
  0
LINE
  5
48C2
330
5CD4
100
AcDbEntity
  8
PARKING
100
AcDbLine
 10
703.4627375935255
 20
396.9589187881699
 30
0.0
 11
711.2652341542555
 21
401.4445678404028
 31
0.0
  0
LINE
  5
48C3
330
5CD4
100
AcDbEntity
  8
PARKING
100
AcDbLine
 10
711.2652341542554
 20
401.4445678404027
 30
0.0
 11
723.0755256716419
 21
380.9013291981026
 31
0.0
  0
LINE
  5
48C4
330
5CD4
100
AcDbEntity
  8
PARKING
100
AcDbLine
 10
713.8550248420522
 20
396.9397943507142
 30
0.0
 11
721.6575214027822
 21
401.4254434029471
 31
0.0
  0
LINE
  5
48C5
330
5CD4
100
AcDbEntity
  8
PARKING
100
AcDbLine
 10
721.6575214027822
 20
401.425443402947
 30
0.0
 11
733.4678129201687
 21
380.8822047606469
 31
0.0
  0
LINE
  5
48C6
330
5CD4
100
AcDbEntity
  8
PARKING
100
AcDbLine
 10
724.247312090579
 20
396.9206699132585
 30
0.0
 11
732.049808651309
 21
401.4063189654913
 31
0.0
  0
LINE
  5
48C7
330
5CD4
100
AcDbEntity
  8
PARKING
100
AcDbLine
 10
732.0498086513089
 20
401.4063189654913
 30
0.0
 11
743.8601001686955
 21
380.8630803231912
 31
0.0
  0
LINE
  5
48C8
330
5CD4
100
AcDbEntity
  8
PARKING
100
AcDbLine
 10
734.6395993391058
 20
396.9015454758028
 30
0.0
 11
742.4420958998357
 21
401.3871945280356
 31
0.0
  0
LINE
  5
48C9
330
5CD4
100
AcDbEntity
  8
PARKING
100
AcDbLine
 10
742.4420958998357
 20
401.3871945280356
 30
0.0
 11
754.2523874172223
 21
380.8439558857355
 31
0.0
  0
LINE
  5
48CA
330
5CD4
100
AcDbEntity
  8
PARKING
100
AcDbLine
 10
745.0318865876326
 20
396.882421038347
 30
0.0
 11
752.8343831483626
 21
401.3680700905799
 31
0.0
  0
LINE
  5
48CB
330
5CD4
100
AcDbEntity
  8
PARKING
100
AcDbLine
 10
752.8343831483625
 20
401.3680700905799
 30
0.0
 11
764.644674665749
 21
380.8248314482798
 31
0.0
  0
LINE
  5
48CC
330
5CD4
100
AcDbEntity
  8
PARKING
100
AcDbLine
 10
755.4241738361593
 20
396.8632966008913
 30
0.0
 11
763.2266703968893
 21
401.3489456531242
 31
0.0
  0
LINE
  5
48CD
330
5CD4
100
AcDbEntity
  8
PARKING
100
AcDbLine
 10
763.2266703968892
 20
401.3489456531242
 30
0.0
 11
775.0369619142757
 21
380.8057070108241
 31
0.0
  0
LINE
  5
48CE
330
5CD4
100
AcDbEntity
  8
PARKING
100
AcDbLine
 10
765.8164610846861
 20
396.8441721634356
 30
0.0
 11
773.618957645416
 21
401.3298212156685
 31
0.0
  0
LINE
  5
48CF
330
5CD4
100
AcDbEntity
  8
PARKING
100
AcDbLine
 10
773.618957645416
 20
401.3298212156685
 30
0.0
 11
785.4292491628025
 21
380.7865825733684
 31
0.0
  0
LINE
  5
48D0
330
5CD4
100
AcDbEntity
  8
PARKING
100
AcDbLine
 10
776.2087483332128
 20
396.8250477259799
 30
0.0
 11
784.0112448939428
 21
401.3106967782128
 31
0.0
  0
LINE
  5
48D1
330
5CD4
100
AcDbEntity
  8
PARKING
100
AcDbLine
 10
784.0112448939427
 20
401.3106967782127
 30
0.0
 11
795.8215364113292
 21
380.7674581359126
 31
0.0
  0
LINE
  5
48D2
330
5CD4
100
AcDbEntity
  8
PARKING
100
AcDbLine
 10
786.6010355817396
 20
396.8059232885242
 30
0.0
 11
794.4035321424695
 21
401.2915723407571
 31
0.0
  0
LINE
  5
48D3
330
5CD4
100
AcDbEntity
  8
PARKING
100
AcDbLine
 10
794.4035321424695
 20
401.2915723407571
 30
0.0
 11
806.2138236598561
 21
380.748333698457
 31
0.0
  0
LINE
  5
48D4
330
5CD4
100
AcDbEntity
  8
PARKING
100
AcDbLine
 10
796.9933228302664
 20
396.7867988510685
 30
0.0
 11
804.7958193909964
 21
401.2724479033014
 31
0.0
  0
LINE
  5
48D5
330
5CD4
100
AcDbEntity
  8
PARKING
100
AcDbLine
 10
804.7958193909963
 20
401.2724479033013
 30
0.0
 11
816.6061109083828
 21
380.7292092610012
 31
0.0
  0
LINE
  5
48D6
330
5CD4
100
AcDbEntity
  8
PARKING
100
AcDbLine
 10
807.3856100787931
 20
396.7676744136128
 30
0.0
 11
815.1881066395231
 21
401.2533234658457
 31
0.0
  0
LINE
  5
48D7
330
5CD4
100
AcDbEntity
  8
PARKING
100
AcDbLine
 10
815.1881066395231
 20
401.2533234658456
 30
0.0
 11
826.9983981569096
 21
380.7100848235455
 31
0.0
  0
LINE
  5
48D8
330
5CD4
100
AcDbEntity
  8
PARKING
100
AcDbLine
 10
817.7778973273198
 20
396.7485499761571
 30
0.0
 11
825.5803938880499
 21
401.2341990283899
 31
0.0
  0
LINE
  5
48D9
330
5CD4
100
AcDbEntity
  8
PARKING
100
AcDbLine
 10
825.5803938880498
 20
401.2341990283899
 30
0.0
 11
837.3906854054363
 21
380.6909603860898
 31
0.0
  0
LINE
  5
48DA
330
5CD4
100
AcDbEntity
  8
PARKING
100
AcDbLine
 10
828.1701845758466
 20
396.7294255387014
 30
0.0
 11
835.9726811365766
 21
401.2150745909343
 31
0.0
  0
LINE
  5
48DB
330
5CD4
100
AcDbEntity
  8
LINCONC
100
AcDbLine
 10
838.5624718243732
 20
396.7103011012456
 30
0.0
 11
846.9436947365398
 21
382.1317056325836
 31
0.0
  0
LINE
  5
48E8
330
5CD4
100
AcDbEntity
  8
PARKING
100
AcDbLine
 10
693.1302544743918
 20
336.6119971513006
 30
0.0
 11
681.3199629570053
 21
357.1552357936008
 31
0.0
  0
LINE
  5
48E9
330
5CD4
100
AcDbEntity
  8
LINCONC
100
AcDbLine
 10
659.3337058409146
 20
341.2261464608513
 30
0.0
 11
650.5195897367449
 21
356.5577316535062
 31
0.0
  0
LINE
  5
48EA
330
5CD4
100
AcDbEntity
  8
PARKING
100
AcDbLine
 10
672.3456799773382
 20
336.6502460262121
 30
0.0
 11
660.5353884599517
 21
357.1934846685122
 31
0.0
  0
LINE
  5
48EB
330
5CD4
100
AcDbEntity
  8
PARKING
100
AcDbLine
 10
682.737967225865
 20
336.6311215887563
 30
0.0
 11
670.9276757084784
 21
357.1743602310565
 31
0.0
  0
LINE
  5
48EC
330
5CD4
100
AcDbEntity
  8
PARKING
100
AcDbLine
 10
828.2299887052396
 20
336.3633794643763
 30
0.0
 11
816.4196971878531
 21
356.9066181066764
 31
0.0
  0
LINE
  5
48ED
330
5CD4
100
AcDbEntity
  8
PARKING
100
AcDbLine
 10
755.4839779655523
 20
336.4972505265663
 30
0.0
 11
743.6736864481658
 21
357.0404891688665
 31
0.0
  0
LINE
  5
48EE
330
5CD4
100
AcDbEntity
  8
PARKING
100
AcDbLine
 10
703.5225417229185
 20
336.5928727138449
 30
0.0
 11
691.712250205532
 21
357.136111356145
 31
0.0
  0
LINE
  5
48EF
330
5CD4
100
AcDbEntity
  8
PARKING
100
AcDbLine
 10
713.9148289714453
 20
336.5737482763892
 30
0.0
 11
702.1045374540588
 21
357.1169869186893
 31
0.0
  0
LINE
  5
48F0
330
5CD4
100
AcDbEntity
  8
PARKING
100
AcDbLine
 10
724.307116219972
 20
336.5546238389335
 30
0.0
 11
712.4968247025855
 21
357.0978624812336
 31
0.0
  0
LINE
  5
48F1
330
5CD4
100
AcDbEntity
  8
PARKING
100
AcDbLine
 10
734.6994034684989
 20
336.5354994014778
 30
0.0
 11
722.8891119511123
 21
357.0787380437779
 31
0.0
  0
LINE
  5
48F2
330
5CD4
100
AcDbEntity
  8
PARKING
100
AcDbLine
 10
745.0916907170256
 20
336.516374964022
 30
0.0
 11
733.281399199639
 21
357.0596136063222
 31
0.0
  0
LINE
  5
48F3
330
5CD4
100
AcDbEntity
  8
PARKING
100
AcDbLine
 10
765.8762652140791
 20
336.4781260891106
 30
0.0
 11
754.0659736966926
 21
357.0213647314108
 31
0.0
  0
LINE
  5
48F4
330
5CD4
100
AcDbEntity
  8
PARKING
100
AcDbLine
 10
776.2685524626058
 20
336.4590016516549
 30
0.0
 11
764.4582609452193
 21
357.002240293955
 31
0.0
  0
LINE
  5
48F5
330
5CD4
100
AcDbEntity
  8
PARKING
100
AcDbLine
 10
786.6608397111327
 20
336.4398772141992
 30
0.0
 11
774.8505481937461
 21
356.9831158564993
 31
0.0
  0
LINE
  5
48F6
330
5CD4
100
AcDbEntity
  8
PARKING
100
AcDbLine
 10
797.0531269596594
 20
336.4207527767435
 30
0.0
 11
785.2428354422728
 21
356.9639914190436
 31
0.0
  0
LINE
  5
48F7
330
5CD4
100
AcDbEntity
  8
PARKING
100
AcDbLine
 10
807.4454142081861
 20
336.4016283392878
 30
0.0
 11
795.6351226907996
 21
356.9448669815879
 31
0.0
  0
LINE
  5
48F8
330
5CD4
100
AcDbEntity
  8
PARKING
100
AcDbLine
 10
817.8377014567129
 20
336.382503901832
 30
0.0
 11
806.0274099393264
 21
356.9257425441322
 31
0.0
  0
LINE
  5
48F9
330
5CD4
100
AcDbEntity
  8
PARKING
100
AcDbLine
 10
838.6222759537665
 20
336.3442550269206
 30
0.0
 11
826.8119844363799
 21
356.8874936692208
 31
0.0
  0
LINE
  5
48FB
330
5CD4
100
AcDbEntity
  8
PARKING
100
AcDbLine
 10
682.737967225865
 20
336.6311215887564
 30
0.0
 11
690.540463786595
 21
341.1167706409893
 31
0.0
  0
LINE
  5
48FC
330
5CD4
100
AcDbEntity
  8
PARKING
100
AcDbLine
 10
680.1481765380681
 20
341.1358950784449
 30
0.0
 11
691.9584680554547
 21
320.5926564361449
 31
0.0
  0
LINE
  5
48FD
330
5CD4
100
AcDbEntity
  8
PARKING
100
AcDbLine
 10
690.540463786595
 20
341.1167706409892
 30
0.0
 11
682.737967225865
 21
336.6311215887563
 31
0.0
  0
LINE
  5
48FE
330
5CD4
100
AcDbEntity
  8
PARKING
100
AcDbLine
 10
669.7558892895414
 20
341.1550195159007
 30
0.0
 11
681.566180806928
 21
320.6117808736006
 31
0.0
  0
LINE
  5
48FF
330
5CD4
100
AcDbEntity
  8
PARKING
100
AcDbLine
 10
659.3636020410146
 20
341.1741439533563
 30
0.0
 11
671.1738935584011
 21
320.6309053110563
 31
0.0
  0
LINE
  5
4900
330
5CD4
100
AcDbEntity
  8
PARKING
100
AcDbLine
 10
661.9533927288114
 20
336.6693704636678
 30
0.0
 11
669.7558892895414
 21
341.1550195159007
 31
0.0
  0
LINE
  5
4901
330
5CD4
100
AcDbEntity
  8
PARKING
100
AcDbLine
 10
669.7558892895414
 20
341.1550195159006
 30
0.0
 11
661.9533927288114
 21
336.6693704636678
 31
0.0
  0
LINE
  5
4902
330
5CD4
100
AcDbEntity
  8
PARKING
100
AcDbLine
 10
672.3456799773382
 20
336.6502460262121
 30
0.0
 11
680.1481765380682
 21
341.135895078445
 31
0.0
  0
LINE
  5
4903
330
5CD4
100
AcDbEntity
  8
PARKING
100
AcDbLine
 10
680.1481765380682
 20
341.1358950784449
 30
0.0
 11
672.3456799773381
 21
336.6502460262121
 31
0.0
  0
LINE
  5
4904
330
5CD4
100
AcDbEntity
  8
PARKING
100
AcDbLine
 10
817.8377014567128
 20
336.3825039018321
 30
0.0
 11
825.6401980174429
 21
340.868152954065
 31
0.0
  0
LINE
  5
4905
330
5CD4
100
AcDbEntity
  8
PARKING
100
AcDbLine
 10
815.2479107689161
 20
340.8872773915207
 30
0.0
 11
827.0582022863026
 21
320.3440387492206
 31
0.0
  0
LINE
  5
4906
330
5CD4
100
AcDbEntity
  8
PARKING
100
AcDbLine
 10
825.6401980174428
 20
340.8681529540648
 30
0.0
 11
817.8377014567128
 21
336.382503901832
 31
0.0
  0
LINE
  5
4907
330
5CD4
100
AcDbEntity
  8
PARKING
100
AcDbLine
 10
745.0916907170256
 20
336.5163749640221
 30
0.0
 11
752.8941872777556
 21
341.002024016255
 31
0.0
  0
LINE
  5
4908
330
5CD4
100
AcDbEntity
  8
PARKING
100
AcDbLine
 10
742.5019000292288
 20
341.0211484537107
 30
0.0
 11
754.3121915466153
 21
320.4779098114106
 31
0.0
  0
LINE
  5
4909
330
5CD4
100
AcDbEntity
  8
PARKING
100
AcDbLine
 10
752.8941872777555
 20
341.0020240162549
 30
0.0
 11
745.0916907170255
 21
336.5163749640221
 31
0.0
  0
LINE
  5
490A
330
5CD4
100
AcDbEntity
  8
PARKING
100
AcDbLine
 10
713.9148289714452
 20
336.5737482763893
 30
0.0
 11
721.7173255321752
 21
341.0593973286221
 31
0.0
  0
LINE
  5
490B
330
5CD4
100
AcDbEntity
  8
PARKING
100
AcDbLine
 10
711.3250382836484
 20
341.0785217660778
 30
0.0
 11
723.1353298010349
 21
320.5352831237777
 31
0.0
  0
LINE
  5
490C
330
5CD4
100
AcDbEntity
  8
PARKING
100
AcDbLine
 10
721.7173255321752
 20
341.059397328622
 30
0.0
 11
713.9148289714452
 21
336.5737482763892
 31
0.0
  0
LINE
  5
490D
330
5CD4
100
AcDbEntity
  8
PARKING
100
AcDbLine
 10
700.9327510351217
 20
341.0976462035335
 30
0.0
 11
712.7430425525082
 21
320.5544075612335
 31
0.0
  0
LINE
  5
490E
330
5CD4
100
AcDbEntity
  8
PARKING
100
AcDbLine
 10
690.540463786595
 20
341.1167706409892
 30
0.0
 11
702.3507553039815
 21
320.5735319986891
 31
0.0
  0
LINE
  5
490F
330
5CD4
100
AcDbEntity
  8
PARKING
100
AcDbLine
 10
693.1302544743918
 20
336.6119971513007
 30
0.0
 11
700.9327510351218
 21
341.0976462035335
 31
0.0
  0
LINE
  5
4910
330
5CD4
100
AcDbEntity
  8
PARKING
100
AcDbLine
 10
700.9327510351217
 20
341.0976462035334
 30
0.0
 11
693.1302544743917
 21
336.6119971513006
 31
0.0
  0
LINE
  5
4911
330
5CD4
100
AcDbEntity
  8
PARKING
100
AcDbLine
 10
703.5225417229185
 20
336.592872713845
 30
0.0
 11
711.3250382836485
 21
341.0785217660779
 31
0.0
  0
LINE
  5
4912
330
5CD4
100
AcDbEntity
  8
PARKING
100
AcDbLine
 10
711.3250382836485
 20
341.0785217660778
 30
0.0
 11
703.5225417229185
 21
336.5928727138449
 31
0.0
  0
LINE
  5
4913
330
5CD4
100
AcDbEntity
  8
PARKING
100
AcDbLine
 10
732.1096127807019
 20
341.0402728911664
 30
0.0
 11
743.9199042980885
 21
320.4970342488663
 31
0.0
  0
LINE
  5
4914
330
5CD4
100
AcDbEntity
  8
PARKING
100
AcDbLine
 10
721.7173255321752
 20
341.0593973286221
 30
0.0
 11
733.5276170495617
 21
320.516158686322
 31
0.0
  0
LINE
  5
4915
330
5CD4
100
AcDbEntity
  8
PARKING
100
AcDbLine
 10
724.307116219972
 20
336.5546238389335
 30
0.0
 11
732.109612780702
 21
341.0402728911664
 31
0.0
  0
LINE
  5
4916
330
5CD4
100
AcDbEntity
  8
PARKING
100
AcDbLine
 10
732.1096127807019
 20
341.0402728911663
 30
0.0
 11
724.307116219972
 21
336.5546238389335
 31
0.0
  0
LINE
  5
4917
330
5CD4
100
AcDbEntity
  8
PARKING
100
AcDbLine
 10
734.6994034684988
 20
336.5354994014779
 30
0.0
 11
742.5019000292288
 21
341.0211484537107
 31
0.0
  0
LINE
  5
4918
330
5CD4
100
AcDbEntity
  8
PARKING
100
AcDbLine
 10
742.5019000292288
 20
341.0211484537106
 30
0.0
 11
734.6994034684988
 21
336.5354994014778
 31
0.0
  0
LINE
  5
4919
330
5CD4
100
AcDbEntity
  8
PARKING
100
AcDbLine
 10
784.0710490233357
 20
340.9446507038878
 30
0.0
 11
795.8813405407222
 21
320.4014120615877
 31
0.0
  0
LINE
  5
491A
330
5CD4
100
AcDbEntity
  8
PARKING
100
AcDbLine
 10
773.678761774809
 20
340.9637751413435
 30
0.0
 11
785.4890532921955
 21
320.4205364990435
 31
0.0
  0
LINE
  5
491B
330
5CD4
100
AcDbEntity
  8
PARKING
100
AcDbLine
 10
763.2864745262822
 20
340.9828995787993
 30
0.0
 11
775.0967660436687
 21
320.4396609364992
 31
0.0
  0
LINE
  5
491C
330
5CD4
100
AcDbEntity
  8
PARKING
100
AcDbLine
 10
752.8941872777555
 20
341.0020240162549
 30
0.0
 11
764.704478795142
 21
320.4587853739549
 31
0.0
  0
LINE
  5
491D
330
5CD4
100
AcDbEntity
  8
PARKING
100
AcDbLine
 10
765.8762652140791
 20
336.4781260891107
 30
0.0
 11
773.678761774809
 21
340.9637751413436
 31
0.0
  0
LINE
  5
491E
330
5CD4
100
AcDbEntity
  8
PARKING
100
AcDbLine
 10
773.678761774809
 20
340.9637751413434
 30
0.0
 11
765.876265214079
 21
336.4781260891106
 31
0.0
  0
LINE
  5
491F
330
5CD4
100
AcDbEntity
  8
PARKING
100
AcDbLine
 10
755.4839779655523
 20
336.4972505265664
 30
0.0
 11
763.2864745262823
 21
340.9828995787993
 31
0.0
  0
LINE
  5
4920
330
5CD4
100
AcDbEntity
  8
PARKING
100
AcDbLine
 10
763.2864745262823
 20
340.9828995787992
 30
0.0
 11
755.4839779655523
 21
336.4972505265663
 31
0.0
  0
LINE
  5
4921
330
5CD4
100
AcDbEntity
  8
PARKING
100
AcDbLine
 10
776.2685524626058
 20
336.459001651655
 30
0.0
 11
784.0710490233358
 21
340.9446507038879
 31
0.0
  0
LINE
  5
4922
330
5CD4
100
AcDbEntity
  8
PARKING
100
AcDbLine
 10
784.0710490233358
 20
340.9446507038877
 30
0.0
 11
776.2685524626058
 21
336.4590016516549
 31
0.0
  0
LINE
  5
4923
330
5CD4
100
AcDbEntity
  8
PARKING
100
AcDbLine
 10
804.8556235203893
 20
340.9064018289764
 30
0.0
 11
816.6659150377758
 21
320.3631631866763
 31
0.0
  0
LINE
  5
4924
330
5CD4
100
AcDbEntity
  8
PARKING
100
AcDbLine
 10
794.4633362718625
 20
340.9255262664321
 30
0.0
 11
806.2736277892491
 21
320.3822876241321
 31
0.0
  0
LINE
  5
4925
330
5CD4
100
AcDbEntity
  8
PARKING
100
AcDbLine
 10
797.0531269596594
 20
336.4207527767436
 30
0.0
 11
804.8556235203894
 21
340.9064018289765
 31
0.0
  0
LINE
  5
4926
330
5CD4
100
AcDbEntity
  8
PARKING
100
AcDbLine
 10
804.8556235203893
 20
340.9064018289763
 30
0.0
 11
797.0531269596593
 21
336.4207527767435
 31
0.0
  0
LINE
  5
4927
330
5CD4
100
AcDbEntity
  8
PARKING
100
AcDbLine
 10
786.6608397111326
 20
336.4398772141993
 30
0.0
 11
794.4633362718625
 21
340.9255262664321
 31
0.0
  0
LINE
  5
4928
330
5CD4
100
AcDbEntity
  8
PARKING
100
AcDbLine
 10
794.4633362718625
 20
340.925526266432
 30
0.0
 11
786.6608397111326
 21
336.4398772141992
 31
0.0
  0
LINE
  5
4929
330
5CD4
100
AcDbEntity
  8
PARKING
100
AcDbLine
 10
807.4454142081861
 20
336.4016283392879
 30
0.0
 11
815.2479107689161
 21
340.8872773915207
 31
0.0
  0
LINE
  5
492A
330
5CD4
100
AcDbEntity
  8
PARKING
100
AcDbLine
 10
815.2479107689161
 20
340.8872773915206
 30
0.0
 11
807.4454142081861
 21
336.4016283392878
 31
0.0
  0
LINE
  5
492C
330
5CD4
100
AcDbEntity
  8
PARKING
100
AcDbLine
 10
825.6401980174428
 20
340.868152954065
 30
0.0
 11
837.4504895348293
 21
320.3249143117649
 31
0.0
  0
LINE
  5
492D
330
5CD4
100
AcDbEntity
  8
PARKING
100
AcDbLine
 10
828.2299887052396
 20
336.3633794643765
 30
0.0
 11
836.0324852659696
 21
340.8490285166093
 31
0.0
  0
LINE
  5
492E
330
5CD4
100
AcDbEntity
  8
PARKING
100
AcDbLine
 10
836.0324852659696
 20
340.8490285166092
 30
0.0
 11
828.2299887052396
 21
336.3633794643764
 31
0.0
  0
LINE
  5
492F
330
5CD4
100
AcDbEntity
  8
PARKING
100
AcDbLine
 10
838.6222759537663
 20
336.3442550269207
 30
0.0
 11
846.4247725144963
 21
340.8299040791536
 31
0.0
  0
LINE
  5
4930
330
5CD4
100
AcDbEntity
  8
PARKING
100
AcDbLine
 10
846.4247725144963
 20
340.8299040791534
 30
0.0
 11
838.6222759537663
 21
336.3442550269206
 31
0.0
  0
LINE
  5
4935
330
5CD4
100
AcDbEntity
  8
PARKING
100
AcDbLine
 10
852.7313615924029
 20
336.017003400471
 30
0.0
 11
860.5527727694875
 21
340.4695899744722
 31
0.0
  0
LINE
  5
4938
330
5CD4
100
AcDbEntity
  8
PARKING
100
AcDbLine
 10
863.1234748265771
 20
335.9538961259396
 30
0.0
 11
870.9448860036617
 21
340.4064826999408
 31
0.0
  0
LINE
  5
4939
330
5CD4
100
AcDbEntity
  8
PARKING
100
AcDbLine
 10
860.5527727694873
 20
340.4695899744722
 30
0.0
 11
872.2760138953573
 21
319.876550928599
 31
0.0
  0
LINE
  5
493A
330
5CD4
100
AcDbEntity
  8
PARKING
100
AcDbLine
 10
870.9448860036616
 20
340.4064826999409
 30
0.0
 11
882.6681271295316
 21
319.8134436540677
 31
0.0
  0
LINE
  5
493B
330
5CD4
100
AcDbEntity
  8
PARKING
100
AcDbLine
 10
873.5155880607514
 20
335.8907888514083
 30
0.0
 11
881.336999237836
 21
340.3433754254095
 31
0.0
  0
LINE
  5
493C
330
5CD4
100
AcDbEntity
  8
PARKING
100
AcDbLine
 10
873.5155880607514
 20
335.8907888514083
 30
0.0
 11
861.7923469348814
 21
356.4838278972814
 31
0.0
  0
LINE
  5
493F
330
5CD4
100
AcDbEntity
  8
PARKING
100
AcDbLine
 10
881.3369992378359
 20
340.3433754254095
 30
0.0
 11
893.0602403637059
 21
319.7503363795363
 31
0.0
  0
LINE
  5
4940
330
5CD4
100
AcDbEntity
  8
PARKING
100
AcDbLine
 10
883.9077012949257
 20
335.8276815768769
 30
0.0
 11
891.7291124720103
 21
340.2802681508781
 31
0.0
  0
LINE
  5
4941
330
5CD4
100
AcDbEntity
  8
PARKING
100
AcDbLine
 10
894.2998145291
 20
335.7645743023456
 30
0.0
 11
882.57657340323
 21
356.3576133482187
 31
0.0
  0
LINE
  5
4942
330
5CD4
100
AcDbEntity
  8
PARKING
100
AcDbLine
 10
883.9077012949257
 20
335.8276815768769
 30
0.0
 11
872.1844601690557
 21
356.42072062275
 31
0.0
  0
LINE
  5
4944
330
5CD4
100
AcDbEntity
  8
PARKING
100
AcDbLine
 10
925.476154231623
 20
335.5752524787515
 30
0.0
 11
913.752913105753
 21
356.1682915246246
 31
0.0
  0
LINE
  5
4945
330
5CD4
100
AcDbEntity
  8
PARKING
100
AcDbLine
 10
915.0840409974487
 20
335.6383597532829
 30
0.0
 11
903.3607998715787
 21
356.231398799156
 31
0.0
  0
LINE
  5
4946
330
5CD4
100
AcDbEntity
  8
PARKING
100
AcDbLine
 10
904.6919277632744
 20
335.7014670278142
 30
0.0
 11
892.9686866374043
 21
356.2945060736873
 31
0.0
  0
LINE
  5
4948
330
5CD4
100
AcDbEntity
  8
PARKING
100
AcDbLine
 10
912.513338940359
 20
340.1540536018155
 30
0.0
 11
924.236580066229
 21
319.5610145559423
 31
0.0
  0
LINE
  5
4949
330
5CD4
100
AcDbEntity
  8
PARKING
100
AcDbLine
 10
902.1212257061846
 20
340.2171608763468
 30
0.0
 11
913.8444668320546
 21
319.6241218304737
 31
0.0
  0
LINE
  5
494A
330
5CD4
100
AcDbEntity
  8
PARKING
100
AcDbLine
 10
891.7291124720102
 20
340.2802681508782
 30
0.0
 11
903.4523535978803
 21
319.687229105005
 31
0.0
  0
LINE
  5
494B
330
5CD4
100
AcDbEntity
  8
PARKING
100
AcDbLine
 10
904.6919277632744
 20
335.7014670278142
 30
0.0
 11
912.5133389403591
 21
340.1540536018154
 31
0.0
  0
LINE
  5
494D
330
5CD4
100
AcDbEntity
  8
PARKING
100
AcDbLine
 10
894.2998145291001
 20
335.7645743023456
 30
0.0
 11
902.1212257061848
 21
340.2171608763468
 31
0.0
  0
LINE
  5
494E
330
5CD4
100
AcDbEntity
  8
PARKING
100
AcDbLine
 10
915.0840409974487
 20
335.6383597532829
 30
0.0
 11
922.9054521745334
 21
340.0909463272841
 31
0.0
  0
LINE
  5
49EE
330
5CD4
100
AcDbEntity
  8
LINCONC
100
AcDbLine
 10
976.2081501032479
 20
404.6744150225987
 30
0.0
 11
995.7803578090945
 21
404.7217017040441
 31
0.0
  0
LINE
  5
49EF
330
5CD4
100
AcDbEntity
  8
LINCONC
100
AcDbLine
 10
976.2153981169848
 20
401.6744237782287
 30
0.0
 11
1055.415134445117
 21
401.8657712623034
 31
0.0
  0
ARC
  5
49F0
330
5CD4
100
AcDbEntity
  8
LINCONC
100
AcDbCircle
 10
976.2117741101164
 20
403.1744194004137
 30
0.0
 40
1.5
100
AcDbArc
 50
90.13842700032743
 51
270.1384270003275
  0
ARC
  5
49F1
330
5CD4
100
AcDbEntity
  8
LINCONC
100
AcDbCircle
 10
1055.403054422222
 20
406.8657566695869
 30
0.0
 40
5.0
100
AcDbArc
 50
270.1384270003254
 51
359.4995030371105
  0
LINE
  5
49F2
330
5CD4
100
AcDbEntity
  8
LINCONC
100
AcDbLine
 10
976.2166061192743
 20
401.1744252375004
 30
0.0
 11
1055.416342447406
 21
401.3657727215751
 31
0.0
  0
ARC
  5
49F3
330
5CD4
100
AcDbEntity
  8
LINCONC
100
AcDbCircle
 10
1055.403054422222
 20
406.8657566695869
 30
0.0
 40
5.5
100
AcDbArc
 50
270.1384270003254
 51
359.4995030371105
  0
LINE
  5
49F4
330
5CD4
100
AcDbEntity
  8
LINCONC
100
AcDbLine
 10
1061.346929851291
 20
457.6543141288195
 30
0.0
 11
1060.902844582569
 21
406.8177130211513
 31
0.0
  0
LINE
  5
49F5
330
5CD4
100
AcDbEntity
  8
LINCONC
100
AcDbLine
 10
976.2069421009585
 20
405.1744135633271
 30
0.0
 11
995.7791498068051
 21
405.2217002447724
 31
0.0
  0
ARC
  5
49F6
330
5CD4
100
AcDbEntity
  8
LINCONC
100
AcDbCircle
 10
976.2117741101164
 20
403.1744194004137
 30
0.0
 40
2.0
100
AcDbArc
 50
90.13842700032743
 51
270.1384270003275
  0
LINE
  5
49F7
330
5CD4
100
AcDbEntity
  8
LINBLDG
100
AcDbLine
 10
1027.099374259449
 20
404.1336375046532
 30
0.0
 11
1027.042177335526
 21
369.0886056340404
 31
0.0
  0
LINE
  5
49F8
330
5CD4
100
AcDbEntity
  8
LINBLDG
100
AcDbLine
 10
1049.074620870033
 20
404.0977717501801
 30
0.0
 11
1049.017439801551
 21
369.0624546398457
 31
0.0
  0
LINE
  5
49F9
330
5CD4
100
AcDbEntity
  8
LINBLDG
100
AcDbLine
 10
1027.042177335525
 20
369.0886056340404
 30
0.0
 11
1049.017439801549
 21
369.0624546398457
 31
0.0
  0
LINE
  5
49FD
330
5CD4
100
AcDbEntity
  8
LINCONC
100
AcDbLine
 10
1032.073947297376
 20
395.7826366344537
 30
0.0
 11
1044.049216844125
 21
395.7683858283538
 31
0.0
  0
LINE
  5
49FE
330
5CD4
100
AcDbEntity
  8
LINCONC
100
AcDbLine
 10
1032.070377240947
 20
392.7826387586716
 30
0.0
 11
1044.045646787697
 21
392.7683879525717
 31
0.0
  0
LINE
  5
49FF
330
5CD4
100
AcDbEntity
  8
LINCONC
100
AcDbLine
 10
1032.062047109281
 20
385.78264371518
 30
0.0
 11
1044.03731665603
 21
385.7683929090801
 31
0.0
  0
LINE
  5
4A00
330
5CD4
100
AcDbEntity
  8
LINCONC
100
AcDbLine
 10
1032.058477052852
 20
382.7826458393979
 30
0.0
 11
1044.033746599602
 21
382.768395033298
 31
0.0
  0
LINE
  5
4A01
330
5CD4
100
AcDbEntity
  8
LINCONC
100
AcDbLine
 10
1032.050146921186
 20
375.7826507959064
 30
0.0
 11
1044.025416467935
 21
375.7683999898065
 31
0.0
  0
LINE
  5
4A02
330
5CD4
100
AcDbEntity
  8
LINCONC
100
AcDbLine
 10
1032.046576864757
 20
372.7826529201242
 30
0.0
 11
1044.021846411507
 21
372.7684021140244
 31
0.0
  0
ARC
  5
4A03
330
5CD4
100
AcDbEntity
  8
LINCONC
100
AcDbCircle
 10
1032.072162269161
 20
394.2826376965626
 30
0.0
 40
1.5
100
AcDbArc
 50
89.93181692858082
 51
269.9318169285808
  0
ARC
  5
4A04
330
5CD4
100
AcDbEntity
  8
LINCONC
100
AcDbCircle
 10
1044.047431815911
 20
394.2683868904628
 30
0.0
 40
1.5
100
AcDbArc
 50
269.9318169285808
 51
89.93181692858079
  0
ARC
  5
4A05
330
5CD4
100
AcDbEntity
  8
LINCONC
100
AcDbCircle
 10
1032.060262081066
 20
384.282644777289
 30
0.0
 40
1.5
100
AcDbArc
 50
89.93181692858082
 51
269.9318169285808
  0
ARC
  5
4A06
330
5CD4
100
AcDbEntity
  8
LINCONC
100
AcDbCircle
 10
1044.035531627816
 20
384.2683939711891
 30
0.0
 40
1.5
100
AcDbArc
 50
269.9318169285808
 51
89.93181692858079
  0
ARC
  5
4A07
330
5CD4
100
AcDbEntity
  8
LINCONC
100
AcDbCircle
 10
1032.048361892972
 20
374.2826518580153
 30
0.0
 40
1.5
100
AcDbArc
 50
89.93181692858082
 51
269.9318169285808
  0
ARC
  5
4A08
330
5CD4
100
AcDbEntity
  8
LINCONC
100
AcDbCircle
 10
1044.023631439721
 20
374.2684010519154
 30
0.0
 40
1.5
100
AcDbArc
 50
269.9318169285808
 51
89.93181692858079
  0
LINE
  5
4A09
330
5CD4
100
AcDbEntity
  8
LINCONC
100
AcDbLine
 10
1032.073352287971
 20
395.28263698849
 30
0.0
 11
1044.04862183472
 21
395.2683861823901
 31
0.0
  0
LINE
  5
4A0A
330
5CD4
100
AcDbEntity
  8
LINCONC
100
AcDbLine
 10
1032.070972250352
 20
393.2826384046352
 30
0.0
 11
1044.046241797101
 21
393.2683875985354
 31
0.0
  0
ARC
  5
4A0B
330
5CD4
100
AcDbEntity
  8
LINCONC
100
AcDbCircle
 10
1044.047431815911
 20
394.2683868904628
 30
0.0
 40
1.0
100
AcDbArc
 50
269.9318169285808
 51
89.93181692858079
  0
ARC
  5
4A0C
330
5CD4
100
AcDbEntity
  8
LINCONC
100
AcDbCircle
 10
1032.072162269161
 20
394.2826376965626
 30
0.0
 40
1.0
100
AcDbArc
 50
89.93181692858082
 51
269.9318169285808
  0
LINE
  5
4A0D
330
5CD4
100
AcDbEntity
  8
LINCONC
100
AcDbLine
 10
1032.061452099876
 20
385.2826440692164
 30
0.0
 11
1044.036721646625
 21
385.2683932631165
 31
0.0
  0
ARC
  5
4A0E
330
5CD4
100
AcDbEntity
  8
LINCONC
100
AcDbCircle
 10
1044.035531627816
 20
384.2683939711891
 30
0.0
 40
1.0
100
AcDbArc
 50
269.9318169285808
 51
89.93181692858079
  0
LINE
  5
4A0F
330
5CD4
100
AcDbEntity
  8
LINCONC
100
AcDbLine
 10
1032.059072062257
 20
383.2826454853616
 30
0.0
 11
1044.034341609007
 21
383.2683946792617
 31
0.0
  0
ARC
  5
4A10
330
5CD4
100
AcDbEntity
  8
LINCONC
100
AcDbCircle
 10
1032.060262081066
 20
384.282644777289
 30
0.0
 40
1.0
100
AcDbArc
 50
89.93181692858082
 51
269.9318169285808
  0
LINE
  5
4A12
330
5CD4
100
AcDbEntity
  8
LINCONC
100
AcDbLine
 10
1032.049551911781
 20
375.2826511499427
 30
0.0
 11
1044.024821458531
 21
375.2684003438428
 31
0.0
  0
LINE
  5
4A13
330
5CD4
100
AcDbEntity
  8
LINCONC
100
AcDbLine
 10
1032.047171874162
 20
373.2826525660879
 30
0.0
 11
1044.022441420912
 21
373.268401759988
 31
0.0
  0
ARC
  5
4A14
330
5CD4
100
AcDbEntity
  8
LINCONC
100
AcDbCircle
 10
1044.023631439721
 20
374.2684010519154
 30
0.0
 40
1.0
100
AcDbArc
 50
269.9318169285808
 51
89.93181692858079
  0
ARC
  5
4A15
330
5CD4
100
AcDbEntity
  8
LINCONC
100
AcDbCircle
 10
1032.048361892972
 20
374.2826518580153
 30
0.0
 40
1.0
100
AcDbArc
 50
89.93181692858082
 51
269.9318169285808
  0
TEXT
  5
4A19
330
5CD4
100
AcDbEntity
  8
TENANT_TXT
 62
     2
100
AcDbText
 10
1051.423292695985
 20
412.0780994423625
 30
0.0
 40
1.5
  1
12.10'
 50
270.8963888888889
  7
L50
 72
     1
 11
1052.220133809163
 21
409.0901998054355
 31
0.0
100
AcDbText
 73
     2
  0
TEXT
  5
4A1A
330
5CD4
100
AcDbEntity
  8
TENANT_TXT
 62
     2
100
AcDbText
 10
1048.101060933315
 20
413.3642219670299
 30
0.0
 40
1.5
  1
6.00'
 50
359.9063888888888
  7
L50
 72
     1
 11
1050.673711438725
 21
414.1100197110415
 31
0.0
100
AcDbText
 73
     2
  0
TEXT
  5
4A1B
330
5CD4
100
AcDbEntity
  8
TENANT_TXT
 62
     2
100
AcDbText
 10
1046.990705155298
 20
422.2120788904519
 30
0.0
 40
1.5
  1
15.60'
 50
89.9063888888889
  7
L50
 72
     1
 11
1046.245841023503
 21
425.3561572046123
 31
0.0
100
AcDbText
 73
     2
  0
TEXT
  5
4A1C
330
5CD4
100
AcDbEntity
  8
TENANT_TXT
 62
     2
100
AcDbText
 10
1044.979386606098
 20
432.7579618654318
 30
0.0
 40
1.5
  1
3.50'
 50
359.9063888888888
  7
L50
 72
     1
 11
1047.552037111508
 21
433.5037596094434
 31
0.0
100
AcDbText
 73
     2
  0
TEXT
  5
4A1D
330
5CD4
100
AcDbEntity
  8
TENANT_TXT
 62
     2
100
AcDbText
 10
1049.973627212465
 20
437.2355104788394
 30
0.0
 40
1.5
  1
15.00'
 50
89.9063888888889
  7
L50
 72
     1
 11
1049.22876308067
 21
440.3795887929998
 31
0.0
100
AcDbText
 73
     2
  0
TEXT
  5
4A1E
330
5CD4
100
AcDbEntity
  8
TENANT_TXT
 62
     2
100
AcDbText
 10
1022.749812609196
 20
444.0069666688527
 30
0.0
 40
1.5
  1
52.00'
 50
359.9063888888888
  7
L50
 72
     1
 11
1026.036747875544
 21
444.7515973975939
 31
0.0
100
AcDbText
 73
     2
  0
TEXT
  5
4A1F
330
5CD4
100
AcDbEntity
  8
TENANT_TXT
 62
     2
100
AcDbText
 10
1003.394094646402
 20
437.0495407918402
 30
0.0
 40
1.5
  1
15.00'
 50
89.9063888888889
  7
L50
 72
     1
 11
1002.649230514607
 21
440.1936191060005
 31
0.0
100
AcDbText
 73
     2
  0
TEXT
  5
4A20
330
5CD4
100
AcDbEntity
  8
TENANT_TXT
 62
     2
100
AcDbText
 10
1002.704946567478
 20
432.8380131948279
 30
0.0
 40
1.5
  1
2.40'
 50
359.9063888888888
  7
L50
 72
     1
 11
1005.277597072888
 21
433.5838109388395
 31
0.0
100
AcDbText
 73
     2
  0
TEXT
  5
4A21
330
5CD4
100
AcDbEntity
  8
TENANT_TXT
 62
     2
100
AcDbText
 10
1006.038749101191
 20
420.8956452717156
 30
0.0
 40
1.5
  1
17.30'
 50
89.9063888888889
  7
L50
 72
     1
 11
1005.293884969395
 21
424.0397235858759
 31
0.0
100
AcDbText
 73
     2
  0
TEXT
  5
4A22
330
5CD4
100
AcDbEntity
  8
TENANT_TXT
 62
     2
100
AcDbText
 10
1004.844868111434
 20
414.4546904732962
 30
0.0
 40
1.5
  1
2.40'
 50
359.9063888888888
  7
L50
 72
     1
 11
1007.417518616844
 21
415.2004882173078
 31
0.0
100
AcDbText
 73
     2
  0
TEXT
  5
4A23
330
5CD4
100
AcDbEntity
  8
TENANT_TXT
 62
     2
100
AcDbText
 10
1003.074107542101
 20
405.6953963187952
 30
0.0
 40
1.5
  1
10.40'
 50
89.9063888888889
  7
L50
 72
     1
 11
1002.329243410306
 21
408.8394746329555
 31
0.0
100
AcDbText
 73
     2
  0
TEXT
  5
4A24
330
5CD4
100
AcDbEntity
  8
TENANT_TXT
 62
     2
100
AcDbText
 10
1024.44852306322
 20
405.6379713746117
 30
0.0
 40
1.5
  1
54.71'
 50
359.9063888888888
  7
L50
 72
     1
 11
1027.59260137738
 21
406.3828355064069
 31
0.0
100
AcDbText
 73
     2
  0
TEXT
  5
4A25
330
5CD4
100
AcDbEntity
  8
TENANT_TXT
 62
     2
100
AcDbText
 10
1029.901723123962
 20
386.3070630755594
 30
0.0
 40
1.5
  1
35.05'
 50
89.9063888888889
  7
L50
 72
     1
 11
1029.157092395221
 21
389.5939983419073
 31
0.0
100
AcDbText
 73
     2
  0
TEXT
  5
4A26
330
5CD4
100
AcDbEntity
  8
TENANT_TXT
 62
     2
100
AcDbText
 10
1048.08270429061
 20
386.0052190023532
 30
0.0
 40
1.5
  1
35.04'
 50
89.9063888888889
  7
L50
 72
     1
 11
1047.338073561868
 21
389.2921542687011
 31
0.0
100
AcDbText
 73
     2
  0
TEXT
  5
4A27
330
5CD4
100
AcDbEntity
  8
TENANT_TXT
 62
     2
100
AcDbText
 10
1034.888740340127
 20
370.5792621373164
 30
0.0
 40
1.5
  1
21.98'
 50
359.9319444444445
  7
L50
 72
     1
 11
1038.032486110858
 21
371.3255285437796
 31
0.0
100
AcDbText
 73
     2
  0
INSERT
  5
4A57
330
5CD4
100
AcDbEntity
  8
TENANT_TXT
 62
     1
100
AcDbBlockReference
  2
*X21
 10
0.0
 20
0.0
 30
0.0
1001
ACAD
1000
HATCH
1002
{
1070
    16
1000
_U
1040
2.5
1040
0.7853981633974483
1070
     0
1002
}
  0
INSERT
  5
4AA2
330
5CD4
100
AcDbEntity
  8
TENANT_TXT
 62
     1
100
AcDbBlockReference
  2
*X22
 10
0.0
 20
0.0
 30
0.0
1001
ACAD
1000
HATCH
1002
{
1070
    16
1000
_U
1040
2.5
1040
0.7853981633974483
1070
     0
1002
}
  0
LINE
  5
4D23
330
5CD4
100
AcDbEntity
  8
LINCON2
100
AcDbLine
 10
642.6704342337522
 20
460.4415284495681
 30
0.0
 11
758.2228954796428
 21
460.2483409668866
 31
0.0
  0
LINE
  5
4D24
330
5CD4
100
AcDbEntity
  8
LINCON2
100
AcDbLine
 10
758.2228954796428
 20
460.2483409668866
 30
0.0
 11
936.4404620362495
 21
459.7013376496113
 31
0.0
  0
LINE
  5
4D25
330
5CD4
100
AcDbEntity
  8
LINCON2
100
AcDbLine
 10
976.2768101355413
 20
459.6977605163273
 30
0.0
 11
1060.640286489756
 21
459.5460865823999
 31
0.0
  0
LINE
  5
4D26
330
5CD4
100
AcDbEntity
  8
LINCON2
100
AcDbLine
 10
1060.640286489756
 20
459.5460865823999
 30
0.0
 11
1120.727319797885
 21
459.196015075124
 31
0.0
  0
LINE
  5
4D27
330
5CD4
100
AcDbEntity
  8
LINCON2
100
AcDbLine
 10
643.8619892917042
 20
464.4395419271225
 30
0.0
 11
758.2295829083868
 21
464.2483353766698
 31
0.0
  0
LINE
  5
4D28
330
5CD4
100
AcDbEntity
  8
LINCON2
100
AcDbLine
 10
758.2351726249616
 20
464.2483221258051
 30
0.0
 11
935.9735236420247
 21
463.7027896651624
 31
0.0
  0
LINE
  5
4D29
330
5CD4
100
AcDbEntity
  8
LINCON2
100
AcDbLine
 10
1081.4197398711
 20
463.4250918333691
 30
0.0
 11
1117.707444086659
 21
463.213676980431
 31
0.0
  0
LINE
  5
4D2A
330
5CD4
100
AcDbEntity
  8
LINCON2
100
AcDbLine
 10
977.0374827941017
 20
463.6963993960632
 30
0.0
 11
1060.020806878168
 21
463.5472067862024
 31
0.0
  0
LINE
  5
4D2B
330
5CD4
100
AcDbEntity
  8
LINCONC
100
AcDbLine
 10
976.2005370373037
 20
458.9115107218232
 30
0.0
 11
995.8640228782584
 21
458.7596549723086
 31
0.0
  0
LINE
  5
4D2C
330
5CD4
100
AcDbEntity
  8
LINCONC
100
AcDbLine
 10
976.1642530012723
 20
458.4117760236493
 30
0.0
 11
995.8601616294807
 21
458.259669881773
 31
0.0
  0
LINE
  5
4D2D
330
5CD4
100
AcDbEntity
  8
LINCONC
100
AcDbLine
 10
995.8601616294807
 20
458.259669881773
 30
0.0
 11
995.7791498068051
 21
405.2217002447724
 31
0.0
  0
LINE
  5
4D2E
330
5CD4
100
AcDbEntity
  8
LINCON2
100
AcDbLine
 10
1000.065739087355
 20
474.3113674891011
 30
0.0
 11
982.672858114841
 21
474.2424747058569
 31
0.0
  0
LINE
  5
4D39
330
5CD4
100
AcDbEntity
  8
PARKING
100
AcDbLine
 10
1047.177796429859
 20
318.8144402146655
 30
0.0
 11
1047.290137685836
 21
337.3140991153643
 31
0.0
  0
LINE
  5
4D3A
330
5CD4
100
AcDbEntity
  8
PARKING
100
AcDbLine
 10
1038.17796237006
 20
318.8690927175733
 30
0.0
 11
1038.290303626036
 21
337.3687516182721
 31
0.0
  0
LINE
  5
4D3B
330
5CD4
100
AcDbEntity
  8
PARKING
100
AcDbLine
 10
1029.17812831026
 20
318.923745220481
 30
0.0
 11
1029.290469566237
 21
337.4234041211798
 31
0.0
  0
LINE
  5
4D3C
330
5CD4
100
AcDbEntity
  8
PARKING
100
AcDbLine
 10
1020.17829425046
 20
318.9783977233888
 30
0.0
 11
1020.290635506438
 21
337.4780566240876
 31
0.0
  0
LINE
  5
4D3D
330
5CD4
100
AcDbEntity
  8
PARKING
100
AcDbLine
 10
1011.178460190661
 20
319.0330502262965
 30
0.0
 11
1011.290801446638
 21
337.5327091269953
 31
0.0
  0
LINE
  5
4D3E
330
5CD4
100
AcDbEntity
  8
PARKING
100
AcDbLine
 10
1002.178626130862
 20
319.0877027292042
 30
0.0
 11
1002.290967386839
 21
337.5873616299031
 31
0.0
  0
LINE
  5
4D3F
330
5CD4
100
AcDbEntity
  8
PARKING
100
AcDbLine
 10
993.1787920710623
 20
319.142355232112
 30
0.0
 11
993.2911333270393
 21
337.6420141328108
 31
0.0
  0
LINE
  5
4D40
330
5CD4
100
AcDbEntity
  8
PARKING
100
AcDbLine
 10
984.1789580112628
 20
319.1970077350197
 30
0.0
 11
984.2912992672399
 21
337.6966666357185
 31
0.0
  0
LINE
  5
4D41
330
5CD4
100
AcDbEntity
  8
PARKING
100
AcDbLine
 10
975.1791239514635
 20
319.2516602379275
 30
0.0
 11
975.2914652074405
 21
337.7513191386263
 31
0.0
  0
LINE
  5
4D44
330
5CD4
100
AcDbEntity
  8
PARKING
100
AcDbLine
 10
995.8464147692869
 20
449.259680380455
 30
0.0
 11
977.346436349911
 21
449.2879378152978
 31
0.0
  0
LINE
  5
4D45
330
5CD4
100
AcDbEntity
  8
PARKING
100
AcDbLine
 10
995.8326679090931
 20
440.259690879137
 30
0.0
 11
977.3326894897172
 21
440.2879483139798
 31
0.0
  0
LINE
  5
4D46
330
5CD4
100
AcDbEntity
  8
PARKING
100
AcDbLine
 10
995.8189210488993
 20
431.2597013778189
 30
0.0
 11
977.3189426295233
 21
431.2879588126618
 31
0.0
  0
LINE
  5
4D47
330
5CD4
100
AcDbEntity
  8
PARKING
100
AcDbLine
 10
995.8051741887055
 20
422.2597118765009
 30
0.0
 11
977.3051957693295
 21
422.2879693113438
 31
0.0
  0
LINE
  5
4D48
330
5CD4
100
AcDbEntity
  8
PARKING
100
AcDbLine
 10
995.7914273285116
 20
413.2597223751829
 30
0.0
 11
977.2914489091357
 21
413.2879798100257
 31
0.0
  0
LINE
  5
4D4B
330
5CD4
100
AcDbEntity
  8
PARKING
100
AcDbLine
 10
1098.357055665107
 20
419.6313650781291
 30
0.0
 11
1079.874857817996
 21
420.4427606291659
 31
0.0
  0
LINE
  5
4D4C
330
5CD4
100
AcDbEntity
  8
PARKING
100
AcDbLine
 10
1097.962322694333
 20
410.6400255849399
 30
0.0
 11
1079.480124847222
 21
411.4514211359767
 31
0.0
  0
LINE
  5
4D4D
330
5CD4
100
AcDbEntity
  8
PARKING
100
AcDbLine
 10
1097.567589723558
 20
401.6486860917507
 30
0.0
 11
1079.085391876447
 21
402.4600816427875
 31
0.0
  0
LINE
  5
4D4E
330
5CD4
100
AcDbEntity
  8
PARKING
100
AcDbLine
 10
1097.172856752783
 20
392.6573465985616
 30
0.0
 11
1078.690658905672
 21
393.4687421495984
 31
0.0
  0
LINE
  5
4D4F
330
5CD4
100
AcDbEntity
  8
PARKING
100
AcDbLine
 10
1096.778123782009
 20
383.6660071053724
 30
0.0
 11
1078.295925934897
 21
384.4774026564092
 31
0.0
  0
LINE
  5
4D50
330
5CD4
100
AcDbEntity
  8
PARKING
100
AcDbLine
 10
1096.383390811234
 20
374.6746676121832
 30
0.0
 11
1077.901192964123
 21
375.48606316322
 31
0.0
  0
LINE
  5
4D53
330
5CD4
100
AcDbEntity
  8
PARKING
100
AcDbLine
 10
1089.787915067638
 20
316.8266872827389
 30
0.0
 11
1071.29576256149
 21
316.2878963312783
 31
0.0
  0
LINE
  5
4D54
330
5CD4
100
AcDbEntity
  8
PARKING
100
AcDbLine
 10
1090.050029584564
 20
307.8305049824508
 30
0.0
 11
1071.557877078417
 21
307.2917140309902
 31
0.0
  0
LINE
  5
4D57
330
5CD4
100
AcDbEntity
  8
PARKING
100
AcDbLine
 10
1090.836760265901
 20
279.4711284299073
 30
0.0
 11
1072.343593912851
 21
278.9683379781077
 31
0.0
  0
LINE
  5
4D58
330
5CD4
100
AcDbEntity
  8
PARKING
100
AcDbLine
 10
1091.081361026236
 20
270.474452906802
 30
0.0
 11
1072.588194673186
 21
269.9716624550024
 31
0.0
  0
LINE
  5
4D59
330
5CD4
100
AcDbEntity
  8
PARKING
100
AcDbLine
 10
1091.325961786571
 20
261.4777773836965
 30
0.0
 11
1072.832795433521
 21
260.974986931897
 31
0.0
  0
LINE
  5
4D5A
330
5CD4
100
AcDbEntity
  8
PARKING
100
AcDbLine
 10
1091.570562546906
 20
252.4811018605912
 30
0.0
 11
1073.077396193856
 21
251.9783114087916
 31
0.0
  0
LINE
  5
4D5B
330
5CD4
100
AcDbEntity
  8
PARKING
100
AcDbLine
 10
1091.81516330724
 20
243.4844263374858
 30
0.0
 11
1073.321996954191
 21
242.9816358856862
 31
0.0
  0
LINE
  5
4D5C
330
5CD4
100
AcDbEntity
  8
PARKING
100
AcDbLine
 10
1092.059764067576
 20
234.4877508143804
 30
0.0
 11
1073.566597714526
 21
233.9849603625808
 31
0.0
  0
LINE
  5
4D5D
330
5CD4
100
AcDbEntity
  8
PARKING
100
AcDbLine
 10
1092.30436482791
 20
225.491075291275
 30
0.0
 11
1073.81119847486
 21
224.9882848394755
 31
0.0
  0
LINE
  5
4D5E
330
5CD4
100
AcDbEntity
  8
PARKING
100
AcDbLine
 10
1092.548965588245
 20
216.4943997681696
 30
0.0
 11
1074.055799235196
 21
215.99160931637
 31
0.0
  0
LINE
  5
4D5F
330
5CD4
100
AcDbEntity
  8
PARKING
100
AcDbLine
 10
1092.79356634858
 20
207.4977242450643
 30
0.0
 11
1074.30039999553
 21
206.9949337932647
 31
0.0
  0
LINE
  5
4D60
330
5CD4
100
AcDbEntity
  8
PARKING
100
AcDbLine
 10
1093.038167108915
 20
198.5010487219589
 30
0.0
 11
1074.545000755865
 21
197.9982582701593
 31
0.0
  0
LINE
  5
4D61
330
5CD4
100
AcDbEntity
  8
PARKING
100
AcDbLine
 10
1093.28276786925
 20
189.5043731988535
 30
0.0
 11
1074.7896015162
 21
189.0015827470539
 31
0.0
  0
TEXT
  5
4D64
330
5CD4
100
AcDbEntity
  8
PARKING_TXT
100
AcDbText
 10
750.6763910354147
 20
171.9614218745053
 30
0.0
 40
2.4
  1
Concrete Parking
  7
L120
100
AcDbText
  0
TEXT
  5
4D65
330
5CD4
100
AcDbEntity
  8
PARKING_TXT
100
AcDbText
 10
928.3685575274395
 20
172.8843303272649
 30
0.0
 40
2.4
  1
Concrete Parking
  7
L120
100
AcDbText
  0
LINE
  5
4D67
330
5CD4
100
AcDbEntity
  8
LINLEGAL
 62
     3
100
AcDbLine
 10
392.1114211760914
 20
-31.06451738807181
 30
0.0
 11
392.282910575905
 21
-83.0269058262684
 31
0.0
  0
LINE
  5
4D68
330
5CD4
100
AcDbEntity
  8
LINLEGAL
 62
     3
100
AcDbLine
 10
492.1108765946875
 20
-30.73449317042551
 30
0.0
 11
492.5069056558646
 21
-150.7338396727391
 31
0.0
  0
LINE
  5
4D69
330
5CD4
100
AcDbEntity
  8
LINLEG3
100
AcDbLine
 10
492.111432145674
 20
-30.73449133696111
 30
0.0
 11
392.1114211760925
 21
-31.06451738807151
 31
0.0
  0
LINE
  5
4D6A
330
5CD4
100
AcDbEntity
  8
TXTBOU3
100
AcDbLine
 10
492.1114321456751
 20
-30.7344913369611
 30
0.0
 11
492.111432145674
 21
-30.73449133696111
 31
0.0
  0
LINE
  5
4D70
330
5CD4
100
AcDbEntity
  8
LINLEGAL
 62
     3
100
AcDbLine
 10
592.1147324064863
 20
69.05155892086717
 30
0.0
 11
592.1144043658356
 21
59.13282062250846
 31
0.0
  0
ARC
  5
4D72
330
5CD4
100
AcDbEntity
  8
LINLEGAL
 62
     3
100
AcDbCircle
 10
2965.493260435983
 20
286.4771962731375
 30
0.0
 40
1872.443371535407
100
AcDbArc
 50
185.1189123585151
 51
187.3561019782106
  0
ARC
  5
4D73
330
5CD4
100
AcDbEntity
  8
LINLEGAL
100
AcDbCircle
 10
2965.493260435983
 20
286.4771962731375
 30
0.0
 40
1872.443371535407
100
AcDbArc
 50
185.118912358515
 51
185.1189123585151
  0
TEXT
  5
4D7C
330
5CD4
100
AcDbEntity
  8
TXTBOUDIM
100
AcDbText
 10
392.2993680620921
 20
209.2470576801937
 30
0.0
 40
5.25
  1
N51%%d28'00"E
 50
89.99805555555557
  7
L175
 72
     1
 11
389.6751443715105
 21
232.1221467515349
 31
0.0
100
AcDbText
 73
     2
  0
TEXT
  5
4D7D
330
5CD4
100
AcDbEntity
  8
TXTBOUDIM
100
AcDbText
 10
389.3560848311799
 20
347.4008185823383
 30
0.0
 40
5.25
  1
250.00'
 50
89.99805555555557
  7
L175
 72
     4
 11
386.2315599503868
 21
361.400924627269
 31
0.0
100
AcDbText
  0
INSERT
  5
4D7F
330
5CD4
100
AcDbEntity
  8
TXTBOUDIM
100
AcDbBlockReference
  2
PCOR
 10
974.4559223739473
 20
459.4875886178952
 30
0.0
 41
30.0
 42
-30.0
 43
30.0
 50
179.9980555555555
  0
INSERT
  5
4D81
330
5CD4
100
AcDbEntity
  8
TXTBOUDIM
100
AcDbBlockReference
  2
PCOR
 10
1064.713984452475
 20
158.9703605939368
 30
0.0
 41
30.0
 42
30.0
 43
30.0
 50
180.1547222222222
  0
LINE
  5
4D84
330
5CD4
100
AcDbEntity
  8
EASEMENT
 48
0.5
100
AcDbLine
 10
423.753311659862
 20
449.6776327628143
 30
0.0
 11
973.8751794827706
 21
449.6594386810677
 31
0.0
  0
LINE
  5
4D85
330
5CD4
100
AcDbEntity
  8
EASEMENT
 48
0.5
100
AcDbLine
 10
408.7445473706594
 20
184.678129000049
 30
0.0
 11
408.7488468373114
 21
314.678128928951
 31
0.0
  0
LINE
  5
4D86
330
5CD4
100
AcDbEntity
  8
EASEMENT
 48
0.5
100
AcDbLine
 10
408.7488468373114
 20
314.678128928951
 30
0.0
 11
408.7528155757595
 21
434.6781288633239
 31
0.0
  0
ARC
  5
4D87
102
{ACAD_REACTORS
330
5E18
102
}
330
5CD4
100
AcDbEntity
  8
LINLEGAL
100
AcDbCircle
 10
423.752815567556
 20
434.6776327710165
 30
0.0
 40
25.0
100
AcDbArc
 50
89.99810506697433
 51
179.998105066974
1001
CIVIL_DRAFT
1070
   100
1000
length above, radius below
1070
   211
1070
     0
1070
   212
1070
     0
1070
   213
1070
     1
1070
   214
1070
     0
1070
   215
1070
     0
1070
   311
1040
0.0
1070
   312
1040
0.0
1070
   313
1040
0.0
1070
  1411
1005
0
1070
  1412
1005
6ACE
1070
  1413
1005
0
1070
  1414
1005
0
1070
  1415
1005
0
1070
  1011
1042
30.0
  0
ARC
  5
4D89
330
5CD4
100
AcDbEntity
  8
EASEMENT
 48
0.5
100
AcDbCircle
 10
423.752815567556
 20
434.6776327710179
 30
0.0
 40
15.0
100
AcDbArc
 50
89.99810506697372
 51
179.998105066974
  0
ARC
  5
4DAC
102
{ACAD_REACTORS
330
5E18
102
}
330
5CD4
100
AcDbEntity
  8
LINLEGAL
100
AcDbCircle
 10
423.7445473624559
 20
184.6776329077427
 30
0.0
 40
25.0
100
AcDbArc
 50
179.9981050669741
 51
269.9981050669738
1001
CIVIL_DRAFT
1070
   100
1000
length above, radius below
1070
   211
1070
     0
1070
   212
1070
     0
1070
   213
1070
     1
1070
   214
1070
     0
1070
   215
1070
     0
1070
   311
1040
0.0
1070
   312
1040
0.0
1070
   313
1040
0.0
1070
  1411
1005
0
1070
  1412
1005
719E
1070
  1413
1005
0
1070
  1414
1005
0
1070
  1415
1005
0
1070
  1011
1042
30.0
  0
ARC
  5
4DD4
102
{ACAD_REACTORS
330
5E18
102
}
330
5CD4
100
AcDbEntity
  8
LINLEGAL
 62
     3
100
AcDbCircle
 10
1068.445416280525
 20
429.6563109656705
 30
0.0
 40
30.0
100
AcDbArc
 50
355.6838015258546
 51
89.99810506697378
1001
CIVIL_DRAFT
1070
   100
1000
length above, radius below
1070
   211
1070
     0
1070
   212
1070
     0
1070
   213
1070
     1
1070
   214
1070
     0
1070
   215
1070
     0
1070
   311
1040
0.0
1070
   312
1040
0.0
1070
   313
1040
0.0
1070
  1411
1005
0
1070
  1412
1005
0
1070
  1413
1005
0
1070
  1414
1005
0
1070
  1415
1005
0
1070
  1011
1042
30.0
  0
LINE
  5
4DD8
330
5CD4
100
AcDbEntity
  8
LINLEGAL
 62
     3
100
AcDbLine
 10
973.8755102109732
 20
459.6594386755987
 30
0.0
 11
998.7536420735966
 21
459.6586158856111
 31
0.0
  0
LINE
  5
4DFA
330
5CD4
100
AcDbEntity
  8
LINLEGAL
100
AcDbLine
 10
698.7536422376678
 20
459.6685377317332
 30
0.0
 11
798.7536421829773
 21
459.6652304496926
 31
0.0
  0
LINE
  5
4DFC
330
5CD4
100
AcDbEntity
  8
LINLEGAL
100
AcDbLine
 10
798.7536421829773
 20
459.6652304496926
 30
0.0
 11
898.7536421282882
 21
459.6619231676518
 31
0.0
  0
LINE
  5
4DFD
330
5CD4
100
AcDbEntity
  8
LINLEGAL
100
AcDbLine
 10
898.7536421282882
 20
459.6619231676518
 30
0.0
 11
973.8755102109747
 21
459.6594386755987
 31
0.0
  0
ARC
  5
4DFE
102
{ACAD_REACTORS
330
5E18
102
}
330
5CD4
100
AcDbEntity
  8
LINLEGAL
100
AcDbCircle
 10
2965.493260435983
 20
286.4771962731375
 30
0.0
 40
1872.443371535407
100
AcDbArc
 50
177.7602136250882
 51
182.9172064434978
1001
CIVIL_DRAFT
1070
   100
1000
length above, radius below
1070
   211
1070
     0
1070
   212
1070
     0
1070
   213
1070
     1
1070
   214
1070
     0
1070
   215
1070
     0
1070
   311
1040
0.0
1070
   312
1040
0.0
1070
   313
1040
0.0
1070
  1411
1005
0
1070
  1412
1005
7197
1070
  1413
1005
0
1070
  1414
1005
0
1070
  1415
1005
0
1070
  1011
1042
30.0
  0
LINE
  5
4E41
330
5CD4
100
AcDbEntity
  8
LINLEG2
100
AcDbLine
 10
998.7479307486578
 20
309.6586159924623
 30
0.0
 11
1093.193352249584
 21
309.6554924159968
 31
0.0
  0
LINE
  5
4E4F
330
5CD4
100
AcDbEntity
  8
LINLEG2
100
AcDbLine
 10
898.7486812052258
 20
309.6619232496844
 30
0.0
 11
898.7437202821657
 21
159.6619233317208
 31
0.0
  0
LINE
  5
4E50
330
5CD4
100
AcDbEntity
  8
LINLEG2
100
AcDbLine
 10
898.7486812052266
 20
309.6619232496853
 30
0.0
 11
998.7479307486578
 21
309.6586159924623
 31
0.0
  0
LINE
  5
4E51
330
5CD4
100
AcDbEntity
  8
LINLEG2
100
AcDbLine
 10
798.7486812599167
 20
309.6652305317261
 30
0.0
 11
898.7486812052266
 21
309.6619232496853
 31
0.0
  0
LINE
  5
4E52
330
5CD4
100
AcDbEntity
  8
LINLEG2
100
AcDbLine
 10
798.7486812599162
 20
309.6652305317246
 30
0.0
 11
798.7437203368562
 21
159.6652306137622
 31
0.0
  0
LINE
  5
4E6B
330
5CD4
100
AcDbEntity
  8
LINLEG2
100
AcDbLine
 10
698.7486813146072
 20
309.668537813767
 30
0.0
 11
798.7486812599167
 21
309.6652305317261
 31
0.0
  0
LINE
  5
4E6C
330
5CD4
100
AcDbEntity
  8
LINLEG2
100
AcDbLine
 10
698.7486813146069
 20
309.6685378137662
 30
0.0
 11
698.7437203915467
 21
159.6685378958023
 31
0.0
  0
TEXT
  5
4E7D
330
5CD4
100
AcDbEntity
  8
LOTNUM
 62
     5
100
AcDbText
 10
752.7144719212902
 20
368.045790642679
 30
0.0
 40
3.6
  1
LOT 4
 51
12.0
  7
L120
 72
     1
 11
760.5144719212901
 21
369.845790642679
 31
0.0
100
AcDbText
 73
     2
  0
TEXT
  5
4E7F
330
5CD4
100
AcDbEntity
  8
LOTNUM
 62
     5
100
AcDbText
 10
838.6293128945683
 20
368.6002247398662
 30
0.0
 40
3.6
  1
LOT 3
 51
12.0
  7
L120
 72
     1
 11
846.343598608854
 21
370.4002247398662
 31
0.0
100
AcDbText
 73
     2
  0
TEXT
  5
4E81
330
5CD4
100
AcDbEntity
  8
LOTNUM
 62
     5
100
AcDbText
 10
949.5840326829052
 20
384.1501085505313
 30
0.0
 40
3.6
  1
LOT 2
 51
12.0
  7
L120
100
AcDbText
  0
TEXT
  5
4E83
330
5CD4
100
AcDbEntity
  8
LOTNUM
 62
     5
100
AcDbText
 10
1047.066029186707
 20
327.6467902809702
 30
0.0
 40
3.6
  1
LOT 1
 51
12.0
  7
L120
 72
     1
 11
1054.008886329564
 21
329.4467902809702
 31
0.0
100
AcDbText
 73
     2
  0
TEXT
  5
4E85
330
5CD4
100
AcDbEntity
  8
LOTNUM
 62
     5
100
AcDbText
 10
1023.771970565976
 20
271.9635948851538
 30
0.0
 40
3.6
  1
LOT 14
 51
12.0
  7
L120
 72
     1
 11
1032.943399137404
 21
273.7635948851539
 31
0.0
100
AcDbText
 73
     2
  0
TEXT
  5
4E87
330
5CD4
100
AcDbEntity
  8
LOTNUM
 62
     5
100
AcDbText
 10
938.5350666480766
 20
271.4184034741637
 30
0.0
 40
3.6
  1
LOT 13
 51
12.0
  7
L120
 72
     1
 11
947.6207809337909
 21
273.2184034741637
 31
0.0
100
AcDbText
 73
     2
  0
TEXT
  5
4E89
330
5CD4
100
AcDbEntity
  8
LOTNUM
 62
     5
100
AcDbText
 10
838.5895598928366
 20
230.6020183794817
 30
0.0
 40
3.6
  1
LOT 12
 51
12.0
  7
L120
 72
     1
 11
847.6752741785509
 21
232.4020183794817
 31
0.0
100
AcDbText
 73
     2
  0
TEXT
  5
4E8B
330
5CD4
100
AcDbEntity
  8
LOTNUM
 62
     5
100
AcDbText
 10
740.6442591626588
 20
281.6951341104482
 30
0.0
 40
3.6
  1
LOT 11
 51
12.0
  7
L120
 72
     1
 11
748.9585448769445
 21
283.4951341104482
 31
0.0
100
AcDbText
 73
     2
  0
TEXT
  5
4E8C
330
5CD4
100
AcDbEntity
  8
LINCON2
100
AcDbText
 10
781.5108264488182
 20
467.4351607307999
 30
0.0
 40
1.8
  1
4' Sidewalk (Existing)
  7
L60
100
AcDbText
  0
TEXT
  5
4E8D
330
5CD4
100
AcDbEntity
  8
LINCON2
100
AcDbText
 10
1000.453388066384
 20
467.8516639283541
 30
0.0
 40
1.8
  1
4' Sidewalk (Existing)
  7
L60
100
AcDbText
  0
TEXT
  5
4E8E
330
5CD4
100
AcDbEntity
  8
LINCON2
100
AcDbText
 10
1084.067863413417
 20
466.3402732921609
 30
0.0
 40
1.8
  1
4' Sidewalk (Existing)
  7
L60
100
AcDbText
  0
DIMENSION
  5
4F0F
330
5CD4
100
AcDbEntity
  8
TXTMISC
100
AcDbDimension
  2
*D29
 10
1051.398137856722
 20
179.6657195498658
 30
0.0
 11
1060.933879051209
 21
181.6409042183147
 31
0.0
 12
0.0
 22
-1.323121038994032
 32
0.0
 70
    33
  1
19.07'
  3
STANDARD
100
AcDbAlignedDimension
 13
1070.471173260775
 23
179.6732320497578
 33
0.0
 14
1051.398137856722
 24
179.6657195498658
 34
0.0
1001
ACAD
1000
DSTYLE
1002
{
1070
   287
1070
     5
1070
   279
1070
     2
1070
    78
1070
     7
1070
   284
1070
     7
1070
   140
1040
0.06
1070
   340
1005
5D14
1070
    74
1070
     0
1070
   174
1070
     1
1070
    73
1070
     0
1070
   272
1070
     2
1070
    77
1070
     1
1070
    76
1070
     1
1070
    75
1070
     1
1070
    40
1040
30.0
1070
     3
1000
'
1070
   147
1040
0.03
1070
    42
1040
0.0
1070
   271
1070
     2
1070
     7
1000
ARROW5
1070
     6
1000
ARROW5
1070
   275
1070
     1
1070
    41
1040
0.06
1070
     4
1000
m
1070
   285
1070
     7
1070
   286
1070
     7
1070
   143
1040
0.3048
1002
}
  0
INSERT
  5
53F6
330
5CD4
100
AcDbEntity
  8
PARKING_TXT
100
AcDbBlockReference
  2
TF
 10
949.7316476302287
 20
435.9147898029197
 30
0.0
 41
20.0
 42
20.0
 43
20.0
 50
270.0
  0
INSERT
  5
53F7
330
5CD4
100
AcDbEntity
  8
PARKING_TXT
100
AcDbBlockReference
  2
TF
 10
962.3944618532026
 20
429.9074678625412
 30
0.0
 41
20.0
 42
20.0
 43
20.0
 50
90.0
  0
INSERT
  5
53F8
330
5CD4
100
AcDbEntity
  8
PARKING_TXT
100
AcDbBlockReference
  2
TF
 10
1065.708976946557
 20
442.95319747588
 30
0.0
 41
20.0
 42
20.0
 43
20.0
 50
270.0
  0
INSERT
  5
53F9
330
5CD4
100
AcDbEntity
  8
PARKING_TXT
100
AcDbBlockReference
  2
TF
 10
1074.334331917679
 20
437.7900407970331
 30
0.0
 41
20.0
 42
20.0
 43
20.0
 50
90.0
  0
INSERT
  5
53FA
330
5CD4
100
AcDbEntity
  8
PARKING_TXT
100
AcDbBlockReference
  2
TF
 10
870.2322947862198
 20
422.4551491766661
 30
0.0
 41
20.0
 42
20.0
 43
20.0
  0
INSERT
  5
53FB
330
5CD4
100
AcDbEntity
  8
PARKING_TXT
100
AcDbBlockReference
  2
TF
 10
878.5912955656844
 20
431.598452563074
 30
0.0
 41
20.0
 42
20.0
 43
20.0
 50
180.0
  0
INSERT
  5
53FC
330
5CD4
100
AcDbEntity
  8
PARKING_TXT
100
AcDbBlockReference
  2
TF
 10
1083.875314050434
 20
355.7986436833651
 30
0.0
 41
20.0
 42
20.0
 43
20.0
 50
180.0
  0
INSERT
  5
53FD
330
5CD4
100
AcDbEntity
  8
PARKING_TXT
100
AcDbBlockReference
  2
TF
 10
1024.877857404674
 20
355.4059178133279
 30
0.0
 41
20.0
 42
20.0
 43
20.0
 50
180.0
  0
INSERT
  5
53FE
330
5CD4
100
AcDbEntity
  8
PARKING_TXT
100
AcDbBlockReference
  2
TF
 10
1040.181269506588
 20
341.5958858877279
 30
0.0
 41
20.0
 42
20.0
 43
20.0
  0
INSERT
  5
53FF
330
5CD4
100
AcDbEntity
  8
PARKING_TXT
100
AcDbBlockReference
  2
TF
 10
1066.971164564887
 20
338.9327175901216
 30
0.0
 41
20.0
 42
20.0
 43
20.0
  0
INSERT
  5
5400
330
5CD4
100
AcDbEntity
  8
PARKING_TXT
100
AcDbBlockReference
  2
TF
 10
963.2779228637473
 20
375.0681060600558
 30
0.0
 41
20.0
 42
20.0
 43
20.0
 50
90.0
  0
INSERT
  5
5401
330
5CD4
100
AcDbEntity
  8
PARKING_TXT
100
AcDbBlockReference
  2
TF
 10
949.3571053622957
 20
380.0579000453143
 30
0.0
 41
20.0
 42
20.0
 43
20.0
 50
270.0
  0
INSERT
  5
5402
330
5CD4
100
AcDbEntity
  8
PARKING_TXT
100
AcDbBlockReference
  2
TF
 10
963.0144402183482
 20
327.6891537121607
 30
0.0
 41
20.0
 42
20.0
 43
20.0
 50
90.0
  0
INSERT
  5
5403
330
5CD4
100
AcDbEntity
  8
PARKING_TXT
100
AcDbBlockReference
  2
TF
 10
949.4141083543834
 20
334.0924988601544
 30
0.0
 41
20.0
 42
20.0
 43
20.0
 50
270.0
  0
INSERT
  5
5404
330
5CD4
100
AcDbEntity
  8
PARKING_TXT
100
AcDbBlockReference
  2
TF
 10
1005.460920197929
 20
395.7092047672243
 30
0.0
 41
20.0
 42
20.0
 43
20.0
  0
INSERT
  5
5405
330
5CD4
100
AcDbEntity
  8
PARKING_TXT
100
AcDbBlockReference
  2
TF
 10
1005.69491224504
 20
386.3520567513082
 30
0.0
 41
20.0
 42
20.0
 43
20.0
  0
INSERT
  5
5406
330
5CD4
100
AcDbEntity
  8
PARKING_TXT
100
AcDbBlockReference
  2
TF
 10
1006.096091673292
 20
378.1959584497828
 30
0.0
 41
20.0
 42
20.0
 43
20.0
  0
INSERT
  5
5407
330
5CD4
100
AcDbEntity
  8
PARKING_TXT
100
AcDbBlockReference
  2
TF
 10
866.9454873324777
 20
363.801755858503
 30
0.0
 41
20.0
 42
20.0
 43
20.0
  0
INSERT
  5
5408
330
5CD4
100
AcDbEntity
  8
PARKING_TXT
100
AcDbBlockReference
  2
TF
 10
875.3044881119423
 20
372.945059244911
 30
0.0
 41
20.0
 42
20.0
 43
20.0
 50
180.0
  0
INSERT
  5
5409
330
5CD4
100
AcDbEntity
  8
PARKING_TXT
100
AcDbBlockReference
  2
TF
 10
873.3611450431483
 20
306.110168436229
 30
0.0
 41
20.0
 42
20.0
 43
20.0
  0
INSERT
  5
540A
330
5CD4
100
AcDbEntity
  8
PARKING_TXT
100
AcDbBlockReference
  2
TF
 10
878.1217510555828
 20
312.4147568183079
 30
0.0
 41
20.0
 42
20.0
 43
20.0
 50
180.0
  0
INSERT
  5
540B
330
5CD4
100
AcDbEntity
  8
PARKING_TXT
100
AcDbBlockReference
  2
TF
 10
984.4222136608882
 20
305.7316763204596
 30
0.0
 41
20.0
 42
20.0
 43
20.0
  0
INSERT
  5
540C
330
5CD4
100
AcDbEntity
  8
PARKING_TXT
100
AcDbBlockReference
  2
TF
 10
989.7509912158098
 20
312.6040077034049
 30
0.0
 41
20.0
 42
20.0
 43
20.0
 50
180.0
  0
INSERT
  5
540D
330
5CD4
100
AcDbEntity
  8
PARKING_TXT
100
AcDbBlockReference
  2
TF
 10
1056.318099095433
 20
259.9546098484306
 30
0.0
 41
20.0
 42
20.0
 43
20.0
 50
270.0
  0
INSERT
  5
540E
330
5CD4
100
AcDbEntity
  8
PARKING_TXT
100
AcDbBlockReference
  2
TF
 10
1064.943454066555
 20
254.7914531695836
 30
0.0
 41
20.0
 42
20.0
 43
20.0
 50
90.0
  0
INSERT
  5
541B
330
5CD4
100
AcDbEntity
  8
TRAVLAN
100
AcDbBlockReference
  2
TF
 10
1131.914662297562
 20
119.6556910847835
 30
0.0
 41
20.0
 42
20.0
 43
20.0
 50
270.0
  0
INSERT
  5
541C
330
5CD4
100
AcDbEntity
  8
TRAVLAN
100
AcDbBlockReference
  2
TF
 10
1141.775080541819
 20
122.0018259866438
 30
0.0
 41
20.0
 42
20.0
 43
20.0
 50
270.0
  0
INSERT
  5
541D
330
5CD4
100
AcDbEntity
  8
TRAVLAN
100
AcDbBlockReference
  2
TF
 10
1160.730398267299
 20
114.9617631667364
 30
0.0
 41
20.0
 42
20.0
 43
20.0
 50
90.0
  0
INSERT
  5
541E
330
5CD4
100
AcDbEntity
  8
TRAVLAN
100
AcDbBlockReference
  2
TF
 10
1171.060361021657
 20
115.4309889601567
 30
0.0
 41
20.0
 42
20.0
 43
20.0
 50
90.0
  0
INSERT
  5
5423
330
5CD4
100
AcDbEntity
  8
PARKING_TXT
100
AcDbBlockReference
  2
TF
 10
732.1863981969302
 20
422.9243779374659
 30
0.0
 41
20.0
 42
20.0
 43
20.0
  0
INSERT
  5
5424
330
5CD4
100
AcDbEntity
  8
PARKING_TXT
100
AcDbBlockReference
  2
TF
 10
740.5453989763948
 20
432.0676813238738
 30
0.0
 41
20.0
 42
20.0
 43
20.0
 50
180.0
  0
INSERT
  5
5425
330
5CD4
100
AcDbEntity
  8
PARKING_TXT
100
AcDbBlockReference
  2
TF
 10
748.0581029040824
 20
372.945059244911
 30
0.0
 41
20.0
 42
20.0
 43
20.0
 50
180.0
  0
INSERT
  5
5426
330
5CD4
100
AcDbEntity
  8
PARKING_TXT
100
AcDbBlockReference
  2
TF
 10
739.6991021246178
 20
363.801755858503
 30
0.0
 41
20.0
 42
20.0
 43
20.0
  0
INSERT
  5
5427
330
5CD4
100
AcDbEntity
  8
PARKING_TXT
100
AcDbBlockReference
  2
TF
 10
750.8753658477228
 20
312.4147568183079
 30
0.0
 41
20.0
 42
20.0
 43
20.0
 50
180.0
  0
INSERT
  5
5428
330
5CD4
100
AcDbEntity
  8
PARKING_TXT
100
AcDbBlockReference
  2
TF
 10
745.5876249877085
 20
300.2024851953744
 30
0.0
 41
20.0
 42
20.0
 43
20.0
  0
INSERT
  5
5429
330
5CD4
100
AcDbEntity
  8
PARKING_TXT
100
AcDbBlockReference
  2
TF
 10
634.6677259847243
 20
422.3072032177986
 30
0.0
 41
20.0
 42
20.0
 43
20.0
 50
90.0
  0
INSERT
  5
542A
330
5CD4
100
AcDbEntity
  8
PARKING_TXT
100
AcDbBlockReference
  2
TF
 10
621.2792569813435
 20
427.558004053737
 30
0.0
 41
20.0
 42
20.0
 43
20.0
 50
270.0
  0
INSERT
  5
542B
330
5CD4
100
AcDbEntity
  8
PARKING_TXT
100
AcDbBlockReference
  2
TF
 10
634.6677301016939
 20
341.1309065331144
 30
0.0
 41
20.0
 42
20.0
 43
20.0
 50
90.0
  0
INSERT
  5
542C
330
5CD4
100
AcDbEntity
  8
PARKING_TXT
100
AcDbBlockReference
  2
TF
 10
623.9690254388464
 20
346.0833869066162
 30
0.0
 41
20.0
 42
20.0
 43
20.0
 50
270.0
  0
TEXT
  5
542D
330
5CD4
100
AcDbEntity
  8
TXTMISC2
100
AcDbText
 10
1108.583923955288
 20
184.5625439524726
 30
0.0
 40
3.6
  1
Apparant R/W Line
 50
90.0
  7
L120
100
AcDbText
  0
TEXT
  5
5430
330
5CD4
100
AcDbEntity
  8
TXTSTRNAME
100
AcDbText
 10
1180.486333267914
 20
293.1097387930338
 30
0.0
 40
4.0
  1
JOHNSTON STREET (US Hwy 167) (%%p100' R/W)
 50
87.9941763197065
 51
12.0
  7
L200
100
AcDbText
  0
LINE
  5
5433
330
5CD4
100
AcDbEntity
  8
LINLEGAL
 62
     3
100
AcDbLine
 10
492.1163985808738
 20
119.4321752475786
 30
0.0
 11
1100.517813481562
 21
119.4120536968376
 31
0.0
  0
TEXT
  5
5438
330
5CD4
100
AcDbEntity
  8
TXTBOU3
100
AcDbText
 10
499.2705055116878
 20
-0.3591227195567705
 30
0.0
 40
4.199999999999998
  1
S51%%d28'00"W
 50
89.99805555555557
  7
L140
 72
     1
 11
497.1711435277013
 21
18.44094853722819
 31
0.0
100
AcDbText
 73
     2
  0
TEXT
  5
5439
330
5CD4
100
AcDbEntity
  8
TXTBOU3
100
AcDbText
 10
499.1291508135052
 20
63.43081090086627
 30
0.0
 40
4.199999999999998
  1
150.17'
 50
89.99805555555557
  7
L140
 72
     1
 11
497.0295037590744
 21
73.83088216248845
 31
0.0
100
AcDbText
 73
     2
  0
TEXT
  5
543A
330
5CD4
100
AcDbEntity
  8
TXTBOU3
100
AcDbText
 10
444.1396329928812
 20
-44.31929188691312
 30
0.0
 40
4.199999999999998
  1
N38%%d43'28"W
 50
0.1891666666666666
  7
L140
 72
     1
 11
463.5325939508691
 21
-42.15525277406008
 31
0.0
100
AcDbText
 73
     2
  0
TEXT
  5
543B
330
5CD4
100
AcDbEntity
  8
TXTBOU3
100
AcDbText
 10
450.7289663849242
 20
-37.10764294057424
 30
0.0
 40
4.199999999999998
  1
100.00'
 50
0.1891666666666666
  7
L140
 72
     1
 11
461.5219742147538
 21
-34.97199737418531
 31
0.0
100
AcDbText
 73
     2
  0
INSERT
  5
543F
330
5CD4
100
AcDbEntity
  8
TXTBOU3
100
AcDbBlockReference
  2
PCOR
 10
492.1163985808724
 20
119.4321752475786
 30
0.0
 41
30.0
 42
30.0
 43
30.0
 50
269.9980555555556
  0
INSERT
  5
5440
330
5CD4
100
AcDbEntity
  8
TXTBOU3
100
AcDbBlockReference
  2
PCOR
 10
492.1114321456743
 20
-30.73449133696111
 30
0.0
 41
30.0
 42
-30.0
 43
30.0
 50
89.99805555555557
  0
INSERT
  5
5441
330
5CD4
100
AcDbEntity
  8
TXTBOU3
100
AcDbBlockReference
  2
PCOR
 10
417.3688967103275
 20
119.107749982357
 30
0.0
 41
30.0
 42
30.0
 43
30.0
 50
359.9980555555556
  0
INSERT
  5
5442
330
5CD4
100
AcDbEntity
  8
TXTBOU3
100
AcDbBlockReference
  2
PCOR
 10
492.1163985808738
 20
119.4321752475786
 30
0.0
 41
30.0
 42
-30.0
 43
30.0
 50
179.9980555555555
  0
INSERT
  5
5443
330
5CD4
100
AcDbEntity
  8
TXTBOU3
100
AcDbBlockReference
  2
PCOR
 10
392.116398635563
 20
94.85548332479169
 30
0.0
 41
30.0
 42
-30.0
 43
30.0
 50
269.9980555555556
  0
INSERT
  5
5444
330
5CD4
100
AcDbEntity
  8
TXTBOU3
100
AcDbBlockReference
  2
PCOR
 10
392.1114211760914
 20
-31.06451738807152
 30
0.0
 41
30.0
 42
30.0
 43
30.0
 50
89.99805555555557
  0
INSERT
  5
5445
330
5CD4
100
AcDbEntity
  8
TXTBOU3
100
AcDbBlockReference
  2
PCOR
 10
492.111432145674
 20
-30.73449133696111
 30
0.0
 41
30.0
 42
30.0
 43
30.0
 50
180.1891666666667
  0
INSERT
  5
5446
330
5CD4
100
AcDbEntity
  8
TXTBOU3
100
AcDbBlockReference
  2
PCOR
 10
392.1114211760925
 20
-31.06451738807151
 30
0.0
 41
30.0
 42
-30.0
 43
30.0
 50
0.1891666666666666
  0
INSERT
  5
5447
330
5CD4
100
AcDbEntity
  8
TREES
100
AcDbBlockReference
  2
CG-T33
 10
395.8321787271616
 20
92.54592603061622
 30
0.0
 41
50.0
 42
50.0
 43
50.0
  0
INSERT
  5
5448
330
5CD4
100
AcDbEntity
  8
TREES
100
AcDbBlockReference
  2
CG-T33
 10
480.4336209362306
 20
102.5966571838417
 30
0.0
 41
50.0
 42
50.0
 43
50.0
  0
INSERT
  5
544A
330
5CD4
100
AcDbEntity
  8
TREES
100
AcDbBlockReference
  2
CG-T33
 10
399.9735085267071
 20
42.88349393333202
 30
0.0
 41
50.0
 42
50.0
 43
50.0
  0
LINE
  5
563B
330
5CD4
100
AcDbEntity
  8
LINLEGAL
 62
     3
100
AcDbLine
 10
524.9690460135444
 20
-30.62605266331914
 30
0.0
 11
492.1114321456751
 21
-30.7344913369611
 31
0.0
  0
TEXT
  5
5646
330
5CD4
100
AcDbEntity
  8
SUBNAME
100
AcDbText
 10
647.3755448700439
 20
251.4573765791675
 30
0.0
 40
6.0
  1
ARNOULD HEIGHTS, EXT. NO. 1
  7
I
 72
     1
 11
726.8041162986153
 21
251.4573765791675
 31
0.0
100
AcDbText
  0
TEXT
  5
5647
330
5CD4
100
AcDbEntity
  8
SUBNAME
100
AcDbText
 10
701.4852831184928
 20
348.2652935554189
 30
0.0
 40
6.0
  1
ARNOULD HEIGHTS
  7
I
100
AcDbText
  0
INSERT
  5
564A
330
5CD4
100
AcDbEntity
  8
TEXTL
100
AcDbBlockReference
  2
IP
 10
492.1163985808724
 20
119.4321752475786
 30
0.0
 41
20.0
 42
20.0
 43
20.0
  0
INSERT
  5
564B
330
5CD4
100
AcDbEntity
  8
TEXTL
100
AcDbBlockReference
  2
IP
 10
392.1114211760914
 20
-31.06451738807152
 30
0.0
 41
20.0
 42
20.0
 43
20.0
  0
INSERT
  5
564C
330
5CD4
100
AcDbEntity
  8
TEXTL
100
AcDbBlockReference
  2
IP
 10
492.1114321456743
 20
-30.73449133696111
 30
0.0
 41
20.0
 42
20.0
 43
20.0
  0
ARC
  5
5657
102
{ACAD_REACTORS
330
5E18
102
}
330
5CD4
100
AcDbEntity
  8
LINLEG3
100
AcDbCircle
 10
417.1155718013801
 20
94.43465572278166
 30
0.0
 40
25.0
100
AcDbArc
 50
89.99810506697378
 51
179.9981050669736
1001
CIVIL_DRAFT
1070
   100
1000
length above, radius below
1070
   211
1070
     0
1070
   212
1070
     0
1070
   213
1070
     1
1070
   214
1070
     0
1070
   215
1070
     0
1070
   311
1040
0.0
1070
   312
1040
0.0
1070
   313
1040
0.0
1070
  1411
1005
0
1070
  1412
1005
720C
1070
  1413
1005
0
1070
  1414
1005
0
1070
  1415
1005
0
1070
  1011
1042
30.0
  0
LINE
  5
5683
330
5CD4
100
AcDbEntity
  8
EASEMENT
 48
0.5
100
AcDbLine
 10
492.0784297239092
 20
-20.73454579510151
 30
0.0
 11
392.0784187543277
 21
-21.06457184621191
 31
0.0
  0
LINE
  5
56A2
330
5CD4
100
AcDbEntity
  8
LINLEG2
100
AcDbLine
 10
998.7536420735954
 20
459.6586158856131
 30
0.0
 11
998.7486811505353
 21
309.6586159676443
 31
0.0
  0
LINE
  5
56A3
330
5CD4
100
AcDbEntity
  8
LINLEG2
100
AcDbLine
 10
998.7486811505353
 20
309.6586159676443
 30
0.0
 11
998.7437202274753
 21
159.6586160496798
 31
0.0
  0
ARC
  5
56A8
102
{ACAD_REACTORS
330
5E18
102
}
330
5CD4
100
AcDbEntity
  8
LINLEGAL
100
AcDbCircle
 10
1065.515229824157
 20
189.6564077439403
 30
0.0
 40
30.0
100
AcDbArc
 50
269.9981050669733
 51
2.917206443497125
1001
CIVIL_DRAFT
1070
   100
1000
length above, radius below
1070
   211
1070
     0
1070
   212
1070
     0
1070
   213
1070
     1
1070
   214
1070
     0
1070
   215
1070
     0
1070
   311
1040
0.0
1070
   312
1040
0.0
1070
   313
1040
0.0
1070
  1411
1005
0
1070
  1412
1005
719C
1070
  1413
1005
0
1070
  1414
1005
0
1070
  1415
1005
0
1070
  1011
1042
30.0
  0
LINE
  5
56D1
330
5CD4
100
AcDbEntity
  8
LINLEGAL
100
AcDbLine
 10
973.8755102109732
 20
459.6594386755987
 30
0.0
 11
973.8722029289332
 21
359.6594387302893
 31
0.0
  0
LINE
  5
56D2
330
5CD4
100
AcDbEntity
  8
LINLEGAL
100
AcDbLine
 10
973.8722029289346
 20
359.6594387302874
 30
0.0
 11
1094.480400296757
 21
359.6554498770357
 31
0.0
  0
TEXT
  5
56FA
330
5CD4
100
AcDbEntity
  8
TXTBOUDIM
100
AcDbText
 10
1009.461945535896
 20
344.153830298817
 30
0.0
 40
4.2
  1
S38%%d32'00"E
 50
359.9980555555556
  7
L140
 72
     1
 11
1027.962016792853
 21
346.2532024638908
 31
0.0
100
AcDbText
 73
     2
  0
TEXT
  5
56FB
330
5CD4
100
AcDbEntity
  8
TXTBOUDIM
100
AcDbText
 10
997.840807290643
 20
352.2602953095057
 30
0.0
 40
4.2
  1
120.61'     (Call 125.0')
 50
359.9980555555556
  7
L140
 72
     4
 11
1037.540868354305
 21
354.0589480112496
 31
0.0
100
AcDbText
  0
TEXT
  5
56FC
330
5CD4
100
AcDbEntity
  8
TXTBOUDIM
100
AcDbText
 10
975.6958790247661
 20
444.2112323345623
 30
0.0
 40
4.2
  1
S51%%d28'00"W  100.00'
 50
269.9980555555555
  7
L140
 72
     1
 11
977.7947319543875
 21
410.4111610864152
 31
0.0
100
AcDbText
 73
     2
  0
LINE
  5
570A
330
5CD4
100
AcDbEntity
  8
EASEMENT
 48
0.5
100
AcDbLine
 10
423.7440512701497
 20
169.6776329159466
 30
0.0
 11
1065.514568367749
 21
169.6564077548785
 31
0.0
  0
ARC
  5
5716
330
5CD4
100
AcDbEntity
  8
EASEMENT
 48
0.5
100
AcDbCircle
 10
423.7445473624558
 20
184.677632907743
 30
0.0
 40
15.0
100
AcDbArc
 50
179.9981050669741
 51
269.9981050669736
  0
ARC
  5
5717
330
5CD4
100
AcDbEntity
  8
EASEMENT
 48
0.5
100
AcDbCircle
 10
1065.515229824157
 20
189.6564077439403
 30
0.0
 40
20.0
100
AcDbArc
 50
269.9981050669738
 51
2.917206443496827
  0
DIMENSION
  5
576F
330
5CD4
100
AcDbEntity
  8
TXTMISC
100
AcDbDimension
  2
*D30
 10
1043.567915107286
 20
159.6571335871317
 30
0.0
 11
1041.59684553498
 21
170.5119743994715
 31
0.0
 70
    33
  1
21.71'
  3
STANDARD
100
AcDbAlignedDimension
 13
1043.568633103375
 23
181.3666848104053
 33
0.0
 14
1043.567915107286
 24
159.6571335871317
 34
0.0
1001
ACAD
1000
DSTYLE
1002
{
1070
   287
1070
     5
1070
   279
1070
     2
1070
    78
1070
     7
1070
   284
1070
     7
1070
   140
1040
0.06
1070
   340
1005
5D14
1070
    74
1070
     0
1070
   174
1070
     1
1070
    73
1070
     0
1070
   272
1070
     2
1070
    77
1070
     1
1070
    76
1070
     1
1070
    75
1070
     1
1070
    40
1040
30.0
1070
     3
1000
'
1070
   147
1040
0.03
1070
    42
1040
0.0
1070
   271
1070
     2
1070
     7
1000
ARROW5
1070
     6
1000
ARROW5
1070
   275
1070
     1
1070
    41
1040
0.06
1070
     4
1000
m
1070
   285
1070
     7
1070
   286
1070
     7
1070
   143
1040
0.3048
1002
}
  0
DIMENSION
  5
577A
330
5CD4
100
AcDbEntity
  8
TXTMISC
100
AcDbDimension
  2
*D32
 10
636.77506387266
 20
159.670587374052
 30
0.0
 11
634.8039450996255
 21
169.0377797771931
 31
0.0
 70
    33
  1
18.73'
  3
STANDARD
100
AcDbAlignedDimension
 13
636.7756834672916
 23
178.4048417789281
 33
0.0
 14
636.77506387266
 24
159.670587374052
 34
0.0
1001
ACAD
1000
DSTYLE
1002
{
1070
   287
1070
     5
1070
   279
1070
     2
1070
    78
1070
     7
1070
   284
1070
     7
1070
   140
1040
0.06
1070
   340
1005
5D14
1070
    74
1070
     0
1070
   174
1070
     1
1070
    73
1070
     0
1070
   272
1070
     2
1070
    77
1070
     1
1070
    76
1070
     1
1070
    75
1070
     1
1070
    40
1040
30.0
1070
     3
1000
'
1070
   147
1040
0.03
1070
    42
1040
0.0
1070
   271
1070
     2
1070
     7
1000
ARROW5
1070
     6
1000
ARROW5
1070
   275
1070
     1
1070
    41
1040
0.06
1070
     4
1000
m
1070
   285
1070
     7
1070
   286
1070
     7
1070
   143
1040
0.3048
1002
}
  0
LINE
  5
577B
330
5CD4
100
AcDbEntity
  8
LINLEGAL
100
AcDbLine
 10
998.7437202274753
 20
159.6586160496798
 30
0.0
 11
1065.51424400358
 21
159.656407760137
 31
0.0
  0
LINE
  5
57FA
330
5CD4
100
AcDbEntity
  8
PROPLINE_DIVIDE
100
AcDbLine
 10
630.6149992731507
 20
159.6707911047611
 30
0.0
 11
630.6189247481909
 21
278.3626652509385
 31
0.0
  0
LINE
  5
57FB
330
5CD4
100
AcDbEntity
  8
PROPLINE_DIVIDE
100
AcDbLine
 10
630.6189247481931
 20
278.3626652509385
 30
0.0
 11
611.725269709183
 21
278.3632901173988
 31
0.0
  0
LINE
  5
57FC
330
5CD4
100
AcDbEntity
  8
PROPLINE_DIVIDE
100
AcDbLine
 10
611.7312660802645
 20
459.6714158071514
 30
0.0
 11
611.725269709183
 21
278.3632901173988
 31
0.0
  0
LINE
  5
580A
330
5CD4
100
AcDbEntity
  8
LINLEGAL
100
AcDbLine
 10
611.7312660802654
 20
459.6714158071529
 30
0.0
 11
698.7536422376678
 21
459.6685377317332
 31
0.0
  0
LINE
  5
5814
330
5CD4
100
AcDbEntity
  8
LINLEG2
100
AcDbLine
 10
611.7263051572048
 20
309.6714158891867
 30
0.0
 11
698.7486813146072
 21
309.668537813767
 31
0.0
  0
LINE
  5
581B
330
5CD4
100
AcDbEntity
  8
LINLEGAL
100
AcDbLine
 10
598.7437204462377
 20
159.6718451778439
 30
0.0
 11
630.6149992731521
 21
159.6707911047624
 31
0.0
  0
LINE
  5
581C
330
5CD4
100
AcDbEntity
  8
LINLEGAL
100
AcDbLine
 10
630.6149992731521
 20
159.6707911047624
 30
0.0
 11
698.7437203915473
 21
159.6685378958028
 31
0.0
  0
LINE
  5
581D
330
5CD4
100
AcDbEntity
  8
LINLEGAL
100
AcDbLine
 10
698.7437203915473
 20
159.6685378958028
 30
0.0
 11
998.7437202274753
 21
159.6586160496798
 31
0.0
  0
TEXT
  5
5824
330
5CD4
100
AcDbEntity
  8
BEARING_DIVIDE
100
AcDbText
 10
617.7319186567703
 20
320.5984799009424
 30
0.0
 40
4.199999999999998
  1
S51%%d28'00"W
 50
89.99805555555557
  7
L140
 72
     1
 11
615.6325566727837
 21
339.3985511577274
 31
0.0
100
AcDbText
 73
     2
  0
TEXT
  5
5825
330
5CD4
100
AcDbEntity
  8
BEARING_DIVIDE
100
AcDbText
 10
617.9537888608685
 20
389.2351835865612
 30
0.0
 40
4.199999999999998
  1
181.31'
 50
89.99805555555557
  7
L140
 72
     1
 11
615.8541282316545
 21
399.2352548484138
 31
0.0
100
AcDbText
 73
     2
  0
TEXT
  5
5826
330
5CD4
100
AcDbEntity
  8
BEARING_DIVIDE
100
AcDbText
 10
614.6193922720944
 20
287.6462133759609
 30
0.0
 40
4.199999999999998
  1
S38%%d32'00"E
 50
359.9980555555556
  7
L140
 72
     1
 11
633.1194635290522
 21
289.7455855410346
 31
0.0
100
AcDbText
 73
     2
  0
TEXT
  5
5827
330
5CD4
100
AcDbEntity
  8
BEARING_DIVIDE
100
AcDbText
 10
616.6387843758641
 20
280.4458841914092
 30
0.0
 40
4.199999999999998
  1
18.89'
 50
359.9980555555556
  7
L140
 72
     1
 11
625.4388556384077
 21
282.5455855449724
 31
0.0
100
AcDbText
 73
     2
  0
TEXT
  5
582A
330
5CD4
100
AcDbEntity
  8
BEARING_DIVIDE
100
AcDbText
 10
629.1867287129214
 20
186.715550752985
 30
0.0
 40
4.199999999999998
  1
S51%%d28'00"W
 50
89.99805555555557
  7
L140
 72
     1
 11
627.0873667289349
 21
205.51562200977
 31
0.0
100
AcDbText
 73
     2
  0
TEXT
  5
582B
330
5CD4
100
AcDbEntity
  8
BEARING_DIVIDE
100
AcDbText
 10
628.7616393693758
 20
230.151728276207
 30
0.0
 40
4.199999999999998
  1
118.69'
 50
89.99805555555557
  7
L140
 72
     1
 11
626.6619923149448
 21
240.5517995378292
 31
0.0
100
AcDbText
 73
     2
  0
INSERT
  5
582E
330
5CD4
100
AcDbEntity
  8
TEXTL
100
AcDbBlockReference
  2
IP
 10
630.6149992731507
 20
159.6707911047611
 30
0.0
 41
30.0
 42
30.0
 43
30.0
  0
INSERT
  5
582F
330
5CD4
100
AcDbEntity
  8
TEXTL
100
AcDbBlockReference
  2
IP
 10
611.7312660802645
 20
459.6714158071514
 30
0.0
 41
30.0
 42
30.0
 43
30.0
  0
LINE
  5
583A
330
5CD4
100
AcDbEntity
  8
LINLEGAL
100
AcDbLine
 10
423.7536370568656
 20
459.6776327575201
 30
0.0
 11
498.7536423470481
 21
459.6751522958141
 31
0.0
  0
INSERT
  5
583C
330
5CD4
100
AcDbEntity
  8
TEXTL
100
AcDbBlockReference
  2
IP
 10
423.7536370568656
 20
459.6776327575201
 30
0.0
 41
30.0
 42
30.0
 43
30.0
  0
INSERT
  5
583D
330
5CD4
100
AcDbEntity
  8
TEXTL
100
AcDbBlockReference
  2
IP
 10
398.7528155815214
 20
434.6784684423624
 30
0.0
 41
30.0
 42
30.0
 43
30.0
  0
LINE
  5
583E
330
5CD4
100
AcDbEntity
  8
LINLEGAL
100
AcDbLine
 10
398.744547375924
 20
184.6784535483107
 30
0.0
 11
398.7486814786785
 21
309.6784596598894
 31
0.0
  0
LINE
  5
583F
330
5CD4
100
AcDbEntity
  8
LINLEGAL
100
AcDbLine
 10
423.7437123585104
 20
159.677632921686
 30
0.0
 11
498.7437205009279
 21
159.6751524598849
 31
0.0
  0
INSERT
  5
5840
330
5CD4
100
AcDbEntity
  8
TEXTL
100
AcDbBlockReference
  2
IP
 10
398.7445473761285
 20
184.6784597282527
 30
0.0
 41
30.0
 42
30.0
 43
30.0
  0
INSERT
  5
5841
330
5CD4
100
AcDbEntity
  8
TEXTL
100
AcDbBlockReference
  2
IP
 10
423.7437205419457
 20
159.6776329214153
 30
0.0
 41
30.0
 42
30.0
 43
30.0
  0
INSERT
  5
5844
330
5CD4
100
AcDbEntity
  8
TEXTL
100
AcDbBlockReference
  2
IP
 10
1095.476353383043
 20
191.1831936127523
 30
0.0
 41
30.0
 42
30.0
 43
30.0
  0
INSERT
  5
5845
330
5CD4
100
AcDbEntity
  8
TEXTL
100
AcDbBlockReference
  2
IP
 10
1065.51424400358
 20
159.656407760137
 30
0.0
 41
30.0
 42
30.0
 43
30.0
  0
LINE
  5
5847
330
5CD4
100
AcDbEntity
  8
LINLEGAL
 62
     3
100
AcDbLine
 10
998.7536420735967
 20
459.6586158856111
 30
0.0
 11
1068.446413869148
 21
459.6563109490846
 31
0.0
  0
ARC
  5
5849
102
{ACAD_REACTORS
330
5E18
102
}
330
5CD4
100
AcDbEntity
  8
LINLEGAL
 62
     3
100
AcDbCircle
 10
2965.493260435983
 20
286.4771962731375
 30
0.0
 40
1872.443371535407
100
AcDbArc
 50
175.6838015258554
 51
177.7602136250882
1001
CIVIL_DRAFT
1070
   100
1000
length above, radius below
1070
   211
1070
     0
1070
   212
1070
     0
1070
   213
1070
     1
1070
   214
1070
     0
1070
   215
1070
     0
1070
   311
1040
0.0
1070
   312
1040
0.0
1070
   313
1040
0.0
1070
  1411
1005
0
1070
  1412
1005
0
1070
  1413
1005
0
1070
  1414
1005
0
1070
  1415
1005
0
1070
  1011
1042
30.0
  0
INSERT
  5
584C
330
5CD4
100
AcDbEntity
  8
TEXTL
100
AcDbBlockReference
  2
IP
 10
1094.480400296757
 20
359.6554498770356
 30
0.0
 41
30.0
 42
30.0
 43
30.0
  0
INSERT
  5
584D
330
5CD4
100
AcDbEntity
  8
TEXTL
100
AcDbBlockReference
  2
IP
 10
973.8722029289332
 20
359.6594387302893
 30
0.0
 41
30.0
 42
30.0
 43
30.0
  0
INSERT
  5
584E
330
5CD4
100
AcDbEntity
  8
TEXTL
100
AcDbBlockReference
  2
IP
 10
973.8755102109747
 20
459.6594386755987
 30
0.0
 41
30.0
 42
30.0
 43
30.0
  0
INSERT
  5
5892
330
5CD4
100
AcDbEntity
  8
TXTBOUDIM
100
AcDbBlockReference
  2
PCOR
 10
973.8755102109732
 20
459.6594386755987
 30
0.0
 41
30.0
 42
30.0
 43
30.0
 50
269.9980555555556
  0
INSERT
  5
5893
330
5CD4
100
AcDbEntity
  8
TXTBOUDIM
100
AcDbBlockReference
  2
PCOR
 10
973.8722029289332
 20
359.6594387302893
 30
0.0
 41
30.0
 42
-30.0
 43
30.0
 50
89.99805555555557
  0
INSERT
  5
5894
330
5CD4
100
AcDbEntity
  8
TXTBOUDIM
100
AcDbBlockReference
  2
PCOR
 10
973.8722029289346
 20
359.6594387302874
 30
0.0
 41
30.0
 42
-30.0
 43
30.0
 50
359.9980555555556
  0
INSERT
  5
5895
330
5CD4
100
AcDbEntity
  8
TXTBOUDIM
100
AcDbBlockReference
  2
PCOR
 10
1094.480400296757
 20
359.6554498770357
 30
0.0
 41
30.0
 42
30.0
 43
30.0
 50
179.9980555555555
  0
INSERT
  5
58AA
330
5CD4
100
AcDbEntity
  8
TXTBOUDIM
100
AcDbBlockReference
  2
PCOR
 10
1094.480400296757
 20
359.6554498770356
 30
0.0
 41
30.0
 42
30.0
 43
30.0
 50
270.3386111111111
  0
INSERT
  5
58AB
330
5CD4
100
AcDbEntity
  8
TXTBOUDIM
100
AcDbBlockReference
  2
PCOR
 10
1095.476353383043
 20
191.1831936127523
 30
0.0
 41
30.0
 42
-30.0
 43
30.0
 50
90.3386111111111
  0
INSERT
  5
58D8
330
5CD4
100
AcDbEntity
  8
TXTBOUDIM
100
AcDbBlockReference
  2
PCOR
 10
611.6806030361146
 20
459.386582479346
 30
0.0
 41
30.0
 42
30.0
 43
30.0
 50
359.9980555555556
  0
INSERT
  5
58D9
330
5CD4
100
AcDbEntity
  8
TXTBOUDIM
100
AcDbBlockReference
  2
PCOR
 10
612.0692184711347
 20
459.3516872468056
 30
0.0
 41
30.0
 42
-30.0
 43
30.0
 50
179.9980555555555
  0
INSERT
  5
58DA
330
5CD4
100
AcDbEntity
  8
BEARING_DIVIDE
100
AcDbBlockReference
  2
PCOR
 10
611.7312660802645
 20
459.6714158071514
 30
0.0
 41
30.0
 42
30.0
 43
30.0
 50
269.9980555555556
  0
INSERT
  5
58DB
330
5CD4
100
AcDbEntity
  8
BEARING_DIVIDE
100
AcDbBlockReference
  2
PCOR
 10
611.725269709183
 20
278.3632901173988
 30
0.0
 41
30.0
 42
-30.0
 43
30.0
 50
89.99805555555557
  0
INSERT
  5
58DC
330
5CD4
100
AcDbEntity
  8
BEARING_DIVIDE
100
AcDbBlockReference
  2
PCOR
 10
630.6149992731507
 20
159.6707911047611
 30
0.0
 41
30.0
 42
30.0
 43
30.0
 50
89.99805555555557
  0
INSERT
  5
58DD
330
5CD4
100
AcDbEntity
  8
BEARING_DIVIDE
100
AcDbBlockReference
  2
PCOR
 10
630.6189247481909
 20
278.3626652509385
 30
0.0
 41
30.0
 42
-30.0
 43
30.0
 50
269.9980555555556
  0
TEXT
  5
58DE
330
5CD4
100
AcDbEntity
  8
TXTBOUDIM
100
AcDbText
 10
447.098058228464
 20
467.31994125798
 30
0.0
 40
4.2
  1
S38%%d32'00"E
 50
359.9980555555556
  7
L140
 72
     1
 11
465.5981294854218
 21
469.4193134230537
 31
0.0
100
AcDbText
 73
     2
  0
TEXT
  5
58DF
330
5CD4
100
AcDbEntity
  8
TXTBOUDIM
100
AcDbText
 10
577.2094241908004
 20
466.7443978092715
 30
0.0
 40
4.2
  1
187.98'
 50
359.9980555555556
  7
L140
 72
     1
 11
588.0094954521923
 21
468.8440312889193
 31
0.0
100
AcDbText
 73
     2
  0
TEXT
  5
58E2
330
5CD4
100
AcDbEntity
  8
TXTBOUDIM
100
AcDbText
 10
712.5364971970498
 20
467.9950341506471
 30
0.0
 40
4.2
  1
S38%%d32'00"E
 50
359.9980555555556
  7
L140
 72
     1
 11
731.0365684540076
 21
470.0944063157209
 31
0.0
100
AcDbText
 73
     2
  0
TEXT
  5
58E3
330
5CD4
100
AcDbEntity
  8
TXTBOUDIM
100
AcDbText
 10
841.0971004984726
 20
467.0436278645994
 30
0.0
 40
4.2
  1
362.14'
 50
359.9980555555556
  7
L140
 72
     1
 11
851.8971717598645
 21
469.1432613442472
 31
0.0
100
AcDbText
 73
     2
  0
TEXT
  5
58E4
330
5CD4
100
AcDbEntity
  8
TXTBOUDIM
100
AcDbText
 10
756.18120650147
 20
151.7303191261747
 30
0.0
 40
4.2
  1
N38%%d32'00"W
 50
359.9980555555556
  7
L140
 72
     1
 11
775.5812777579094
 21
153.8296607479866
 31
0.0
100
AcDbText
 73
     2
  0
TEXT
  5
58E5
330
5CD4
100
AcDbEntity
  8
TXTBOUDIM
100
AcDbText
 10
908.4913732790124
 20
150.8695761144063
 30
0.0
 40
4.2
  1
434.90'
 50
359.9980555555556
  7
L140
 72
     1
 11
919.6914445401738
 21
152.9691960192711
 31
0.0
100
AcDbText
 73
     2
  0
INSERT
  5
58E6
330
5CD4
100
AcDbEntity
  8
TXTBOUDIM
100
AcDbBlockReference
  2
PCOR
 10
630.6149992731521
 20
159.6707911047624
 30
0.0
 41
30.0
 42
-30.0
 43
30.0
 50
359.9980555555556
  0
INSERT
  5
58E7
330
5CD4
100
AcDbEntity
  8
TXTBOUDIM
100
AcDbBlockReference
  2
PCOR
 10
630.0239942741279
 20
158.8606157909961
 30
0.0
 41
30.0
 42
30.0
 43
30.0
 50
179.9980555555555
  0
TEXT
  5
58E8
330
5CD4
100
AcDbEntity
  8
TXTBOUDIM
100
AcDbText
 10
468.6220476407624
 20
152.6717756284995
 30
0.0
 40
4.2
  1
N38%%d32'00"W
 50
359.9980555555556
  7
L140
 72
     1
 11
488.0221188972019
 21
154.7711172503114
 31
0.0
100
AcDbText
 73
     2
  0
TEXT
  5
58E9
330
5CD4
100
AcDbEntity
  8
TXTBOUDIM
100
AcDbText
 10
570.3440481297846
 20
151.8899839971828
 30
0.0
 40
4.2
  1
206.87'
 50
359.9980555555556
  7
L140
 72
     1
 11
581.5441193909461
 21
153.9896039020476
 31
0.0
100
AcDbText
 73
     2
  0
LINE
  5
58EA
330
5CD4
100
AcDbEntity
  8
LINLEG3
100
AcDbLine
 10
417.1163944072067
 20
119.4346557092484
 30
0.0
 11
492.1163985808738
 21
119.4321752475786
 31
0.0
  0
LINE
  5
58EB
330
5CD4
100
AcDbEntity
  8
LINLEG3
100
AcDbLine
 10
392.1155718151151
 20
94.43548442815627
 30
0.0
 11
392.1114211760914
 21
-31.06451738807152
 31
0.0
  0
TEXT
  5
58EC
330
5CD4
100
AcDbEntity
  8
TXTBOUDIM
100
AcDbText
 10
436.1164616624667
 20
121.4590433110837
 30
0.0
 40
4.2
  1
S38%%d32'00"E
 50
359.9980555555556
  7
L140
 72
     1
 11
454.6165329194245
 21
123.5584154761575
 31
0.0
100
AcDbText
 73
     2
  0
TEXT
  5
58ED
330
5CD4
100
AcDbEntity
  8
TXTBOUDIM
100
AcDbText
 10
445.4161888063428
 20
113.2087277018893
 30
0.0
 40
4.2
  1
75.00'
 50
359.9980555555556
  7
L140
 72
     1
 11
454.6162600686561
 21
115.3084154806695
 31
0.0
100
AcDbText
 73
     2
  0
INSERT
  5
58EE
330
5CD4
100
AcDbEntity
  8
TEXTL
100
AcDbBlockReference
  2
IP
 10
417.1163944072067
 20
119.4346557092484
 30
0.0
 41
30.0
 42
30.0
 43
30.0
  0
INSERT
  5
58EF
330
5CD4
100
AcDbEntity
  8
TEXTL
100
AcDbBlockReference
  2
IP
 10
392.1155718151151
 20
94.43548442815627
 30
0.0
 41
30.0
 42
30.0
 43
30.0
  0
TEXT
  5
58FA
330
5CD4
100
AcDbEntity
  8
TXTBOU3
100
AcDbText
 10
390.3216315063211
 20
-5.531571330688246
 30
0.0
 40
4.199999999999998
  1
N51%%d28'00"E
 50
89.99805555555557
  7
L140
 72
     1
 11
388.2222525538558
 21
12.76849992638464
 31
0.0
100
AcDbText
 73
     2
  0
TEXT
  5
58FB
330
5CD4
100
AcDbEntity
  8
TXTBOU3
100
AcDbText
 10
389.6673602035986
 20
47.40682992924567
 30
0.0
 40
4.2
  1
125.50'
 50
89.99805555555557
  7
L140
 72
     1
 11
387.5677267239508
 21
58.20690119063751
 31
0.0
100
AcDbText
 73
     2
  0
ARC
  5
5939
330
5CD4
100
AcDbEntity
  8
TRAVLAN
  6
CONTINUOUS
100
AcDbCircle
 10
2947.86785918794
 20
283.4124258148524
 30
0.0
 40
1829.997038391742
100
AcDbArc
 50
174.6397643302324
 51
177.5517067801715
  0
ARC
  5
593A
330
5CD4
100
AcDbEntity
  8
TRAVLAN
  6
CONTINUOUS
100
AcDbCircle
 10
2947.86785918794
 20
283.4124258148524
 30
0.0
 40
1829.997038391742
100
AcDbArc
 50
177.8005855901397
 51
184.5253710931822
  0
TEXT
  5
5953
330
5CD4
100
AcDbEntity
  8
TENANT_TXT
 62
     3
100
AcDbText
 10
1016.869182782129
 20
416.1624245868273
 30
0.0
 40
1.8
  1
Whitney National Bank
 50
45.0
  7
L60
100
AcDbText
  0
ARC
  5
5955
330
5CD4
100
AcDbEntity
  8
EASEMENT
 48
0.5
100
AcDbCircle
 10
2965.493260435983
 20
286.4771962731375
 30
0.0
 40
1882.443371535407
100
AcDbArc
 50
177.7721078532303
 51
179.7091346766704
  0
POINT
  5
5BE2
330
5CD4
100
AcDbEntity
  8
DEFPOINTS
  6
BYBLOCK
 62
     0
100
AcDbPoint
 10
1101.075510141406
 20
459.6552318128429
 30
0.0
  0
POINT
  5
5BEA
330
5CD4
100
AcDbEntity
  8
DEFPOINTS
  6
BYBLOCK
 62
     0
100
AcDbPoint
 10
1094.480400296757
 20
359.6554498770357
 30
0.0
  0
LINE
  5
5E60
330
5CD4
100
AcDbEntity
  8
LINBLDG
100
AcDbLine
 10
1043.545511539422
 20
240.0686367864842
 30
0.0
 11
1046.845511283438
 21
240.0699365925819
 31
0.0
  0
LINE
  5
5E62
330
5CD4
100
AcDbEntity
  8
LINBLDG
100
AcDbLine
 10
1046.845511283438
 20
240.0699365925819
 30
0.0
 11
1046.84586577601
 21
239.1699366623958
 31
0.0
  0
LINE
  5
5E63
330
5CD4
100
AcDbEntity
  8
LINBLDG
100
AcDbLine
 10
1046.84586577601
 20
239.1699366623958
 30
0.0
 11
1048.330790016501
 21
237.685012421904
 31
0.0
  0
LINE
  5
5E65
330
5CD4
100
AcDbEntity
  8
LINBLDG
100
AcDbLine
 10
1043.550159330923
 20
228.2686377018217
 30
0.0
 11
1046.850159074939
 21
228.2699375079195
 31
0.0
  0
LINE
  5
5E66
330
5CD4
100
AcDbEntity
  8
LINBLDG
100
AcDbLine
 10
1046.850513567511
 20
229.1699374381056
 30
0.0
 11
1048.335437808003
 21
230.6548616785974
 31
0.0
  0
LINE
  5
5E67
330
5CD4
100
AcDbEntity
  8
LINBLDG
100
AcDbLine
 10
1046.850159074939
 20
228.2699375079195
 30
0.0
 11
1046.850513567511
 21
229.1699374381056
 31
0.0
  0
LINE
  5
5E68
330
5CD4
100
AcDbEntity
  8
LINBLDG
100
AcDbLine
 10
1048.330790016501
 20
237.685012421904
 30
0.0
 11
1048.335437808003
 21
230.6548616785974
 31
0.0
  0
LINE
  5
5E69
330
5CD4
100
AcDbEntity
  8
LINBLDG
100
AcDbLine
 10
1043.552916495373
 20
221.2686382448186
 30
0.0
 11
1046.852916239389
 21
221.2699380509164
 31
0.0
  0
LINE
  5
5E70
330
5CD4
100
AcDbEntity
  8
LINBLDG
100
AcDbLine
 10
1043.557564286874
 20
209.4686391601562
 30
0.0
 11
1046.85756403089
 21
209.4699389662539
 31
0.0
  0
LINE
  5
5E71
330
5CD4
100
AcDbEntity
  8
LINBLDG
100
AcDbLine
 10
1048.338194972452
 20
218.8850138802385
 30
0.0
 11
1048.342842763954
 21
211.8548631369318
 31
0.0
  0
LINE
  5
5E72
330
5CD4
100
AcDbEntity
  8
LINBLDG
100
AcDbLine
 10
1046.857918523462
 20
210.3699388964401
 30
0.0
 11
1048.342842763954
 21
211.8548631369318
 31
0.0
  0
LINE
  5
5E73
330
5CD4
100
AcDbEntity
  8
LINBLDG
100
AcDbLine
 10
1046.85756403089
 20
209.4699389662539
 30
0.0
 11
1046.857918523462
 21
210.3699388964401
 31
0.0
  0
LINE
  5
5E74
330
5CD4
100
AcDbEntity
  8
LINBLDG
100
AcDbLine
 10
1046.853270731961
 20
220.3699381207302
 30
0.0
 11
1048.338194972452
 21
218.8850138802385
 31
0.0
  0
LINE
  5
5E75
330
5CD4
100
AcDbEntity
  8
LINBLDG
100
AcDbLine
 10
1046.852916239389
 20
221.2699380509164
 30
0.0
 11
1046.853270731961
 21
220.3699381207303
 31
0.0
  0
LINE
  5
5E76
330
5CD4
100
AcDbEntity
  8
LINBLDG
100
AcDbLine
 10
1002.311732415981
 20
172.466067033137
 30
0.0
 11
1039.416394683486
 21
172.736224580043
 31
0.0
  0
LINE
  5
5E77
330
5CD4
100
AcDbEntity
  8
LINBLDG
100
AcDbLine
 10
1043.405067882073
 20
172.7652659484557
 30
0.0
 11
1051.401052760959
 21
172.8234843913135
 31
0.0
  0
LINE
  5
5E78
330
5CD4
100
AcDbEntity
  8
LINBLDG
100
AcDbLine
 10
1043.564536647617
 20
191.7669306449611
 30
0.0
 11
1051.393568851401
 21
191.8239335121365
 31
0.0
  0
LINE
  5
5E7B
330
5CD4
100
AcDbEntity
  8
LINBLDG
100
AcDbLine
 10
630.910477409975
 20
178.3621374505847
 30
0.0
 11
522.4898584259327
 21
178.3621374505847
 31
0.0
  0
LINE
  5
5E7C
330
5CD4
100
AcDbEntity
  8
LINBLDG
100
AcDbLine
 10
630.7248599024559
 20
263.8130509006176
 30
0.0
 11
522.4683801644146
 21
263.8130509006176
 31
0.0
  0
LINE
  5
5E7D
330
5CD4
100
AcDbEntity
  8
LINBLDG
100
AcDbLine
 10
522.4898584259327
 20
178.3621374505847
 30
0.0
 11
522.4898584259327
 21
263.8130509006177
 31
0.0
  0
LINE
  5
5E86
330
5CD4
100
AcDbEntity
  8
LINBLDG
100
AcDbLine
 10
510.1898584259326
 20
227.6131290907585
 30
0.0
 11
510.1898584259326
 21
436.2631290907585
 31
0.0
  0
LINE
  5
5E87
330
5CD4
100
AcDbEntity
  8
LINBLDG
100
AcDbLine
 10
510.1898584259326
 20
227.6131290907585
 30
0.0
 11
425.689858425933
 21
227.6131290907586
 31
0.0
  0
LINE
  5
5E88
330
5CD4
100
AcDbEntity
  8
LINBLDG
100
AcDbLine
 10
425.6898584259326
 20
227.6131290907586
 30
0.0
 11
425.6898584259326
 21
436.2631290907586
 31
0.0
  0
LINE
  5
5E89
330
5CD4
100
AcDbEntity
  8
LINBLDG
100
AcDbLine
 10
522.4898584259323
 20
436.2631290907585
 30
0.0
 11
425.6898584259326
 21
436.2631290907586
 31
0.0
  0
LINE
  5
5E8A
330
5CD4
100
AcDbEntity
  8
TENANT_TXT
  6
HIDDEN4
 62
     3
100
AcDbLine
 10
510.1898584259326
 20
265.0131290907585
 30
0.0
 11
425.6898584259326
 21
265.0131290907586
 31
0.0
  0
LINE
  5
5E8B
330
5CD4
100
AcDbEntity
  8
TENANT_TXT
  6
HIDDEN4
 62
     3
100
AcDbLine
 10
510.1898584259326
 20
289.3131290907585
 30
0.0
 11
425.6898584259326
 21
289.3131290907586
 31
0.0
  0
TEXT
  5
5E8D
330
5CD4
100
AcDbEntity
  8
TENANT_TXT
100
AcDbText
 10
443.0470633774678
 20
406.069892241256
 30
0.0
 40
4.8
  1
JASON'S DELI
  7
L120
100
AcDbText
  0
TEXT
  5
5E8F
330
5CD4
100
AcDbEntity
  8
TXTMISC
100
AcDbText
 10
457.4616962247538
 20
260.8777758318828
 30
0.0
 40
2.4
  1
Common Wall
  7
L120
100
AcDbText
  0
ARC
  5
5E90
330
5CD4
100
AcDbEntity
  8
TXTMISC
100
AcDbCircle
 10
456.8731633701306
 20
264.8302174179977
 30
0.0
 40
2.741757504716736
100
AcDbArc
 50
175.3703602191728
 51
267.6649924798728
  0
TEXT
  5
5E91
330
5CD4
100
AcDbEntity
  8
TXTMISC
100
AcDbText
 10
457.4616962247538
 20
286.2967022054844
 30
0.0
 40
2.4
  1
Common Wall
  7
L120
100
AcDbText
  0
ARC
  5
5E93
330
5CD4
100
AcDbEntity
  8
TXTMISC
100
AcDbCircle
 10
456.6589925256831
 20
290.1965597373468
 30
0.0
 40
2.671071721583564
100
AcDbArc
 50
199.4499451046928
 51
272.1984710797233
  0
HATCH
  5
5E9B
330
5CD4
100
AcDbEntity
  8
LINBLDG
 62
     1
100
AcDbHatch
 10
0.0
 20
0.0
 30
0.0
210
0.0
220
0.0
230
1.0
  2
U
 70
     0
 71
     0
 91
        2
 92
        1
 93
        4
 72
     1
 10
510.1898584259326
 20
227.6131290907585
 11
425.6898584259326
 21
227.6131290907586
 72
     1
 10
425.6898584259326
 20
227.6131290907586
 11
425.6898584259326
 21
436.2631290907586
 72
     1
 10
425.6898584259326
 20
436.2631290907586
 11
510.1898584259326
 21
436.2631290907585
 72
     1
 10
510.1898584259326
 20
436.2631290907585
 11
510.1898584259326
 21
227.6131290907585
 97
        0
 92
       16
 93
        4
 72
     1
 10
498.1898584259326
 20
239.6131290907586
 11
437.6898584259326
 21
239.6131290907586
 72
     1
 10
437.6898584259326
 20
239.6131290907586
 11
437.6898584259327
 21
424.2631290907586
 72
     1
 10
437.6898584259327
 20
424.2631290907586
 11
498.1898584259326
 21
424.2631290907585
 72
     1
 10
498.1898584259326
 20
424.2631290907585
 11
498.1898584259326
 21
239.6131290907586
 97
        0
 75
     0
 76
     0
 52
45.0
 41
2.5
 77
     0
 78
     1
 53
45.0
 43
0.0
 44
0.0
 45
-1.767766952966369
 46
1.767766952966369
 79
     0
 98
        1
 10
0.0
 20
0.0
  0
LINE
  5
5E9F
330
5CD4
100
AcDbEntity
  8
LINCONC
100
AcDbLine
 10
416.7454051640285
 20
184.6784597282526
 30
0.0
 11
398.7445473761284
 21
184.6784597282526
 31
0.0
  0
LINE
  5
5EA2
330
5CD4
100
AcDbEntity
  8
LINCONC
100
AcDbLine
 10
512.7454051640284
 20
222.6131290907586
 30
0.0
 11
403.7459012038316
 21
222.6131290907587
 31
0.0
  0
LINE
  5
5EA5
330
5CD4
100
AcDbEntity
  8
PARKING
100
AcDbLine
 10
412.7453058979862
 20
204.6131290907587
 30
0.0
 11
412.7459011989095
 21
222.6128314353751
 31
0.0
  0
LINE
  5
5EA6
330
5CD4
100
AcDbEntity
  8
PARKING
100
AcDbLine
 10
421.7453059029084
 20
204.6131290907586
 30
0.0
 11
421.7459011939874
 21
222.6125337799915
 31
0.0
  0
LINE
  5
5EA7
330
5CD4
100
AcDbEntity
  8
PARKING
100
AcDbLine
 10
430.7453059078305
 20
204.6131290907586
 30
0.0
 11
430.7459011890653
 21
222.6122361246078
 31
0.0
  0
LINE
  5
5EA8
330
5CD4
100
AcDbEntity
  8
PARKING
100
AcDbLine
 10
439.7453059127527
 20
204.6131290907586
 30
0.0
 11
439.7459011841431
 21
222.6119384692242
 31
0.0
  0
LINE
  5
5EA9
330
5CD4
100
AcDbEntity
  8
PARKING
100
AcDbLine
 10
448.7453059176748
 20
204.6131290907586
 30
0.0
 11
448.745901179221
 21
222.6116408138406
 31
0.0
  0
LINE
  5
5EAA
330
5CD4
100
AcDbEntity
  8
PARKING
100
AcDbLine
 10
457.7453059225971
 20
204.6131290907586
 30
0.0
 11
457.7459011742989
 21
222.611343158457
 31
0.0
  0
LINE
  5
5EAB
330
5CD4
100
AcDbEntity
  8
PARKING
100
AcDbLine
 10
466.7453059275193
 20
204.6131290907586
 30
0.0
 11
466.7459011693767
 21
222.6110455030734
 31
0.0
  0
LINE
  5
5EAC
330
5CD4
100
AcDbEntity
  8
PARKING
100
AcDbLine
 10
475.7453059324415
 20
204.6131290907586
 30
0.0
 11
475.7459011644546
 21
222.6107478476898
 31
0.0
  0
LINE
  5
5EAD
330
5CD4
100
AcDbEntity
  8
PARKING
100
AcDbLine
 10
484.7453059373636
 20
204.6131290907586
 30
0.0
 11
484.7459011595325
 21
222.6104501923062
 31
0.0
  0
LINE
  5
5EAE
330
5CD4
100
AcDbEntity
  8
LINCONC
100
AcDbLine
 10
493.7454733988209
 20
209.6763965413708
 30
0.0
 11
493.7459011546104
 21
222.6101525369226
 31
0.0
  0
LINE
  5
5EB0
330
5CD4
100
AcDbEntity
  8
LINCONC
100
AcDbLine
 10
512.7454051640284
 20
204.6131290907586
 30
0.0
 11
502.0297637598999
 21
204.6131290907585
 31
0.0
  0
LINE
  5
5EB2
330
5CD4
100
AcDbEntity
  8
LINCONC
100
AcDbLine
 10
400.745407270553
 20
204.6784597282527
 30
0.0
 11
398.745308050998
 21
204.6784597282527
 31
0.0
  0
ARC
  5
5EB3
330
5CD4
100
AcDbEntity
  8
LINCONC
100
AcDbCircle
 10
400.745407270553
 20
207.6784597282527
 30
0.0
 40
3.0
100
AcDbArc
 50
270.0
 51
359.998105066974
  0
LINE
  5
5EB4
330
5CD4
100
AcDbEntity
  8
LINCONC
100
AcDbLine
 10
493.7454051640283
 20
165.6131290907585
 30
0.0
 11
493.7454051640283
 21
159.253264976064
 31
0.0
  0
LINE
  5
5EB5
330
5CD4
100
AcDbEntity
  8
LINCONC
100
AcDbLine
 10
512.7454051640283
 20
215.8436461406125
 30
0.0
 11
512.7454051640284
 21
168.6131290907586
 31
0.0
  0
LINE
  5
5EB6
330
5CD4
100
AcDbEntity
  8
PARKING
100
AcDbLine
 10
512.7454051640284
 20
195.6131290907586
 30
0.0
 11
493.7454051640285
 21
195.6131290907586
 31
0.0
  0
LINE
  5
5EB7
330
5CD4
100
AcDbEntity
  8
PARKING
100
AcDbLine
 10
512.7454051640284
 20
186.6131290907586
 30
0.0
 11
493.7454051640285
 21
186.6131290907586
 31
0.0
  0
LINE
  5
5EB8
330
5CD4
100
AcDbEntity
  8
PARKING
100
AcDbLine
 10
512.7454051640284
 20
177.6131290907586
 30
0.0
 11
493.7454051640285
 21
177.6131290907586
 31
0.0
  0
LINE
  5
5EB9
330
5CD4
100
AcDbEntity
  8
LINCONC
100
AcDbLine
 10
512.7454051640284
 20
168.6131290907586
 30
0.0
 11
496.7454051640283
 21
168.6131290907585
 31
0.0
  0
ARC
  5
5EBA
330
5CD4
100
AcDbEntity
  8
LINCONC
100
AcDbCircle
 10
496.7454051640283
 20
165.6131290907585
 30
0.0
 40
3.0
100
AcDbArc
 50
90.0
 51
180.0
  0
LINE
  5
5EBD
330
5CD4
100
AcDbEntity
  8
LINCONC
100
AcDbLine
 10
469.7454051640284
 20
181.4131290907586
 30
0.0
 11
469.7454051640285
 21
159.6761115159606
 31
0.0
  0
LINE
  5
5EC0
330
5CD4
100
AcDbEntity
  8
LINCONC
100
AcDbLine
 10
403.7454072689123
 20
207.6783605097914
 30
0.0
 11
403.7459012038316
 21
222.6131290907587
 31
0.0
  0
LINE
  5
5EC5
330
5CD4
100
AcDbEntity
  8
LINCONC
100
AcDbLine
 10
419.7454051640285
 20
164.6131290907586
 30
0.0
 11
464.7454051640285
 21
164.6131290907586
 31
0.0
  0
LINE
  5
5EC6
330
5CD4
100
AcDbEntity
  8
LINCONC
100
AcDbLine
 10
466.9454051640285
 20
183.6131290907586
 30
0.0
 11
467.5454051640284
 21
183.6131290907585
 31
0.0
  0
LINE
  5
5EC8
330
5CD4
100
AcDbEntity
  8
LINCONC
100
AcDbLine
 10
464.7454051640285
 20
181.4131290907586
 30
0.0
 11
464.7454051640285
 21
164.6131290907586
 31
0.0
  0
ARC
  5
5EC9
330
5CD4
100
AcDbEntity
  8
LINCONC
100
AcDbCircle
 10
466.9454051640285
 20
181.4131290907586
 30
0.0
 40
2.2
100
AcDbArc
 50
89.99999999999967
 51
179.9999999999997
  0
ARC
  5
5ECA
330
5CD4
100
AcDbEntity
  8
LINCONC
100
AcDbCircle
 10
467.5454051640284
 20
181.4131290907586
 30
0.0
 40
2.2
100
AcDbArc
 50
0.0
 51
89.99999999999942
  0
LINE
  5
5ECB
330
5CD4
100
AcDbEntity
  8
PARKING
100
AcDbLine
 10
455.7454051640285
 20
182.6131290907586
 30
0.0
 11
455.7454051640285
 21
164.6131290907586
 31
0.0
  0
LINE
  5
5ECC
330
5CD4
100
AcDbEntity
  8
PARKING
100
AcDbLine
 10
446.7454051640285
 20
182.6131290907586
 30
0.0
 11
446.7454051640285
 21
164.6131290907586
 31
0.0
  0
LINE
  5
5ECD
330
5CD4
100
AcDbEntity
  8
PARKING
100
AcDbLine
 10
437.7454051640285
 20
182.6131290907586
 30
0.0
 11
437.7454051640285
 21
164.6131290907586
 31
0.0
  0
LINE
  5
5ECE
330
5CD4
100
AcDbEntity
  8
PARKING
100
AcDbLine
 10
428.7454051640285
 20
182.6131290907586
 30
0.0
 11
428.7454051640285
 21
164.6131290907586
 31
0.0
  0
LINE
  5
5ECF
330
5CD4
100
AcDbEntity
  8
LINCONC
100
AcDbLine
 10
419.7454051640285
 20
181.6784597282526
 30
0.0
 11
419.7454051640285
 21
164.6131290907586
 31
0.0
  0
ARC
  5
5ED0
330
5CD4
100
AcDbEntity
  8
LINCONC
100
AcDbCircle
 10
416.7454051640285
 20
181.6784597282526
 30
0.0
 40
3.0
100
AcDbArc
 50
0.0
 51
89.99999999999982
  0
LINE
  5
5ED1
330
5CD4
100
AcDbEntity
  8
LINCONC
100
AcDbLine
 10
425.6898584259327
 20
223.1131290907587
 30
0.0
 11
403.2459177399684
 21
223.1131290907587
 31
0.0
  0
LINE
  5
5ED2
330
5CD4
100
AcDbEntity
  8
LINCONC
100
AcDbLine
 10
403.2454072691858
 20
207.6783770462017
 30
0.0
 11
403.2459177399684
 21
223.1131290907587
 31
0.0
  0
ARC
  5
5ED3
330
5CD4
100
AcDbEntity
  8
LINCONC
100
AcDbCircle
 10
400.745407270553
 20
207.6784597282527
 30
0.0
 40
2.5
100
AcDbArc
 50
270.0
 51
359.998105066974
  0
LINE
  5
5ED4
330
5CD4
100
AcDbEntity
  8
LINCONC
100
AcDbLine
 10
400.745407270553
 20
205.1784597282527
 30
0.0
 11
382.1104628908201
 21
205.1784597282528
 31
0.0
  0
LINE
  5
5ED5
330
5CD4
100
AcDbEntity
  8
LINCONC
100
AcDbLine
 10
416.7454051640285
 20
184.1784597282526
 30
0.0
 11
382.6757070131231
 21
184.1784597282526
 31
0.0
  0
ARC
  5
5ED6
330
5CD4
100
AcDbEntity
  8
LINCONC
100
AcDbCircle
 10
416.7454051640285
 20
181.6784597282526
 30
0.0
 40
2.5
100
AcDbArc
 50
0.0
 51
89.99999999999982
  0
LINE
  5
5ED7
330
5CD4
100
AcDbEntity
  8
LINCONC
100
AcDbLine
 10
419.2454051640285
 20
181.6784597282526
 30
0.0
 11
419.2454051640285
 21
164.1131290907586
 31
0.0
  0
LINE
  5
5ED8
330
5CD4
100
AcDbEntity
  8
LINCONC
100
AcDbLine
 10
419.2454051640285
 20
164.1131290907586
 30
0.0
 11
465.2454051640285
 21
164.1131290907586
 31
0.0
  0
LINE
  5
5ED9
330
5CD4
100
AcDbEntity
  8
LINCONC
100
AcDbLine
 10
465.2454051640285
 20
181.4131290907586
 30
0.0
 11
465.2454051640285
 21
164.1131290907586
 31
0.0
  0
ARC
  5
5EDA
330
5CD4
100
AcDbEntity
  8
LINCONC
100
AcDbCircle
 10
466.9454051640285
 20
181.4131290907586
 30
0.0
 40
1.7
100
AcDbArc
 50
89.99999999999967
 51
179.9999999999997
  0
ARC
  5
5EDB
330
5CD4
100
AcDbEntity
  8
LINCONC
100
AcDbCircle
 10
467.5454051640284
 20
181.4131290907586
 30
0.0
 40
1.7
100
AcDbArc
 50
0.0
 51
89.99999999999942
  0
LINE
  5
5EDC
330
5CD4
100
AcDbEntity
  8
LINCONC
100
AcDbLine
 10
469.2454051640284
 20
181.4131290907586
 30
0.0
 11
469.2454051640284
 21
159.3924766503757
 31
0.0
  0
LINE
  5
5EDE
330
5CD4
100
AcDbEntity
  8
LINCONC
100
AcDbLine
 10
494.2454051640283
 20
165.6131290907585
 30
0.0
 11
494.2454051640283
 21
159.2532649760641
 31
0.0
  0
ARC
  5
5EDF
330
5CD4
100
AcDbEntity
  8
LINCONC
100
AcDbCircle
 10
496.7454051640283
 20
165.6131290907585
 30
0.0
 40
2.5
100
AcDbArc
 50
90.0
 51
180.0
  0
LINE
  5
5EE0
330
5CD4
100
AcDbEntity
  8
LINCONC
100
AcDbLine
 10
513.2454051640284
 20
168.1131290907586
 30
0.0
 11
496.7454051640283
 21
168.1131290907585
 31
0.0
  0
LINE
  5
5EE1
330
5CD4
100
AcDbEntity
  8
LINCONC
100
AcDbLine
 10
513.2454051640284
 20
178.3621374505847
 30
0.0
 11
513.2454051640284
 21
168.1131290907586
 31
0.0
  0
LINE
  5
5EE2
330
5CD4
100
AcDbEntity
  8
LINCONC
100
AcDbLine
 10
512.7454051640284
 20
205.1131290907586
 30
0.0
 11
502.0297637598999
 21
205.1131290907586
 31
0.0
  0
LINE
  5
5EE4
330
5CD4
100
AcDbEntity
  8
LINCONC
100
AcDbLine
 10
494.2454733985473
 20
209.6763800049605
 30
0.0
 11
494.2459012533267
 21
222.6131290907587
 31
0.0
  0
LINE
  5
5EE5
330
5CD4
100
AcDbEntity
  8
LINCONC
100
AcDbLine
 10
466.9454051640285
 20
183.1131290907586
 30
0.0
 11
467.5454051640284
 21
183.1131290907585
 31
0.0
  0
TEXT
  5
5EE9
330
5CD4
100
AcDbEntity
  8
TENANT_TXT
 62
     4
100
AcDbText
 10
981.398552822302
 20
262.2113560324948
 30
0.0
 40
2.4
  1
108.00'
 50
359.9980555555555
  7
L80
 72
     1
 11
987.570022114526
 21
263.4111465922936
 31
0.0
100
AcDbText
 73
     2
  0
TEXT
  5
5EEA
330
5CD4
100
AcDbEntity
  8
TENANT_TXT
 62
     4
100
AcDbText
 10
981.4210878806201
 20
182.7594142207484
 30
0.0
 40
2.4
  1
108.00'
 50
359.9980555555555
  7
L80
 72
     1
 11
987.5925571728441
 21
183.9592047805471
 31
0.0
100
AcDbText
 73
     2
  0
TEXT
  5
5EEB
330
5CD4
100
AcDbEntity
  8
TENANT_TXT
 62
     4
100
AcDbText
 10
917.5472256839072
 20
182.2876633052396
 30
0.0
 40
2.4
  1
26.00'
 50
359.9980555555555
  7
L80
 72
     1
 11
922.8044092623719
 21
183.487484893114
 31
0.0
100
AcDbText
 73
     2
  0
TEXT
  5
5EEC
330
5CD4
100
AcDbEntity
  8
TENANT_TXT
 62
     4
100
AcDbText
 10
917.2958114608533
 20
261.7379386570345
 30
0.0
 40
2.4
  1
26.00'
 50
359.9980555555555
  7
L80
 72
     1
 11
922.552995039318
 21
262.9377602449089
 31
0.0
100
AcDbText
 73
     2
  0
TEXT
  5
5EF1
330
5CD4
100
AcDbEntity
  8
TENANT_TXT
 62
     4
100
AcDbText
 10
461.927146025196
 20
230.6455030808402
 30
0.0
 40
2.4
  1
84.5'
 50
359.9980555555555
  7
L80
 72
     1
 11
466.0414724614616
 21
231.845363453809
 31
0.0
100
AcDbText
 73
     2
  0
TEXT
  5
5EF2
330
5CD4
100
AcDbEntity
  8
TENANT_TXT
 62
     4
100
AcDbText
 10
463.3531211690763
 20
429.4179499389011
 30
0.0
 40
2.4
  1
84.5'
 50
359.9980555555555
  7
L80
 72
     1
 11
467.467447605342
 21
430.6178103118699
 31
0.0
100
AcDbText
 73
     2
  0
TEXT
  5
5EF8
330
5CD4
100
AcDbEntity
  8
TENANT_TXT
 62
     4
100
AcDbText
 10
527.9125678968134
 20
214.8244980456638
 30
0.0
 40
2.4
  1
85.45'
 50
89.99805555555557
  7
L80
 72
     1
 11
526.712746308939
 21
220.0816816241285
 31
0.0
100
AcDbText
 73
     2
  0
TEXT
  5
5EFB
330
5CD4
100
AcDbEntity
  8
TENANT_TXT
 62
     4
100
AcDbText
 10
431.6059038653411
 20
242.8096768514509
 30
0.0
 40
2.4
  1
37.4'
 50
89.99805555555558
  7
L80
 72
     1
 11
430.4060434923723
 21
246.9240032877165
 31
0.0
100
AcDbText
 73
     2
  0
TEXT
  5
5EFC
330
5CD4
100
AcDbEntity
  8
TENANT_TXT
 62
     4
100
AcDbText
 10
431.6059038653411
 20
272.9509529229338
 30
0.0
 40
2.4
  1
24.3'
 50
89.99805555555558
  7
L80
 72
     1
 11
430.4060434923723
 21
277.0652793591995
 31
0.0
100
AcDbText
 73
     2
  0
TEXT
  5
5EFD
330
5CD4
100
AcDbEntity
  8
TENANT_TXT
 62
     4
100
AcDbText
 10
431.6059038653411
 20
404.8811304915687
 30
0.0
 40
2.4
  1
54.6'
 50
89.99805555555558
  7
L80
 72
     1
 11
430.4060434923723
 21
408.9954569278344
 31
0.0
100
AcDbText
 73
     2
  0
LINE
  5
5F09
330
5CD4
100
AcDbEntity
  8
LINCONC
100
AcDbLine
 10
573.2271259535696
 20
401.5551571533035
 30
0.0
 11
607.8632400847788
 21
401.5725329091858
 31
0.0
  0
LINE
  5
5F0B
330
5CD4
100
AcDbEntity
  8
PARKING
100
AcDbLine
 10
590.596711144802
 20
322.0638608773182
 30
0.0
 11
590.5489455126269
 21
394.0638459750018
 31
0.0
  0
LINE
  5
5F0C
330
5CD4
100
AcDbEntity
  8
LINCONC
100
AcDbLine
 10
608.7256999210829
 20
438.7073537155915
 30
0.0
 11
609.3256998534307
 21
438.7076547150718
 31
0.0
  0
LINE
  5
5F0D
330
5CD4
100
AcDbEntity
  8
LINCONC
100
AcDbLine
 10
543.5139020712788
 20
450.330686160001
 30
0.0
 11
606.5138949678121
 21
450.3622911054349
 31
0.0
  0
LINE
  5
5F0E
330
5CD4
100
AcDbEntity
  8
LINCONC
100
AcDbLine
 10
606.5201684537652
 20
440.9058917118273
 30
0.0
 11
606.5138949678121
 21
450.3622911054349
 31
0.0
  0
LINE
  5
5F11
330
5CD4
100
AcDbEntity
  8
PARKING
100
AcDbLine
 10
597.525837390637
 20
432.3577798388093
 30
0.0
 11
597.5138969483293
 21
450.3563204014911
 31
0.0
  0
LINE
  5
5F12
330
5CD4
100
AcDbEntity
  8
PARKING
100
AcDbLine
 10
588.5258384054179
 20
432.3532648466044
 30
0.0
 11
588.5138989288464
 21
450.3503496975472
 31
0.0
  0
LINE
  5
5F13
330
5CD4
100
AcDbEntity
  8
PARKING
100
AcDbLine
 10
579.525839420199
 20
432.3487498543995
 30
0.0
 11
579.5139009093635
 21
450.3443789936034
 31
0.0
  0
LINE
  5
5F14
330
5CD4
100
AcDbEntity
  8
PARKING
100
AcDbLine
 10
570.52584043498
 20
432.3442348621947
 30
0.0
 11
570.5139028898807
 21
450.3384082896596
 31
0.0
  0
LINE
  5
5F15
330
5CD4
100
AcDbEntity
  8
PARKING
100
AcDbLine
 10
561.5258414497608
 20
432.3397198699898
 30
0.0
 11
561.5139048703978
 21
450.3324375857158
 31
0.0
  0
LINE
  5
5F16
330
5CD4
100
AcDbEntity
  8
PARKING
100
AcDbLine
 10
552.5258424645416
 20
432.335204877785
 30
0.0
 11
552.513906850915
 21
450.3264668817719
 31
0.0
  0
LINE
  5
5F17
330
5CD4
100
AcDbEntity
  8
LINCONC
100
AcDbLine
 10
543.5275395591835
 20
429.7740875932708
 30
0.0
 11
543.5139020712788
 21
450.330686160001
 31
0.0
  0
LINE
  5
5F19
330
5CD4
100
AcDbEntity
  8
LINCONC
100
AcDbLine
 10
543.0135704218766
 20
450.8304352236124
 30
0.0
 11
607.0135632056563
 21
450.8625418348468
 31
0.0
  0
LINE
  5
5F1A
330
5CD4
100
AcDbEntity
  8
LINCONC
100
AcDbLine
 10
607.0201683437365
 20
440.906223417602
 30
0.0
 11
607.0135632056563
 21
450.8625418348468
 31
0.0
  0
LINE
  5
5F1D
330
5CD4
100
AcDbEntity
  8
LINCONC
100
AcDbLine
 10
611.017872547461
 20
440.9087788650366
 30
0.0
 11
611.0049954504374
 21
460.319194923444
 31
0.0
  0
LINE
  5
5F1E
330
5CD4
100
AcDbEntity
  8
LINCONC
100
AcDbLine
 10
543.0275396692123
 20
429.7737558874962
 30
0.0
 11
543.0135704218766
 21
450.8304352236124
 31
0.0
  0
LINE
  5
5F1F
330
5CD4
100
AcDbEntity
  8
LINCONC
100
AcDbLine
 10
608.7210208014886
 20
439.2073514311541
 30
0.0
 11
609.3187257534086
 21
439.2076512793211
 31
0.0
  0
LINE
  5
5F2D
330
5CD4
100
AcDbEntity
  8
LINCONC
100
AcDbLine
 10
573.2308884470195
 20
394.0551580970607
 30
0.0
 11
607.8670025782285
 21
394.0725338529429
 31
0.0
  0
LINE
  5
5F30
330
5CD4
100
AcDbEntity
  8
PARKING
100
AcDbLine
 10
571.5549183589643
 20
385.0543161875811
 30
0.0
 11
609.5549140743334
 21
385.0733794880016
 31
0.0
  0
LINE
  5
5F31
330
5CD4
100
AcDbEntity
  8
PARKING
100
AcDbLine
 10
571.5594333511101
 20
376.0543173200897
 30
0.0
 11
609.5594290664792
 21
376.0733806205102
 31
0.0
  0
LINE
  5
5F32
330
5CD4
100
AcDbEntity
  8
PARKING
100
AcDbLine
 10
571.5639483432559
 20
367.0543184525983
 30
0.0
 11
609.563944058625
 21
367.0733817530188
 31
0.0
  0
LINE
  5
5F33
330
5CD4
100
AcDbEntity
  8
PARKING
100
AcDbLine
 10
571.5684633354017
 20
358.0543195851069
 30
0.0
 11
609.5684590507708
 21
358.0733828855274
 31
0.0
  0
LINE
  5
5F34
330
5CD4
100
AcDbEntity
  8
PARKING
100
AcDbLine
 10
571.5729783275475
 20
349.0543207176155
 30
0.0
 11
609.5729740429166
 21
349.073384018036
 31
0.0
  0
LINE
  5
5F35
330
5CD4
100
AcDbEntity
  8
PARKING
100
AcDbLine
 10
571.5774933196933
 20
340.0543218501241
 30
0.0
 11
609.5774890350624
 21
340.0733851505446
 31
0.0
  0
LINE
  5
5F36
330
5CD4
100
AcDbEntity
  8
PARKING
100
AcDbLine
 10
571.5820083118391
 20
331.0543229826327
 30
0.0
 11
609.5820040272082
 21
331.0733862830532
 31
0.0
  0
LINE
  5
5F37
330
5CD4
100
AcDbEntity
  8
LINCONC
100
AcDbLine
 10
572.0967132307408
 20
322.0545800600082
 30
0.0
 11
609.0967002182432
 21
322.0731416901931
 31
0.0
  0
LINE
  5
5F39
330
5CD4
100
AcDbEntity
  8
LINCONC
100
AcDbLine
 10
572.1000302885308
 20
317.0545810948913
 30
0.0
 11
609.4036672988321
 21
317.0732950559251
 31
0.0
  0
ARC
  5
5F3D
330
5CD4
100
AcDbEntity
  8
LINCONC
100
AcDbCircle
 10
573.2964596642815
 20
397.8051914637802
 30
0.0
 40
3.750606595744607
100
AcDbArc
 50
90.03801068464588
 51
270.0380106846424
  0
ARC
  5
5F3E
330
5CD4
100
AcDbEntity
  8
LINCONC
100
AcDbCircle
 10
607.7976688675174
 20
397.8224995424662
 30
0.0
 40
3.750606595744607
100
AcDbArc
 50
268.9982565962192
 51
91.05923007178845
  0
ARC
  5
5F41
330
5CD4
100
AcDbEntity
  8
LINCONC
100
AcDbCircle
 10
572.0983717596358
 20
319.5545805774498
 30
0.0
 40
2.50040439716292
100
AcDbArc
 50
90.03801068464763
 51
270.0380106846398
  0
ARC
  5
5F42
330
5CD4
100
AcDbEntity
  8
LINCONC
100
AcDbCircle
 10
609.0950505299683
 20
319.5545805774498
 30
0.0
 40
2.50040439716292
100
AcDbArc
 50
269.9619893153602
 51
89.96198931535238
  0
LINE
  5
5F47
330
5CD4
100
AcDbEntity
  8
PARKING
100
AcDbLine
 10
522.4943734180781
 20
385.0551592295694
 30
0.0
 11
541.4943710272265
 21
385.0646908796548
 31
0.0
  0
LINE
  5
5F48
330
5CD4
100
AcDbEntity
  8
PARKING
100
AcDbLine
 10
522.4988884102238
 20
376.055160362078
 30
0.0
 11
541.4988860193722
 21
376.0646920121635
 31
0.0
  0
LINE
  5
5F49
330
5CD4
100
AcDbEntity
  8
PARKING
100
AcDbLine
 10
522.5034034023695
 20
367.0551614945867
 30
0.0
 11
541.503401011518
 21
367.0646931446722
 31
0.0
  0
LINE
  5
5F4A
330
5CD4
100
AcDbEntity
  8
PARKING
100
AcDbLine
 10
522.5079183945153
 20
358.0551626270953
 30
0.0
 11
541.5079160036638
 21
358.0646942771808
 31
0.0
  0
LINE
  5
5F4B
330
5CD4
100
AcDbEntity
  8
PARKING
100
AcDbLine
 10
522.5124333866611
 20
349.0551637596039
 30
0.0
 11
541.5124309958096
 21
349.0646954096894
 31
0.0
  0
LINE
  5
5F4C
330
5CD4
100
AcDbEntity
  8
PARKING
100
AcDbLine
 10
522.5169483788068
 20
340.0551648921126
 30
0.0
 11
541.5169459879554
 21
340.0646965421981
 31
0.0
  0
LINE
  5
5F50
330
5CD4
100
AcDbEntity
  8
LINCONC
100
AcDbLine
 10
522.5350083473897
 20
304.0551694221471
 30
0.0
 11
541.0236744404168
 21
304.0644445546692
 31
0.0
  0
LINE
  5
5F5B
330
5CD4
100
AcDbEntity
  8
LINCONC
100
AcDbLine
 10
551.9777181530625
 20
296.7905854137663
 30
0.0
 11
552.1160527187712
 21
277.7910890112841
 31
0.0
  0
ARC
  5
5F62
330
5CD4
100
AcDbEntity
  8
LINCONC
100
AcDbCircle
 10
549.7032090357352
 20
304.6581334295667
 30
0.0
 40
6.155672055870631
100
AcDbArc
 50
204.0650856201275
 51
268.2578423385801
  0
ARC
  5
5F64
330
5CD4
100
AcDbEntity
  8
LINCONC
100
AcDbCircle
 10
541.28083972067
 20
301.0754872082636
 30
0.0
 40
3.000000000000003
100
AcDbArc
 50
20.94719978198688
 51
94.91753016741349
  0
ARC
  5
5F66
330
5CD4
100
AcDbEntity
  8
LINCONC
100
AcDbCircle
 10
549.2618998915863
 20
295.5160928988284
 30
0.0
 40
3.000000000000013
100
AcDbArc
 50
25.13995650044009
 51
85.13995650044657
  0
LINE
  5
5F67
330
5CD4
100
AcDbEntity
  8
LINCONC
100
AcDbLine
 10
522.5352591802867
 20
303.5551694850642
 30
0.0
 11
541.0462437281798
 21
303.5644558139932
 31
0.0
  0
ARC
  5
5F68
330
5CD4
100
AcDbEntity
  8
LINCONC
100
AcDbCircle
 10
541.28083972067
 20
301.0754872082636
 30
0.0
 40
2.500000000000003
100
AcDbArc
 50
20.94719978198688
 51
94.91753016741349
  0
ARC
  5
5F6A
330
5CD4
100
AcDbEntity
  8
LINCONC
100
AcDbCircle
 10
549.2618998915863
 20
295.5160928988284
 30
0.0
 40
2.500000000000013
100
AcDbArc
 50
25.13995650044009
 51
84.84836040415293
  0
LINE
  5
5F6B
330
5CD4
100
AcDbEntity
  8
LINCONC
100
AcDbLine
 10
551.4777314056288
 20
296.7869450304581
 30
0.0
 11
551.6160659713375
 21
277.787448627976
 31
0.0
  0
ARC
  5
5F6C
330
5CD4
100
AcDbEntity
  8
LINCONC
100
AcDbCircle
 10
549.7032090357352
 20
304.6581334295667
 30
0.0
 40
6.655672055870631
100
AcDbArc
 50
203.940324788891
 51
268.2578423385801
  0
LINE
  5
5F6E
330
5CD4
100
AcDbEntity
  8
PARKING
100
AcDbLine
 10
522.4898584259323
 20
417.2631290907585
 30
0.0
 11
541.4898560350807
 21
417.2726607408441
 31
0.0
  0
LINE
  5
5F6F
330
5CD4
100
AcDbEntity
  8
LINCONC
100
AcDbLine
 10
522.4901092588293
 20
427.2631291536757
 30
0.0
 11
541.0287942738122
 21
427.2724293789832
 31
0.0
  0
LINE
  5
5F72
330
5CD4
100
AcDbEntity
  8
LINCONC
100
AcDbLine
 10
522.4898584259323
 20
427.7631290907585
 30
0.0
 11
541.0285434409152
 21
427.7724293160662
 31
0.0
  0
LINE
  5
5F76
330
5CD4
100
AcDbEntity
  8
LINCONC
100
AcDbLine
 10
573.2306376141225
 20
394.5551580341436
 30
0.0
 11
607.8667517453315
 21
394.5725337900258
 31
0.0
  0
ARC
  5
5F77
330
5CD4
100
AcDbEntity
  8
LINCONC
100
AcDbCircle
 10
607.7976688675174
 20
397.8224995424662
 30
0.0
 40
3.250606595744607
100
AcDbArc
 50
268.9982565962192
 51
91.05923007178845
  0
LINE
  5
5F78
330
5CD4
100
AcDbEntity
  8
LINCONC
100
AcDbLine
 10
573.2273767864666
 20
401.0551572162206
 30
0.0
 11
607.8634909176758
 21
401.0725329721029
 31
0.0
  0
ARC
  5
5F79
330
5CD4
100
AcDbEntity
  8
LINCONC
100
AcDbCircle
 10
573.2964596642815
 20
397.8051914637802
 30
0.0
 40
3.250606595744607
100
AcDbArc
 50
90.03801068464588
 51
270.0380106846424
  0
LINE
  5
5F7A
330
5CD4
100
AcDbEntity
  8
LINCONC
100
AcDbLine
 10
572.0997794556338
 20
317.5545810319742
 30
0.0
 11
609.4034164659352
 21
317.573294993008
 31
0.0
  0
LINE
  5
5F7B
330
5CD4
100
AcDbEntity
  8
LINCONC
100
AcDbLine
 10
572.0969640636378
 20
321.5545801229253
 30
0.0
 11
609.0969510511402
 21
321.5731417531102
 31
0.0
  0
ARC
  5
5F7C
330
5CD4
100
AcDbEntity
  8
LINCONC
100
AcDbCircle
 10
609.0950505299683
 20
319.5545805774498
 30
0.0
 40
2.00040439716292
100
AcDbArc
 50
269.9619893153602
 51
89.96198931535238
  0
ARC
  5
5F7D
330
5CD4
100
AcDbEntity
  8
LINCONC
100
AcDbCircle
 10
572.0983717596358
 20
319.5545805774498
 30
0.0
 40
2.00040439716292
100
AcDbArc
 50
90.03801068464763
 51
270.0380106846398
  0
LINE
  5
5F7E
330
5CD4
100
AcDbEntity
  8
PARKING
100
AcDbLine
 10
560.4014948738262
 20
296.8519185917415
 30
0.0
 11
560.539829439535
 21
277.8524221892594
 31
0.0
  0
LINE
  5
5F7F
330
5CD4
100
AcDbEntity
  8
PARKING
100
AcDbLine
 10
569.3252583420236
 20
296.9168921530249
 30
0.0
 11
569.4635929077324
 21
277.9173957505428
 31
0.0
  0
LINE
  5
5F80
330
5CD4
100
AcDbEntity
  8
PARKING
100
AcDbLine
 10
578.249021810221
 20
296.9818657143084
 30
0.0
 11
578.3873563759298
 21
277.9823693118262
 31
0.0
  0
LINE
  5
5F81
330
5CD4
100
AcDbEntity
  8
PARKING
100
AcDbLine
 10
587.1727852784185
 20
297.0468392755918
 30
0.0
 11
587.3111198441272
 21
278.0473428731096
 31
0.0
  0
LINE
  5
5F82
330
5CD4
100
AcDbEntity
  8
PARKING
100
AcDbLine
 10
596.0965487466159
 20
297.1118128368752
 30
0.0
 11
596.2348833123247
 21
278.1123164343931
 31
0.0
  0
LINE
  5
5F83
330
5CD4
100
AcDbEntity
  8
PARKING
100
AcDbLine
 10
605.0203122148133
 20
297.1767863981586
 30
0.0
 11
605.1586467805221
 21
278.1772899956765
 31
0.0
  0
LINE
  5
5F84
330
5CD4
100
AcDbEntity
  8
PARKING
100
AcDbLine
 10
613.9440756830107
 20
297.241759959442
 30
0.0
 11
614.0824102487195
 21
278.2422635569599
 31
0.0
  0
LINE
  5
5F85
330
5CD4
100
AcDbEntity
  8
PARKING
100
AcDbLine
 10
622.8678391512082
 20
297.3067335207254
 30
0.0
 11
623.0061737169169
 21
278.3072371182433
 31
0.0
  0
LINE
  5
5F86
330
5CD4
100
AcDbEntity
  8
PARKING
100
AcDbLine
 10
631.7916026194056
 20
297.3717070820088
 30
0.0
 11
631.9299371851143
 21
278.3722106795267
 31
0.0
  0
LINE
  5
5F87
330
5CD4
100
AcDbEntity
  8
PARKING
100
AcDbLine
 10
640.715366087603
 20
297.4366806432922
 30
0.0
 11
640.8537006533118
 21
278.4371842408101
 31
0.0
  0
LINE
  5
5F88
330
5CD4
100
AcDbEntity
  8
PARKING
100
AcDbLine
 10
649.6391295558004
 20
297.5016542045756
 30
0.0
 11
649.7774641215092
 21
278.5021578020935
 31
0.0
  0
LINE
  5
5F89
330
5CD4
100
AcDbEntity
  8
PARKING
100
AcDbLine
 10
658.5628930239978
 20
297.566627765859
 30
0.0
 11
658.7012275897066
 21
278.5671313633769
 31
0.0
  0
LINE
  5
5F8A
330
5CD4
100
AcDbEntity
  8
PARKING
100
AcDbLine
 10
667.4866564921953
 20
297.6316013271424
 30
0.0
 11
667.624991057904
 21
278.6321049246603
 31
0.0
  0
LINE
  5
5F8B
330
5CD4
100
AcDbEntity
  8
PARKING
100
AcDbLine
 10
676.4104199603927
 20
297.6965748884259
 30
0.0
 11
676.5487545261014
 21
278.6970784859437
 31
0.0
  0
LINE
  5
5F8C
330
5CD4
100
AcDbEntity
  8
PARKING
100
AcDbLine
 10
685.3341834285901
 20
297.7615484497093
 30
0.0
 11
685.4725179942989
 21
278.7620520472271
 31
0.0
  0
LINE
  5
5F8D
330
5CD4
100
AcDbEntity
  8
PARKING
100
AcDbLine
 10
694.2579468967875
 20
297.8265220109927
 30
0.0
 11
694.3962814624963
 21
278.8270256085106
 31
0.0
  0
LINE
  5
5F8E
330
5CD4
100
AcDbEntity
  8
PARKING
100
AcDbLine
 10
703.181710364985
 20
297.8914955722761
 30
0.0
 11
703.3200449306937
 21
278.891999169794
 31
0.0
  0
LINE
  5
5F8F
330
5CD4
100
AcDbEntity
  8
PARKING
100
AcDbLine
 10
712.1054738331824
 20
297.9564691335595
 30
0.0
 11
712.2438083988911
 21
278.9569727310774
 31
0.0
  0
LINE
  5
5F90
330
5CD4
100
AcDbEntity
  8
PARKING
100
AcDbLine
 10
721.0292373013798
 20
298.0214426948429
 30
0.0
 11
721.1675718670886
 21
279.0219462923608
 31
0.0
  0
LINE
  5
5F91
330
5CD4
100
AcDbEntity
  8
PARKING
100
AcDbLine
 10
729.9530007695772
 20
298.0864162561263
 30
0.0
 11
730.091335335286
 21
279.0869198536442
 31
0.0
  0
LINE
  5
5F92
330
5CD4
100
AcDbEntity
  8
PARKING
100
AcDbLine
 10
738.8767642377746
 20
298.1513898174097
 30
0.0
 11
739.0150988034834
 21
279.1518934149276
 31
0.0
  0
LINE
  5
5F93
330
5CD4
100
AcDbEntity
  8
PARKING
100
AcDbLine
 10
747.8005277059721
 20
298.2163633786931
 30
0.0
 11
747.9388622716808
 21
279.216866976211
 31
0.0
  0
LINE
  5
5F94
330
5CD4
100
AcDbEntity
  8
PARKING
100
AcDbLine
 10
756.7242911741695
 20
298.2813369399765
 30
0.0
 11
756.8626257398782
 21
279.2818405374944
 31
0.0
  0
LINE
  5
5F95
330
5CD4
100
AcDbEntity
  8
PARKING
100
AcDbLine
 10
765.6480546423669
 20
298.3463105012599
 30
0.0
 11
765.7863892080757
 21
279.3468140987778
 31
0.0
  0
LINE
  5
5F96
330
5CD4
100
AcDbEntity
  8
PARKING
100
AcDbLine
 10
774.5718181105643
 20
298.4112840625434
 30
0.0
 11
774.7101526762731
 21
279.4117876600612
 31
0.0
  0
LINE
  5
5F97
330
5CD4
100
AcDbEntity
  8
PARKING
100
AcDbLine
 10
783.4955815787617
 20
298.4762576238268
 30
0.0
 11
783.6339161444705
 21
279.4767612213446
 31
0.0
  0
LINE
  5
5F98
330
5CD4
100
AcDbEntity
  8
PARKING
100
AcDbLine
 10
792.4193450469592
 20
298.5412311851102
 30
0.0
 11
792.5576796126679
 21
279.5417347826281
 31
0.0
  0
LINE
  5
5F99
330
5CD4
100
AcDbEntity
  8
PARKING
100
AcDbLine
 10
801.3431085151566
 20
298.6062047463936
 30
0.0
 11
801.4814430808653
 21
279.6067083439115
 31
0.0
  0
LINE
  5
5F9A
330
5CD4
100
AcDbEntity
  8
PARKING
100
AcDbLine
 10
810.266871983354
 20
298.671178307677
 30
0.0
 11
810.4052065490628
 21
279.6716819051949
 31
0.0
  0
LINE
  5
5F9B
330
5CD4
100
AcDbEntity
  8
PARKING
100
AcDbLine
 10
819.1906354515514
 20
298.7361518689604
 30
0.0
 11
819.3289700172602
 21
279.7366554664783
 31
0.0
  0
LINE
  5
5F9C
330
5CD4
100
AcDbEntity
  8
PARKING
100
AcDbLine
 10
828.1143989197489
 20
298.8011254302438
 30
0.0
 11
828.2527334854576
 21
279.8016290277617
 31
0.0
  0
LINE
  5
5F9D
330
5CD4
100
AcDbEntity
  8
PARKING
100
AcDbLine
 10
837.0381623879463
 20
298.8660989915272
 30
0.0
 11
837.176496953655
 21
279.8666025890451
 31
0.0
  0
LINE
  5
5F9E
330
5CD4
100
AcDbEntity
  8
PARKING
100
AcDbLine
 10
845.9619258561437
 20
298.9310725528106
 30
0.0
 11
846.1002604218525
 21
279.9315761503285
 31
0.0
  0
LINE
  5
5F9F
330
5CD4
100
AcDbEntity
  8
PARKING
100
AcDbLine
 10
854.8856893243411
 20
298.996046114094
 30
0.0
 11
855.0240238900499
 21
279.9965497116119
 31
0.0
  0
LINE
  5
5FA0
330
5CD4
100
AcDbEntity
  8
PARKING
100
AcDbLine
 10
863.8094527925385
 20
299.0610196753775
 30
0.0
 11
863.9477873582473
 21
280.0615232728953
 31
0.0
  0
LINE
  5
5FA1
330
5CD4
100
AcDbEntity
  8
PARKING
100
AcDbLine
 10
872.733216260736
 20
299.1259932366609
 30
0.0
 11
872.8715508264447
 21
280.1264968341787
 31
0.0
  0
LINE
  5
5FA2
330
5CD4
100
AcDbEntity
  8
PARKING
100
AcDbLine
 10
881.6569797289334
 20
299.1909667979443
 30
0.0
 11
881.7953142946421
 21
280.1914703954621
 31
0.0
  0
LINE
  5
5FA3
330
5CD4
100
AcDbEntity
  8
PARKING
100
AcDbLine
 10
890.5807431971308
 20
299.2559403592277
 30
0.0
 11
890.7190777628396
 21
280.2564439567456
 31
0.0
  0
LINE
  5
5FA4
330
5CD4
100
AcDbEntity
  8
PARKING
100
AcDbLine
 10
899.5045066653282
 20
299.3209139205111
 30
0.0
 11
899.642841231037
 21
280.321417518029
 31
0.0
  0
LINE
  5
5FA5
330
5CD4
100
AcDbEntity
  8
PARKING
100
AcDbLine
 10
908.4282701335256
 20
299.3858874817945
 30
0.0
 11
908.5666046992344
 21
280.3863910793124
 31
0.0
  0
LINE
  5
5FA6
330
5CD4
100
AcDbEntity
  8
PARKING
100
AcDbLine
 10
917.3520336017231
 20
299.4508610430779
 30
0.0
 11
917.4903681674318
 21
280.4513646405958
 31
0.0
  0
LINE
  5
5FA7
330
5CD4
100
AcDbEntity
  8
PARKING
100
AcDbLine
 10
926.2757970699205
 20
299.5158346043613
 30
0.0
 11
926.4141316356292
 21
280.5163382018792
 31
0.0
  0
LINE
  5
5FA8
330
5CD4
100
AcDbEntity
  8
PARKING
100
AcDbLine
 10
935.1995605381179
 20
299.5808081656447
 30
0.0
 11
935.3378951038267
 21
280.5813117631626
 31
0.0
  0
LINE
  5
5FA9
330
5CD4
100
AcDbEntity
  8
PARKING
100
AcDbLine
 10
944.1233240063153
 20
299.6457817269281
 30
0.0
 11
944.2616585720241
 21
280.646285324446
 31
0.0
  0
LINE
  5
5FAA
330
5CD4
100
AcDbEntity
  8
PARKING
100
AcDbLine
 10
953.0470874745128
 20
299.7107552882115
 30
0.0
 11
953.1854220402215
 21
280.7112588857294
 31
0.0
  0
LINE
  5
5FAB
330
5CD4
100
AcDbEntity
  8
PARKING
100
AcDbLine
 10
961.9708509427102
 20
299.775728849495
 30
0.0
 11
962.1091855084189
 21
280.7762324470128
 31
0.0
  0
LINE
  5
5FAC
330
5CD4
100
AcDbEntity
  8
PARKING
100
AcDbLine
 10
970.8946144109076
 20
299.8407024107784
 30
0.0
 11
971.0329489766164
 21
280.8412060082962
 31
0.0
  0
LINE
  5
5FAD
330
5CD4
100
AcDbEntity
  8
PARKING
100
AcDbLine
 10
979.818377879105
 20
299.9056759720618
 30
0.0
 11
979.9567124448138
 21
280.9061795695796
 31
0.0
  0
LINE
  5
5FAE
330
5CD4
100
AcDbEntity
  8
PARKING
100
AcDbLine
 10
988.7421413473024
 20
299.9706495333452
 30
0.0
 11
988.8804759130112
 21
280.9711531308631
 31
0.0
  0
LINE
  5
5FAF
330
5CD4
100
AcDbEntity
  8
PARKING
100
AcDbLine
 10
997.6659048154999
 20
300.0356230946286
 30
0.0
 11
997.8042393812086
 21
281.0361266921465
 31
0.0
  0
LINE
  5
5FB0
330
5CD4
100
AcDbEntity
  8
PARKING
100
AcDbLine
 10
1006.589668283697
 20
300.100596655912
 30
0.0
 11
1006.728002849406
 21
281.1011002534299
 31
0.0
  0
LINE
  5
5FB1
330
5CD4
100
AcDbEntity
  8
PARKING
100
AcDbLine
 10
1015.513431751895
 20
300.1655702171954
 30
0.0
 11
1015.651766317603
 21
281.1660738147133
 31
0.0
  0
LINE
  5
5FB2
330
5CD4
100
AcDbEntity
  8
PARKING
100
AcDbLine
 10
1024.437195220092
 20
300.2305437784788
 30
0.0
 11
1024.575529785801
 21
281.2310473759967
 31
0.0
  0
LINE
  5
5FB3
330
5CD4
100
AcDbEntity
  8
PARKING
100
AcDbLine
 10
1033.360958688289
 20
300.2955173397623
 30
0.0
 11
1033.499293253998
 21
281.2960209372802
 31
0.0
  0
LINE
  5
5FB4
330
5CD4
100
AcDbEntity
  8
PARKING
100
AcDbLine
 10
1042.284722156487
 20
300.3604909010458
 30
0.0
 11
1042.423056722196
 21
281.3609944985636
 31
0.0
  0
LINE
  5
5FB5
330
5CD4
100
AcDbEntity
  8
PARKING
100
AcDbLine
 10
1051.208485624684
 20
300.4254644623292
 30
0.0
 11
1051.346820190393
 21
281.4259680598471
 31
0.0
  0
LINE
  5
5FBB
330
5CD4
100
AcDbEntity
  8
PARKING
100
AcDbLine
 10
654.9008370369595
 20
456.0961369235465
 30
0.0
 11
654.7549878761714
 21
438.0885890346856
 31
0.0
  0
LINE
  5
5FBC
330
5CD4
100
AcDbEntity
  8
PARKING
100
AcDbLine
 10
663.8811680611718
 20
456.1006420490068
 30
0.0
 11
663.7353189003837
 21
438.093094160146
 31
0.0
  0
LINE
  5
5FBD
330
5CD4
100
AcDbEntity
  8
PARKING
100
AcDbLine
 10
672.8614990853843
 20
456.1051471744671
 30
0.0
 11
672.7156499245962
 21
438.0975992856062
 31
0.0
  0
LINE
  5
5FBE
330
5CD4
100
AcDbEntity
  8
PARKING
100
AcDbLine
 10
681.8418301095966
 20
456.1096522999275
 30
0.0
 11
681.6959809488085
 21
438.1021044110666
 31
0.0
  0
LINE
  5
5FBF
330
5CD4
100
AcDbEntity
  8
PARKING
100
AcDbLine
 10
690.8221611338089
 20
456.1141574253878
 30
0.0
 11
690.6763119730208
 21
438.1066095365269
 31
0.0
  0
LINE
  5
5FC0
330
5CD4
100
AcDbEntity
  8
PARKING
100
AcDbLine
 10
699.8024921580211
 20
456.1186625508482
 30
0.0
 11
699.6566429972331
 21
438.1111146619873
 31
0.0
  0
LINE
  5
5FC1
330
5CD4
100
AcDbEntity
  8
PARKING
100
AcDbLine
 10
708.7828231822334
 20
456.1231676763085
 30
0.0
 11
708.6369740214453
 21
438.1156197874475
 31
0.0
  0
LINE
  5
5FC2
330
5CD4
100
AcDbEntity
  8
PARKING
100
AcDbLine
 10
717.7631542064458
 20
456.1276728017688
 30
0.0
 11
717.6173050456576
 21
438.1201249129078
 31
0.0
  0
LINE
  5
5FC3
330
5CD4
100
AcDbEntity
  8
PARKING
100
AcDbLine
 10
726.7434852306582
 20
456.1321779272291
 30
0.0
 11
726.59763606987
 21
438.1246300383683
 31
0.0
  0
LINE
  5
5FC4
330
5CD4
100
AcDbEntity
  8
PARKING
100
AcDbLine
 10
735.7238162548705
 20
456.1366830526894
 30
0.0
 11
735.5779670940822
 21
438.1291351638286
 31
0.0
  0
LINE
  5
5FC7
330
5CD4
100
AcDbEntity
  8
PARKING
100
AcDbLine
 10
757.894241547607
 20
456.0888127459131
 30
0.0
 11
757.6465195786274
 21
438.089799286528
 31
0.0
  0
LINE
  5
5FC8
330
5CD4
100
AcDbEntity
  8
PARKING
100
AcDbLine
 10
766.9644975846114
 20
456.0450032749698
 30
0.0
 11
766.7167756156315
 21
438.0459898155847
 31
0.0
  0
LINE
  5
5FC9
330
5CD4
100
AcDbEntity
  8
PARKING
100
AcDbLine
 10
776.0347536216156
 20
456.0011938040265
 30
0.0
 11
775.787031652636
 21
438.0021803446415
 31
0.0
  0
LINE
  5
5FCA
330
5CD4
100
AcDbEntity
  8
PARKING
100
AcDbLine
 10
785.1050096586199
 20
455.9573843330834
 30
0.0
 11
784.8572876896402
 21
437.9583708736983
 31
0.0
  0
LINE
  5
5FCB
330
5CD4
100
AcDbEntity
  8
PARKING
100
AcDbLine
 10
794.1752656956241
 20
455.9135748621401
 30
0.0
 11
793.9275437266446
 21
437.9145614027551
 31
0.0
  0
LINE
  5
5FCC
330
5CD4
100
AcDbEntity
  8
PARKING
100
AcDbLine
 10
803.2455217326286
 20
455.8697653911968
 30
0.0
 11
802.9977997636487
 21
437.8707519318118
 31
0.0
  0
LINE
  5
5FCD
330
5CD4
100
AcDbEntity
  8
PARKING
100
AcDbLine
 10
812.3157777696326
 20
455.8259559202536
 30
0.0
 11
812.068055800653
 21
437.8269424608685
 31
0.0
  0
LINE
  5
5FCE
330
5CD4
100
AcDbEntity
  8
PARKING
100
AcDbLine
 10
821.3860338066369
 20
455.7821464493104
 30
0.0
 11
821.1383118376573
 21
437.7831329899253
 31
0.0
  0
LINE
  5
5FCF
330
5CD4
100
AcDbEntity
  8
PARKING
100
AcDbLine
 10
830.4562898436412
 20
455.7383369783671
 30
0.0
 11
830.2085678746615
 21
437.7393235189821
 31
0.0
  0
LINE
  5
5FD0
330
5CD4
100
AcDbEntity
  8
PARKING
100
AcDbLine
 10
839.5265458806456
 20
455.6945275074239
 30
0.0
 11
839.2788239116659
 21
437.6955140480388
 31
0.0
  0
LINE
  5
5FD5
330
5CD4
100
AcDbEntity
  8
LINCONC
100
AcDbLine
 10
933.4998617739956
 20
455.9576916288555
 30
0.0
 11
933.2048394565409
 21
438.9887556221502
 31
0.0
  0
LINE
  5
5FD6
330
5CD4
100
AcDbEntity
  8
LINCONC
100
AcDbLine
 10
936.564695264898
 20
459.6606726494813
 30
0.0
 11
936.2043861485943
 21
438.936605433355
 31
0.0
  0
LINE
  5
5FD7
330
5CD4
100
AcDbEntity
  8
LINCONC
100
AcDbLine
 10
932.9911358183197
 20
455.4601429505263
 30
0.0
 11
932.7049150078656
 21
438.9974473202827
 31
0.0
  0
LINE
  5
5FD8
330
5CD4
100
AcDbEntity
  8
LINCONC
100
AcDbLine
 10
937.0647705400946
 20
459.6606561105816
 30
0.0
 11
936.7043105972697
 21
438.9279137352225
 31
0.0
  0
ARC
  5
5FD9
330
5CD4
100
AcDbEntity
  8
LINCONC
100
AcDbCircle
 10
934.7046128025675
 20
438.9626805277526
 30
0.0
 40
2.0
100
AcDbArc
 50
179.0039545915369
 51
359.0039545915369
  0
ARC
  5
5FDA
330
5CD4
100
AcDbEntity
  8
LINCONC
100
AcDbCircle
 10
934.7046128025675
 20
438.9626805277526
 30
0.0
 40
1.5
100
AcDbArc
 50
179.0039545915369
 51
359.0039545915369
  0
LINE
  5
5FDB
330
5CD4
100
AcDbEntity
  8
PARKING
100
AcDbLine
 10
861.5621181260174
 20
455.5965868682378
 30
0.0
 11
861.2491796275065
 21
437.5971575332907
 31
0.0
  0
LINE
  5
5FDC
330
5CD4
100
AcDbEntity
  8
PARKING
100
AcDbLine
 10
870.4931678734162
 20
455.5793429493539
 30
0.0
 11
870.1802293749054
 21
437.5799136144068
 31
0.0
  0
LINE
  5
5FDD
330
5CD4
100
AcDbEntity
  8
PARKING
100
AcDbLine
 10
879.4242176208148
 20
455.5620990304699
 30
0.0
 11
879.111279122304
 21
437.5626696955228
 31
0.0
  0
LINE
  5
5FDE
330
5CD4
100
AcDbEntity
  8
PARKING
100
AcDbLine
 10
888.3552673682136
 20
455.544855111586
 30
0.0
 11
888.042328869703
 21
437.545425776639
 31
0.0
  0
LINE
  5
5FDF
330
5CD4
100
AcDbEntity
  8
PARKING
100
AcDbLine
 10
897.2863171156126
 20
455.527611192702
 30
0.0
 11
896.9733786171017
 21
437.528181857755
 31
0.0
  0
LINE
  5
5FE0
330
5CD4
100
AcDbEntity
  8
PARKING
100
AcDbLine
 10
906.2173668630114
 20
455.5103672738181
 30
0.0
 11
905.9044283645005
 21
437.5109379388712
 31
0.0
  0
LINE
  5
5FE1
330
5CD4
100
AcDbEntity
  8
PARKING
100
AcDbLine
 10
915.1484166104101
 20
455.4931233549342
 30
0.0
 11
914.8354781118995
 21
437.4936940199872
 31
0.0
  0
LINE
  5
5FE2
330
5CD4
100
AcDbEntity
  8
PARKING
100
AcDbLine
 10
924.0794663578091
 20
455.4758794360503
 30
0.0
 11
923.7665278592983
 21
437.4764501011034
 31
0.0
  0
ARC
  5
5FE7
330
5CD4
100
AcDbEntity
  8
LINCONC
100
AcDbCircle
 10
459.2454051640284
 20
159.3924766503757
 30
0.0
 40
10.0
100
AcDbArc
 50
269.891292458335
 51
0.0
  0
ARC
  5
5FE8
330
5CD4
100
AcDbEntity
  8
LINCONC
100
AcDbCircle
 10
504.2454051640284
 20
159.2532649760641
 30
0.0
 40
10.0
100
AcDbArc
 50
180.0000000000007
 51
269.6661986756506
  0
LINE
  5
5FE9
330
5CD4
100
AcDbEntity
  8
LINEDGRD
100
AcDbLine
 10
372.6765320683335
 20
174.0500057540385
 30
0.0
 11
372.7389178951689
 21
169.193738749309
 31
0.0
  0
ARC
  5
5FEA
330
5CD4
100
AcDbEntity
  8
LINCONC
100
AcDbCircle
 10
382.6757070131231
 20
174.1784597282526
 30
0.0
 40
10.0
100
AcDbArc
 50
89.99999999999984
 51
180.7360073000817
  0
ARC
  5
5FEB
330
5CD4
100
AcDbEntity
  8
LINCONC
100
AcDbCircle
 10
382.1104628908201
 20
215.1784597282528
 30
0.0
 40
10.0
100
AcDbArc
 50
180.7360073000817
 51
269.9999999999998
  0
LINE
  5
5FED
330
5CD4
100
AcDbEntity
  8
LINCONC
100
AcDbLine
 10
522.4898584259327
 20
178.3621374505847
 30
0.0
 11
522.4898584259327
 21
154.176017961983
 31
0.0
  0
LINE
  5
5FF0
330
5CD4
100
AcDbEntity
  8
LINEDGRD
100
AcDbLine
 10
517.4607289299292
 20
149.1761028154567
 30
0.0
 11
560.5824680828027
 21
148.9248756462948
 31
0.0
  0
ARC
  5
5FF1
330
5CD4
100
AcDbEntity
  8
LINCONC
100
AcDbCircle
 10
517.4898584259327
 20
154.176017961983
 30
0.0
 40
5.0
100
AcDbArc
 50
269.6661986756506
 51
0.0
  0
LINE
  5
5FF2
330
5CD4
100
AcDbEntity
  8
LINCONC
100
AcDbLine
 10
548.5874712701285
 20
152.708010161357
 30
0.0
 11
586.3914376316335
 21
152.7269751205437
 31
0.0
  0
LINE
  5
5FF4
330
5CD4
100
AcDbEntity
  8
LINCONC
100
AcDbLine
 10
548.5867254489095
 20
153.2080098501211
 30
0.0
 11
586.3911867987365
 21
153.2269750576265
 31
0.0
  0
LINE
  5
5FFA
330
5CD4
100
AcDbEntity
  8
LINCONC
100
AcDbLine
 10
548.5326411301406
 20
149.5079822522781
 30
0.0
 11
586.3930429621743
 21
149.5269755232134
 31
0.0
  0
LINE
  5
5FFB
330
5CD4
100
AcDbEntity
  8
LINCONC
100
AcDbLine
 10
548.5244391821764
 20
149.0079780747236
 30
0.0
 11
586.3932937950713
 21
149.0269755861306
 31
0.0
  0
ARC
  5
5FFF
330
5CD4
100
AcDbEntity
  8
LINCONC
100
AcDbCircle
 10
586.3922402969039
 20
151.1269753218783
 30
0.0
 40
1.599999999999963
100
AcDbArc
 50
270.0287433339315
 51
90.0287433339233
  0
ARC
  5
6000
330
5CD4
100
AcDbEntity
  8
LINCONC
100
AcDbCircle
 10
548.5898584259326
 20
151.1069588565666
 30
0.0
 40
1.599999999999963
100
AcDbArc
 50
90.08546483384373
 51
269.9145351661562
  0
ARC
  5
6001
330
5CD4
100
AcDbEntity
  8
LINCONC
100
AcDbCircle
 10
548.5898584259326
 20
151.1069588565666
 30
0.0
 40
2.099999999999963
100
AcDbArc
 50
90.08546483384373
 51
269.9145351661562
  0
ARC
  5
6002
330
5CD4
100
AcDbEntity
  8
LINCONC
100
AcDbCircle
 10
586.3922402969039
 20
151.1269753218783
 30
0.0
 40
2.099999999999963
100
AcDbArc
 50
270.0287433339315
 51
90.0287433339233
  0
LINE
  5
6003
330
5CD4
100
AcDbEntity
  8
PARKING
100
AcDbLine
 10
548.5822104567637
 20
162.2080087176125
 30
0.0
 11
586.3866718065907
 21
162.2269739251179
 31
0.0
  0
LINE
  5
6004
330
5CD4
100
AcDbEntity
  8
PARKING
100
AcDbLine
 10
548.5776954646179
 20
171.2080075851038
 30
0.0
 11
586.3821568144449
 21
171.2269727926093
 31
0.0
  0
LINE
  5
6005
330
5CD4
100
AcDbEntity
  8
PARKING
100
AcDbLine
 10
567.4889561238231
 20
153.2174924538738
 30
0.0
 11
567.4799261395315
 21
171.2174901888565
 31
0.0
  0
LINE
  5
6007
330
5CD4
100
AcDbEntity
  8
LINCONC
100
AcDbLine
 10
611.6916622268994
 20
152.6119751777289
 30
0.0
 11
623.0304347372552
 21
160.185714654794
 31
0.0
  0
LINE
  5
6008
330
5CD4
100
AcDbEntity
  8
LINCONC
100
AcDbLine
 10
623.0304347372552
 20
160.185714654794
 30
0.0
 11
610.4898584259327
 21
178.3621374505847
 31
0.0
  0
ARC
  5
6009
330
5CD4
100
AcDbEntity
  8
LINCONC
100
AcDbCircle
 10
612.6004753967899
 20
151.2951385810953
 30
0.0
 40
1.599999999999963
100
AcDbArc
 50
122.8704794069057
 51
269.9145351661562
  0
ARC
  5
600A
330
5CD4
100
AcDbEntity
  8
LINCONC
100
AcDbCircle
 10
612.6004753967899
 20
151.2951385810953
 30
0.0
 40
2.099999999999963
100
AcDbArc
 50
122.9811445913912
 51
269.9145351661562
  0
LINE
  5
600B
330
5CD4
100
AcDbEntity
  8
LINCONC
100
AcDbLine
 10
611.4139426729861
 20
153.0277537839296
 30
0.0
 11
622.3306319732035
 21
160.3195625433343
 31
0.0
  0
LINE
  5
600C
330
5CD4
100
AcDbEntity
  8
LINCONC
100
AcDbLine
 10
622.3306319732035
 20
160.3195625433343
 30
0.0
 11
610.078306139589
 21
178.0781925340862
 31
0.0
  0
LINE
  5
600F
330
5CD4
100
AcDbEntity
  8
EASEMENT
 48
0.5
100
AcDbLine
 10
418.7485161036384
 20
304.6777982062159
 30
0.0
 11
418.7488468318423
 21
314.6777982007469
 31
0.0
  0
ARC
  5
6010
330
5CD4
100
AcDbEntity
  8
EASEMENT
 48
0.5
100
AcDbCircle
 10
2965.493260435983
 20
286.4771962731375
 30
0.0
 40
1887.443371535407
100
AcDbArc
 50
179.7093362519062
 51
179.8611177493821
  0
LINE
  5
6012
330
5CD4
100
AcDbEntity
  8
EASEMENT
 48
0.5
100
AcDbLine
 10
1078.074176214008
 20
296.0522298305543
 30
0.0
 11
1083.072485418087
 21
296.0334936008249
 31
0.0
  0
LINE
  5
6013
330
5CD4
100
AcDbEntity
  8
EASEMENT
 48
0.5
100
AcDbLine
 10
1078.055433777984
 20
291.0522649585685
 30
0.0
 11
1083.053742982064
 21
291.0335287288391
 31
0.0
  0
ARC
  5
6014
330
5CD4
100
AcDbEntity
  8
EASEMENT
 48
0.5
100
AcDbCircle
 10
2965.493260435983
 20
286.4771962731375
 30
0.0
 40
1882.443371535407
100
AcDbArc
 50
179.8613193246179
 51
182.9172064434978
  0
ARC
  5
6017
330
5CD4
100
AcDbEntity
  8
EASEMENT_TXT
100
AcDbCircle
 10
1069.158205218908
 20
287.9288542956832
 30
0.0
 40
12.29165813777533
100
AcDbArc
 50
28.30497017791224
 51
96.84014602203484
  0
TEXT
  5
6024
330
5CD4
100
AcDbEntity
  8
TENANT_TXT
100
AcDbText
 10
973.9660075050788
 20
208.95122197987
 30
0.0
 40
3.6
  1
BROTHER'S
  7
L120
100
AcDbText
  0
TEXT
  5
6087
330
5CD4
100
AcDbEntity
  8
TENANT_TXT
100
AcDbText
 10
968.7589418111511
 20
202.4272401162235
 30
0.0
 40
3.6
  1
6,877 Sq. Ft.
  7
L120
100
AcDbText
  0
TEXT
  5
6089
330
5CD4
100
AcDbEntity
  8
TENANT_TXT
100
AcDbText
 10
925.0922690124884
 20
204.9073438967335
 30
0.0
 40
3.6
  1
2,222 Sq. Ft.
 50
90.0
  7
L120
100
AcDbText
  0
LINE
  5
608B
330
5CD4
100
AcDbEntity
  8
LINBLDG
 62
     2
100
AcDbLine
 10
522.4683801644146
 20
263.8102711967691
 30
0.0
 11
522.4711598682632
 21
263.8130509006176
 31
0.0
  0
LINE
  5
608C
330
5CD4
100
AcDbEntity
  8
LINBLDG
 62
     1
100
AcDbLine
 10
522.4683801644146
 20
260.2747372908364
 30
0.0
 11
526.0066937741958
 21
263.8130509006176
 31
0.0
  0
LINE
  5
608D
330
5CD4
100
AcDbEntity
  8
LINBLDG
 62
     1
100
AcDbLine
 10
522.4683801644146
 20
256.7392033849036
 30
0.0
 11
529.5422276801286
 21
263.8130509006176
 31
0.0
  0
LINE
  5
608E
330
5CD4
100
AcDbEntity
  8
LINBLDG
 62
     1
100
AcDbLine
 10
522.4683801644146
 20
253.2036694789709
 30
0.0
 11
533.0777615860613
 21
263.8130509006176
 31
0.0
  0
LINE
  5
6093
330
5CD4
100
AcDbEntity
  8
LINBLDG
 62
     1
100
AcDbLine
 10
522.4898584259325
 20
239.0830121167579
 30
0.0
 11
547.2198972097923
 21
263.8130509006176
 31
0.0
  0
LINE
  5
6095
330
5CD4
100
AcDbEntity
  8
LINBLDG
 62
     1
100
AcDbLine
 10
538.0805737410808
 20
251.1381935259734
 30
0.0
 11
550.7554311157251
 21
263.8130509006176
 31
0.0
  0
LINE
  5
6097
330
5CD4
100
AcDbEntity
  8
LINBLDG
 62
     1
100
AcDbLine
 10
541.6420385282423
 20
251.1641244072022
 30
0.0
 11
554.2909650216578
 21
263.8130509006177
 31
0.0
  0
LINE
  5
6099
330
5CD4
100
AcDbEntity
  8
LINBLDG
 62
     1
100
AcDbLine
 10
545.2035033154037
 20
251.1900552884309
 30
0.0
 11
557.8264989275905
 21
263.8130509006176
 31
0.0
  0
LINE
  5
609B
330
5CD4
100
AcDbEntity
  8
LINBLDG
 62
     1
100
AcDbLine
 10
548.7649681025653
 20
251.2159861696596
 30
0.0
 11
561.3620328335232
 21
263.8130509006176
 31
0.0
  0
LINE
  5
609D
330
5CD4
100
AcDbEntity
  8
LINBLDG
 62
     1
100
AcDbLine
 10
552.3264328897268
 20
251.2419170508884
 30
0.0
 11
564.897566739456
 21
263.8130509006176
 31
0.0
  0
LINE
  5
609F
330
5CD4
100
AcDbEntity
  8
LINBLDG
 62
     1
100
AcDbLine
 10
555.8878976768883
 20
251.2678479321171
 30
0.0
 11
568.4331006453888
 21
263.8130509006177
 31
0.0
  0
LINE
  5
60A0
330
5CD4
100
AcDbEntity
  8
LINBLDG
 62
     1
100
AcDbLine
 10
522.4898584259327
 20
211.3628747038517
 30
0.0
 11
534.4898584259327
 21
223.3628747038517
 31
0.0
  0
LINE
  5
60A1
330
5CD4
100
AcDbEntity
  8
LINBLDG
 62
     1
100
AcDbLine
 10
559.4493624640497
 20
251.2937788133459
 30
0.0
 11
571.9686345513214
 21
263.8130509006176
 31
0.0
  0
LINE
  5
60A2
330
5CD4
100
AcDbEntity
  8
LINBLDG
 62
     1
100
AcDbLine
 10
522.4898584259327
 20
207.827340797919
 30
0.0
 11
534.4898584259327
 21
219.827340797919
 31
0.0
  0
LINE
  5
60A3
330
5CD4
100
AcDbEntity
  8
LINBLDG
 62
     1
100
AcDbLine
 10
563.0108272512113
 20
251.3197096945746
 30
0.0
 11
575.5041684572542
 21
263.8130509006176
 31
0.0
  0
LINE
  5
60A4
330
5CD4
100
AcDbEntity
  8
LINBLDG
 62
     1
100
AcDbLine
 10
522.4898584259327
 20
204.2918068919862
 30
0.0
 11
534.4898584259327
 21
216.2918068919862
 31
0.0
  0
LINE
  5
60A5
330
5CD4
100
AcDbEntity
  8
LINBLDG
 62
     1
100
AcDbLine
 10
566.5722920383728
 20
251.3456405758034
 30
0.0
 11
579.039702363187
 21
263.8130509006176
 31
0.0
  0
LINE
  5
60A6
330
5CD4
100
AcDbEntity
  8
LINBLDG
 62
     1
100
AcDbLine
 10
522.4898584259327
 20
200.7562729860535
 30
0.0
 11
534.4898584259327
 21
212.7562729860535
 31
0.0
  0
LINE
  5
60A7
330
5CD4
100
AcDbEntity
  8
LINBLDG
 62
     1
100
AcDbLine
 10
570.1337568255342
 20
251.3715714570322
 30
0.0
 11
582.5752362691197
 21
263.8130509006177
 31
0.0
  0
LINE
  5
60A9
330
5CD4
100
AcDbEntity
  8
LINBLDG
 62
     1
100
AcDbLine
 10
573.6952216126956
 20
251.3975023382608
 30
0.0
 11
586.1107701750524
 21
263.8130509006176
 31
0.0
  0
LINE
  5
60AB
330
5CD4
100
AcDbEntity
  8
LINBLDG
 62
     1
100
AcDbLine
 10
577.2566863998571
 20
251.4234332194896
 30
0.0
 11
589.6463040809851
 21
263.8130509006176
 31
0.0
  0
LINE
  5
60AD
330
5CD4
100
AcDbEntity
  8
LINBLDG
 62
     1
100
AcDbLine
 10
580.8181511870187
 20
251.4493641007184
 30
0.0
 11
593.1818379869178
 21
263.8130509006175
 31
0.0
  0
LINE
  5
60AF
330
5CD4
100
AcDbEntity
  8
LINBLDG
 62
     1
100
AcDbLine
 10
584.3796159741801
 20
251.4752949819471
 30
0.0
 11
596.7173718928507
 21
263.8130509006177
 31
0.0
  0
LINE
  5
60B0
330
5CD4
100
AcDbEntity
  8
LINBLDG
 62
     1
100
AcDbLine
 10
522.4898584259327
 20
183.0786034563898
 30
0.0
 11
534.4898584259327
 21
195.0786034563898
 31
0.0
  0
LINE
  5
60B1
330
5CD4
100
AcDbEntity
  8
LINBLDG
 62
     1
100
AcDbLine
 10
587.9410807613417
 20
251.5012258631759
 30
0.0
 11
600.2529057987833
 21
263.8130509006176
 31
0.0
  0
LINE
  5
60B2
330
5CD4
100
AcDbEntity
  8
LINBLDG
 62
     1
100
AcDbLine
 10
522.4898584259327
 20
179.5430695504571
 30
0.0
 11
534.4898584259327
 21
191.5430695504571
 31
0.0
  0
LINE
  5
60B3
330
5CD4
100
AcDbEntity
  8
LINBLDG
 62
     1
100
AcDbLine
 10
591.5025455485031
 20
251.5271567444046
 30
0.0
 11
603.7884397047161
 21
263.8130509006176
 31
0.0
  0
LINE
  5
60B4
330
5CD4
100
AcDbEntity
  8
LINBLDG
 62
     1
100
AcDbLine
 10
524.8444602319929
 20
178.3621374505846
 30
0.0
 11
536.1548665273954
 21
189.672543745987
 31
0.0
  0
LINE
  5
60B5
330
5CD4
100
AcDbEntity
  8
LINBLDG
 62
     1
100
AcDbLine
 10
595.0640103356645
 20
251.5530876256334
 30
0.0
 11
607.3239736106489
 21
263.8130509006176
 31
0.0
  0
LINE
  5
60B6
330
5CD4
100
AcDbEntity
  8
LINBLDG
 62
     1
100
AcDbLine
 10
528.3799941379257
 20
178.3621374505847
 30
0.0
 11
539.7163313145569
 21
189.6984746272158
 31
0.0
  0
LINE
  5
60B7
330
5CD4
100
AcDbEntity
  8
LINBLDG
 62
     1
100
AcDbLine
 10
598.6254751228262
 20
251.5790185068622
 30
0.0
 11
610.8595075165816
 21
263.8130509006176
 31
0.0
  0
LINE
  5
60B8
330
5CD4
100
AcDbEntity
  8
LINBLDG
 62
     1
100
AcDbLine
 10
531.9155280438584
 20
178.3621374505846
 30
0.0
 11
543.2777961017184
 21
189.7244055084446
 31
0.0
  0
LINE
  5
60B9
330
5CD4
100
AcDbEntity
  8
LINBLDG
 62
     1
100
AcDbLine
 10
602.1869399099876
 20
251.6049493880909
 30
0.0
 11
614.3950414225143
 21
263.8130509006176
 31
0.0
  0
LINE
  5
60BA
330
5CD4
100
AcDbEntity
  8
LINBLDG
 62
     1
100
AcDbLine
 10
535.4510619497911
 20
178.3621374505846
 30
0.0
 11
546.8392608888798
 21
189.7503363896733
 31
0.0
  0
LINE
  5
60BB
330
5CD4
100
AcDbEntity
  8
LINBLDG
 62
     1
100
AcDbLine
 10
605.7484046971491
 20
251.6308802693196
 30
0.0
 11
617.930575328447
 21
263.8130509006176
 31
0.0
  0
LINE
  5
60BC
330
5CD4
100
AcDbEntity
  8
LINBLDG
 62
     1
100
AcDbLine
 10
538.9865958557239
 20
178.3621374505846
 30
0.0
 11
550.4007256760412
 21
189.776267270902
 31
0.0
  0
LINE
  5
60BD
330
5CD4
100
AcDbEntity
  8
LINBLDG
 62
     1
100
AcDbLine
 10
609.3098694843106
 20
251.6568111505484
 30
0.0
 11
621.4661092343798
 21
263.8130509006176
 31
0.0
  0
LINE
  5
60BE
330
5CD4
100
AcDbEntity
  8
LINBLDG
 62
     1
100
AcDbLine
 10
542.5221297616565
 20
178.3621374505846
 30
0.0
 11
553.9621904632028
 21
189.8021981521308
 31
0.0
  0
LINE
  5
60BF
330
5CD4
100
AcDbEntity
  8
LINBLDG
 62
     1
100
AcDbLine
 10
612.871334271472
 20
251.6827420317771
 30
0.0
 11
625.0016431403126
 21
263.8130509006176
 31
0.0
  0
LINE
  5
60C0
330
5CD4
100
AcDbEntity
  8
LINBLDG
 62
     1
100
AcDbLine
 10
546.0576636675894
 20
178.3621374505846
 30
0.0
 11
557.5236552503643
 21
189.8281290333595
 31
0.0
  0
LINE
  5
60C1
330
5CD4
100
AcDbEntity
  8
LINBLDG
 62
     1
100
AcDbLine
 10
616.4327990586336
 20
251.7086729130059
 30
0.0
 11
628.5371770462452
 21
263.8130509006176
 31
0.0
  0
LINE
  5
60C2
330
5CD4
100
AcDbEntity
  8
LINBLDG
 62
     1
100
AcDbLine
 10
549.593197573522
 20
178.3621374505846
 30
0.0
 11
561.0851200375257
 21
189.8540599145882
 31
0.0
  0
LINE
  5
60C3
330
5CD4
100
AcDbEntity
  8
LINBLDG
 62
     1
100
AcDbLine
 10
619.994263845795
 20
251.7346037942346
 30
0.0
 11
632.0825965780592
 21
263.8229365264988
 31
0.0
  0
LINE
  5
60C4
330
5CD4
100
AcDbEntity
  8
LINBLDG
 62
     1
100
AcDbLine
 10
553.1287314794548
 20
178.3621374505846
 30
0.0
 11
564.6465848246871
 21
189.879990795817
 31
0.0
  0
LINE
  5
60C5
330
5CD4
100
AcDbEntity
  8
LINBLDG
 62
     1
100
AcDbLine
 10
623.5557286329565
 20
251.7605346754634
 30
0.0
 11
635.6440613652208
 21
263.8488674077276
 31
0.0
  0
LINE
  5
60C6
330
5CD4
100
AcDbEntity
  8
LINBLDG
 62
     1
100
AcDbLine
 10
556.6642653853876
 20
178.3621374505847
 30
0.0
 11
568.2080496118487
 21
189.9059216770457
 31
0.0
  0
LINE
  5
60C7
330
5CD4
100
AcDbEntity
  8
LINBLDG
 62
     1
100
AcDbLine
 10
627.117193420118
 20
251.7864655566921
 30
0.0
 11
639.2055261523822
 21
263.8747982889564
 31
0.0
  0
LINE
  5
60C8
330
5CD4
100
AcDbEntity
  8
LINBLDG
 62
     1
100
AcDbLine
 10
560.1997992913203
 20
178.3621374505846
 30
0.0
 11
571.7695143990102
 21
189.9318525582744
 31
0.0
  0
LINE
  5
60C9
330
5CD4
100
AcDbEntity
  8
LINBLDG
 62
     1
100
AcDbLine
 10
630.6786582072795
 20
251.8123964379208
 30
0.0
 11
642.7669909395436
 21
263.900729170185
 31
0.0
  0
LINE
  5
60CA
330
5CD4
100
AcDbEntity
  8
LINBLDG
 62
     1
100
AcDbLine
 10
563.735333197253
 20
178.3621374505846
 30
0.0
 11
575.3309791861717
 21
189.9577834395032
 31
0.0
  0
LINE
  5
60CB
330
5CD4
100
AcDbEntity
  8
LINBLDG
 62
     1
100
AcDbLine
 10
634.2401229944411
 20
251.8383273191496
 30
0.0
 11
646.3284557267051
 21
263.9266600514138
 31
0.0
  0
LINE
  5
60CC
330
5CD4
100
AcDbEntity
  8
LINBLDG
 62
     1
100
AcDbLine
 10
567.2708671031858
 20
178.3621374505846
 30
0.0
 11
578.892443973333
 21
189.9837143207319
 31
0.0
  0
LINE
  5
60CD
330
5CD4
100
AcDbEntity
  8
LINBLDG
 62
     1
100
AcDbLine
 10
637.8015877816024
 20
251.8642582003784
 30
0.0
 11
649.8899205138666
 21
263.9525909326425
 31
0.0
  0
LINE
  5
60CE
330
5CD4
100
AcDbEntity
  8
LINBLDG
 62
     1
100
AcDbLine
 10
570.8064010091185
 20
178.3621374505846
 30
0.0
 11
582.4539087604946
 21
190.0096452019607
 31
0.0
  0
LINE
  5
60CF
330
5CD4
100
AcDbEntity
  8
LINBLDG
 62
     1
100
AcDbLine
 10
641.363052568764
 20
251.8901890816072
 30
0.0
 11
653.4513853010282
 21
263.9785218138713
 31
0.0
  0
LINE
  5
60D0
330
5CD4
100
AcDbEntity
  8
LINBLDG
 62
     1
100
AcDbLine
 10
574.3419349150513
 20
178.3621374505846
 30
0.0
 11
586.015373547656
 21
190.0355760831894
 31
0.0
  0
LINE
  5
60D1
330
5CD4
100
AcDbEntity
  8
LINBLDG
 62
     1
100
AcDbLine
 10
644.9245173559254
 20
251.9161199628359
 30
0.0
 11
657.0128500881896
 21
264.0044526951
 31
0.0
  0
LINE
  5
60D2
330
5CD4
100
AcDbEntity
  8
LINBLDG
 62
     1
100
AcDbLine
 10
577.877468820984
 20
178.3621374505846
 30
0.0
 11
589.5768383348176
 21
190.0615069644182
 31
0.0
  0
LINE
  5
60D3
330
5CD4
100
AcDbEntity
  8
LINBLDG
 62
     1
100
AcDbLine
 10
648.485982143087
 20
251.9420508440647
 30
0.0
 11
660.5743148753511
 21
264.0303835763287
 31
0.0
  0
LINE
  5
60D4
330
5CD4
100
AcDbEntity
  8
LINBLDG
 62
     1
100
AcDbLine
 10
581.4130027269167
 20
178.3621374505846
 30
0.0
 11
593.1383031219791
 21
190.0874378456469
 31
0.0
  0
LINE
  5
60D5
330
5CD4
100
AcDbEntity
  8
LINBLDG
 62
     1
100
AcDbLine
 10
652.0474469302485
 20
251.9679817252934
 30
0.0
 11
664.1357796625125
 21
264.0563144575576
 31
0.0
  0
LINE
  5
60D6
330
5CD4
100
AcDbEntity
  8
LINBLDG
 62
     1
100
AcDbLine
 10
584.9485366328495
 20
178.3621374505846
 30
0.0
 11
596.6997679091405
 21
190.1133687268756
 31
0.0
  0
LINE
  5
60D7
330
5CD4
100
AcDbEntity
  8
LINBLDG
 62
     1
100
AcDbLine
 10
655.6089117174099
 20
251.9939126065221
 30
0.0
 11
667.6972444496741
 21
264.0822453387863
 31
0.0
  0
LINE
  5
60D8
330
5CD4
100
AcDbEntity
  8
LINBLDG
 62
     1
100
AcDbLine
 10
588.4840705387822
 20
178.3621374505846
 30
0.0
 11
600.2612326963019
 21
190.1392996081042
 31
0.0
  0
LINE
  5
60D9
330
5CD4
100
AcDbEntity
  8
LINBLDG
 62
     1
100
AcDbLine
 10
659.1703765045714
 20
252.0198434877509
 30
0.0
 11
671.2587092368356
 21
264.108176220015
 31
0.0
  0
LINE
  5
60DA
330
5CD4
100
AcDbEntity
  8
LINBLDG
 62
     1
100
AcDbLine
 10
592.0196044447149
 20
178.3621374505846
 30
0.0
 11
603.8226974834635
 21
190.1652304893331
 31
0.0
  0
LINE
  5
60DB
330
5CD4
100
AcDbEntity
  8
LINBLDG
 62
     1
100
AcDbLine
 10
662.731841291733
 20
252.0457743689797
 30
0.0
 11
674.8201740239971
 21
264.1341071012437
 31
0.0
  0
LINE
  5
60DC
330
5CD4
100
AcDbEntity
  8
LINBLDG
 62
     1
100
AcDbLine
 10
595.5551383506478
 20
178.3621374505846
 30
0.0
 11
607.3841622706249
 21
190.1911613705618
 31
0.0
  0
LINE
  5
60DD
330
5CD4
100
AcDbEntity
  8
LINBLDG
 62
     1
100
AcDbLine
 10
666.2933060788944
 20
252.0717052502083
 30
0.0
 11
678.3816388111586
 21
264.1600379824725
 31
0.0
  0
LINE
  5
60DE
330
5CD4
100
AcDbEntity
  8
LINBLDG
 62
     1
100
AcDbLine
 10
599.0906722565804
 20
178.3621374505846
 30
0.0
 11
610.9456270577864
 21
190.2170922517906
 31
0.0
  0
LINE
  5
60DF
330
5CD4
100
AcDbEntity
  8
LINBLDG
 62
     1
100
AcDbLine
 10
669.8547708660558
 20
252.0976361314371
 30
0.0
 11
681.94310359832
 21
264.1859688637012
 31
0.0
  0
LINE
  5
60E0
330
5CD4
100
AcDbEntity
  8
LINBLDG
 62
     1
100
AcDbLine
 10
602.6262061625132
 20
178.3621374505846
 30
0.0
 11
614.5070918449478
 21
190.2430231330193
 31
0.0
  0
LINE
  5
60E1
330
5CD4
100
AcDbEntity
  8
LINBLDG
 62
     1
100
AcDbLine
 10
673.4162356532173
 20
252.1235670126659
 30
0.0
 11
685.5045683854815
 21
264.2118997449301
 31
0.0
  0
LINE
  5
60E2
330
5CD4
100
AcDbEntity
  8
LINBLDG
 62
     1
100
AcDbLine
 10
606.1617400684459
 20
178.3621374505846
 30
0.0
 11
618.0685566321092
 21
190.2689540142479
 31
0.0
  0
LINE
  5
60E3
330
5CD4
100
AcDbEntity
  8
LINBLDG
 62
     1
100
AcDbLine
 10
676.9777004403788
 20
252.1494978938946
 30
0.0
 11
689.066033172643
 21
264.2378306261588
 31
0.0
  0
LINE
  5
60E4
330
5CD4
100
AcDbEntity
  8
LINBLDG
 62
     1
100
AcDbLine
 10
609.6972739743787
 20
178.3621374505846
 30
0.0
 11
621.6300214192707
 21
190.2948848954767
 31
0.0
  0
LINE
  5
60E5
330
5CD4
100
AcDbEntity
  8
LINBLDG
 62
     1
100
AcDbLine
 10
680.5391652275403
 20
252.1754287751233
 30
0.0
 11
692.6274979598045
 21
264.2637615073875
 31
0.0
  0
LINE
  5
60E6
330
5CD4
100
AcDbEntity
  8
LINBLDG
 62
     1
100
AcDbLine
 10
613.2328078803114
 20
178.3621374505846
 30
0.0
 11
625.1914862064323
 21
190.3208157767055
 31
0.0
  0
LINE
  5
60E7
330
5CD4
100
AcDbEntity
  8
LINBLDG
 62
     1
100
AcDbLine
 10
684.1006300147019
 20
252.2013596563521
 30
0.0
 11
696.188962746966
 21
264.2896923886163
 31
0.0
  0
LINE
  5
60E8
330
5CD4
100
AcDbEntity
  8
LINBLDG
 62
     1
100
AcDbLine
 10
616.7683417862442
 20
178.3621374505846
 30
0.0
 11
628.7529509935938
 21
190.3467466579343
 31
0.0
  0
LINE
  5
60E9
330
5CD4
100
AcDbEntity
  8
LINBLDG
 62
     1
100
AcDbLine
 10
687.6620948018633
 20
252.2272905375809
 30
0.0
 11
699.7504275341274
 21
264.315623269845
 31
0.0
  0
LINE
  5
60EA
330
5CD4
100
AcDbEntity
  8
LINBLDG
 62
     1
100
AcDbLine
 10
620.3038756921768
 20
178.3621374505846
 30
0.0
 11
632.3144157807552
 21
190.3726775391629
 31
0.0
  0
LINE
  5
60EB
330
5CD4
100
AcDbEntity
  8
LINBLDG
 62
     1
100
AcDbLine
 10
691.2235595890248
 20
252.2532214188096
 30
0.0
 11
703.311892321289
 21
264.3415541510738
 31
0.0
  0
LINE
  5
60EC
330
5CD4
100
AcDbEntity
  8
LINBLDG
 62
     1
100
AcDbLine
 10
623.8394095981097
 20
178.3621374505846
 30
0.0
 11
635.8758805679167
 21
190.3986084203917
 31
0.0
  0
LINE
  5
60ED
330
5CD4
100
AcDbEntity
  8
LINBLDG
 62
     1
100
AcDbLine
 10
694.7850243761862
 20
252.2791523000384
 30
0.0
 11
706.8733571084504
 21
264.3674850323026
 31
0.0
  0
LINE
  5
60EE
330
5CD4
100
AcDbEntity
  8
LINBLDG
 62
     1
100
AcDbLine
 10
627.3749435040423
 20
178.3621374505846
 30
0.0
 11
639.4373453550782
 21
190.4245393016205
 31
0.0
  0
LINE
  5
60EF
330
5CD4
100
AcDbEntity
  8
LINBLDG
 62
     1
100
AcDbLine
 10
698.3464891633478
 20
252.3050831812672
 30
0.0
 11
710.434821895612
 21
264.3934159135313
 31
0.0
  0
LINE
  5
60F0
330
5CD4
100
AcDbEntity
  8
LINBLDG
 62
     1
100
AcDbLine
 10
701.9079539505093
 20
252.3310140624959
 30
0.0
 11
713.9962866827734
 21
264.41934679476
 31
0.0
  0
LINE
  5
60F1
330
5CD4
100
AcDbEntity
  8
LINBLDG
 62
     1
100
AcDbLine
 10
634.4719421971366
 20
178.3880683318134
 30
0.0
 11
646.560274929401
 21
190.4764010640778
 31
0.0
  0
LINE
  5
60F2
330
5CD4
100
AcDbEntity
  8
LINBLDG
 62
     1
100
AcDbLine
 10
705.4694187376706
 20
252.3569449437246
 30
0.0
 11
717.5577514699348
 21
264.4452776759887
 31
0.0
  0
LINE
  5
60F3
330
5CD4
100
AcDbEntity
  8
LINBLDG
 62
     1
100
AcDbLine
 10
638.033406984298
 20
178.4139992130421
 30
0.0
 11
650.1217397165626
 21
190.5023319453066
 31
0.0
  0
LINE
  5
60F4
330
5CD4
100
AcDbEntity
  8
LINBLDG
 62
     1
100
AcDbLine
 10
709.0308835248322
 20
252.3828758249533
 30
0.0
 11
721.1192162570964
 21
264.4712085572175
 31
0.0
  0
LINE
  5
60F5
330
5CD4
100
AcDbEntity
  8
LINBLDG
 62
     1
100
AcDbLine
 10
641.5948717714596
 20
178.4399300942709
 30
0.0
 11
653.683204503724
 21
190.5282628265354
 31
0.0
  0
LINE
  5
60F6
330
5CD4
100
AcDbEntity
  8
LINBLDG
 62
     1
100
AcDbLine
 10
712.5923483119936
 20
252.4088067061821
 30
0.0
 11
724.6806810442579
 21
264.4971394384463
 31
0.0
  0
LINE
  5
60F7
330
5CD4
100
AcDbEntity
  8
LINBLDG
 62
     1
100
AcDbLine
 10
645.1563365586211
 20
178.4658609754997
 30
0.0
 11
657.2446692908856
 21
190.5541937077641
 31
0.0
  0
LINE
  5
60F8
330
5CD4
100
AcDbEntity
  8
LINBLDG
 62
     1
100
AcDbLine
 10
716.1538130991552
 20
252.4347375874108
 30
0.0
 11
728.2421458314193
 21
264.523070319675
 31
0.0
  0
LINE
  5
60F9
330
5CD4
100
AcDbEntity
  8
LINBLDG
 62
     1
100
AcDbLine
 10
648.7178013457826
 20
178.4917918567284
 30
0.0
 11
660.8061340780471
 21
190.5801245889928
 31
0.0
  0
LINE
  5
60FA
330
5CD4
100
AcDbEntity
  8
LINBLDG
 62
     1
100
AcDbLine
 10
719.7152778863167
 20
252.4606684686395
 30
0.0
 11
731.8036106185807
 21
264.5490012009037
 31
0.0
  0
LINE
  5
60FB
330
5CD4
100
AcDbEntity
  8
LINBLDG
 62
     1
100
AcDbLine
 10
652.279266132944
 20
178.5177227379571
 30
0.0
 11
664.3675988652085
 21
190.6060554702215
 31
0.0
  0
LINE
  5
60FC
330
5CD4
100
AcDbEntity
  8
LINBLDG
 62
     1
100
AcDbLine
 10
723.2767426734781
 20
252.4865993498683
 30
0.0
 11
735.3650754057423
 21
264.5749320821325
 31
0.0
  0
LINE
  5
60FD
330
5CD4
100
AcDbEntity
  8
LINBLDG
 62
     1
100
AcDbLine
 10
655.8407309201056
 20
178.5436536191859
 30
0.0
 11
667.9290636523699
 21
190.6319863514503
 31
0.0
  0
LINE
  5
60FE
330
5CD4
100
AcDbEntity
  8
LINBLDG
 62
     1
100
AcDbLine
 10
726.8382074606395
 20
252.5125302310971
 30
0.0
 11
738.9265401929038
 21
264.6008629633612
 31
0.0
  0
LINE
  5
60FF
330
5CD4
100
AcDbEntity
  8
LINBLDG
 62
     1
100
AcDbLine
 10
659.4021957072671
 20
178.5695845004146
 30
0.0
 11
671.4905284395315
 21
190.6579172326792
 31
0.0
  0
LINE
  5
6100
330
5CD4
100
AcDbEntity
  8
LINBLDG
 62
     1
100
AcDbLine
 10
730.3996722478012
 20
252.5384611123259
 30
0.0
 11
742.4880049800652
 21
264.6267938445899
 31
0.0
  0
LINE
  5
6101
330
5CD4
100
AcDbEntity
  8
LINBLDG
 62
     1
100
AcDbLine
 10
662.9636604944285
 20
178.5955153816434
 30
0.0
 11
675.0519932266928
 21
190.6838481139077
 31
0.0
  0
LINE
  5
6102
330
5CD4
100
AcDbEntity
  8
LINBLDG
 62
     1
100
AcDbLine
 10
733.9611370349626
 20
252.5643919935545
 30
0.0
 11
746.0494697672268
 21
264.6527247258188
 31
0.0
  0
LINE
  5
6103
330
5CD4
100
AcDbEntity
  8
LINBLDG
 62
     1
100
AcDbLine
 10
666.5251252815899
 20
178.6214462628721
 30
0.0
 11
678.6134580138544
 21
190.7097789951365
 31
0.0
  0
LINE
  5
6104
330
5CD4
100
AcDbEntity
  8
LINBLDG
 62
     1
100
AcDbLine
 10
737.522601822124
 20
252.5903228747833
 30
0.0
 11
749.6109345543882
 21
264.6786556070475
 31
0.0
  0
LINE
  5
6105
330
5CD4
100
AcDbEntity
  8
LINBLDG
 62
     1
100
AcDbLine
 10
670.0865900687514
 20
178.6473771441009
 30
0.0
 11
682.1749228010158
 21
190.7357098763653
 31
0.0
  0
LINE
  5
6106
330
5CD4
100
AcDbEntity
  8
LINBLDG
 62
     1
100
AcDbLine
 10
741.0840666092855
 20
252.616253756012
 30
0.0
 11
753.1723993415497
 21
264.7045864882763
 31
0.0
  0
LINE
  5
6107
330
5CD4
100
AcDbEntity
  8
LINBLDG
 62
     1
100
AcDbLine
 10
673.648054855913
 20
178.6733080253297
 30
0.0
 11
685.7363875881773
 21
190.761640757594
 31
0.0
  0
LINE
  5
6108
330
5CD4
100
AcDbEntity
  8
LINBLDG
 62
     1
100
AcDbLine
 10
744.645531396447
 20
252.6421846372408
 30
0.0
 11
756.7338641287112
 21
264.730517369505
 31
0.0
  0
LINE
  5
6109
330
5CD4
100
AcDbEntity
  8
LINBLDG
 62
     1
100
AcDbLine
 10
677.2095196430745
 20
178.6992389065584
 30
0.0
 11
689.2978523753388
 21
190.7875716388227
 31
0.0
  0
LINE
  5
610A
330
5CD4
100
AcDbEntity
  8
LINBLDG
 62
     1
100
AcDbLine
 10
748.2069961836085
 20
252.6681155184694
 30
0.0
 11
760.2953289158727
 21
264.7564482507336
 31
0.0
  0
LINE
  5
610B
330
5CD4
100
AcDbEntity
  8
LINBLDG
 62
     1
100
AcDbLine
 10
680.7709844302359
 20
178.7251697877871
 30
0.0
 11
692.8593171625002
 21
190.8135025200515
 31
0.0
  0
LINE
  5
610C
330
5CD4
100
AcDbEntity
  8
LINBLDG
 62
     1
100
AcDbLine
 10
751.76846097077
 20
252.6940463996982
 30
0.0
 11
763.8567937030342
 21
264.7823791319625
 31
0.0
  0
LINE
  5
610D
330
5CD4
100
AcDbEntity
  8
LINBLDG
 62
     1
100
AcDbLine
 10
684.3324492173974
 20
178.7511006690159
 30
0.0
 11
696.4207819496618
 21
190.8394334012802
 31
0.0
  0
LINE
  5
610E
330
5CD4
100
AcDbEntity
  8
LINBLDG
 62
     1
100
AcDbLine
 10
755.3299257579314
 20
252.719977280927
 30
0.0
 11
767.4182584901956
 21
264.8083100131912
 31
0.0
  0
LINE
  5
610F
330
5CD4
100
AcDbEntity
  8
LINBLDG
 62
     1
100
AcDbLine
 10
687.893914004559
 20
178.7770315502447
 30
0.0
 11
699.9822467368232
 21
190.8653642825089
 31
0.0
  0
LINE
  5
6110
330
5CD4
100
AcDbEntity
  8
LINBLDG
 62
     1
100
AcDbLine
 10
758.891390545093
 20
252.7459081621558
 30
0.0
 11
770.9797232773572
 21
264.8342408944199
 31
0.0
  0
LINE
  5
6111
330
5CD4
100
AcDbEntity
  8
LINBLDG
 62
     1
100
AcDbLine
 10
691.4553787917204
 20
178.8029624314733
 30
0.0
 11
703.5437115239847
 21
190.8912951637377
 31
0.0
  0
LINE
  5
6112
330
5CD4
100
AcDbEntity
  8
LINBLDG
 62
     1
100
AcDbLine
 10
762.4528553322544
 20
252.7718390433845
 30
0.0
 11
774.5411880645187
 21
264.8601717756487
 31
0.0
  0
LINE
  5
6113
330
5CD4
100
AcDbEntity
  8
LINBLDG
 62
     1
100
AcDbLine
 10
695.0168435788819
 20
178.8288933127021
 30
0.0
 11
707.1051763111461
 21
190.9172260449664
 31
0.0
  0
LINE
  5
6114
330
5CD4
100
AcDbEntity
  8
LINBLDG
 62
     1
100
AcDbLine
 10
766.014320119416
 20
252.7977699246132
 30
0.0
 11
778.10265285168
 21
264.8861026568774
 31
0.0
  0
LINE
  5
6115
330
5CD4
100
AcDbEntity
  8
LINBLDG
 62
     1
100
AcDbLine
 10
698.5783083660433
 20
178.8548241939309
 30
0.0
 11
710.6666410983077
 21
190.9431569261952
 31
0.0
  0
LINE
  5
6116
330
5CD4
100
AcDbEntity
  8
LINBLDG
 62
     1
100
AcDbLine
 10
769.5757849065774
 20
252.823700805842
 30
0.0
 11
781.6641176388416
 21
264.9120335381062
 31
0.0
  0
LINE
  5
6117
330
5CD4
100
AcDbEntity
  8
LINBLDG
 62
     1
100
AcDbLine
 10
702.1397731532049
 20
178.8807550751597
 30
0.0
 11
714.2281058854692
 21
190.9690878074239
 31
0.0
  0
LINE
  5
6118
330
5CD4
100
AcDbEntity
  8
LINBLDG
 62
     1
100
AcDbLine
 10
773.1372496937389
 20
252.8496316870708
 30
0.0
 11
785.225582426003
 21
264.937964419335
 31
0.0
  0
LINE
  5
6119
330
5CD4
100
AcDbEntity
  8
LINBLDG
 62
     1
100
AcDbLine
 10
705.7012379403664
 20
178.9066859563884
 30
0.0
 11
717.7895706726306
 21
190.9950186886526
 31
0.0
  0
LINE
  5
611A
330
5CD4
100
AcDbEntity
  8
LINBLDG
 62
     1
100
AcDbLine
 10
776.6987144809004
 20
252.8755625682995
 30
0.0
 11
788.7870472131644
 21
264.9638953005636
 31
0.0
  0
LINE
  5
611B
330
5CD4
100
AcDbEntity
  8
LINBLDG
 62
     1
100
AcDbLine
 10
709.2627027275279
 20
178.9326168376172
 30
0.0
 11
721.3510354597922
 21
191.0209495698815
 31
0.0
  0
LINE
  5
611C
330
5CD4
100
AcDbEntity
  8
LINBLDG
 62
     1
100
AcDbLine
 10
780.2601792680618
 20
252.9014934495282
 30
0.0
 11
792.3485120003261
 21
264.9898261817926
 31
0.0
  0
LINE
  5
611D
330
5CD4
100
AcDbEntity
  8
LINBLDG
 62
     1
100
AcDbLine
 10
712.8241675146894
 20
178.958547718846
 30
0.0
 11
724.9125002469536
 21
191.0468804511102
 31
0.0
  0
LINE
  5
611E
330
5CD4
100
AcDbEntity
  8
LINBLDG
 62
     1
100
AcDbLine
 10
783.8216440552233
 20
252.927424330757
 30
0.0
 11
795.9099767874875
 21
265.0157570630212
 31
0.0
  0
LINE
  5
611F
330
5CD4
100
AcDbEntity
  8
LINBLDG
 62
     1
100
AcDbLine
 10
716.3856323018508
 20
178.9844786000746
 30
0.0
 11
728.473965034115
 21
191.0728113323388
 31
0.0
  0
LINE
  5
6120
330
5CD4
100
AcDbEntity
  8
LINBLDG
 62
     1
100
AcDbLine
 10
787.3831088423847
 20
252.9533552119858
 30
0.0
 11
799.4714415746489
 21
265.0416879442499
 31
0.0
  0
LINE
  5
6121
330
5CD4
100
AcDbEntity
  8
LINBLDG
 62
     1
100
AcDbLine
 10
719.9470970890122
 20
179.0104094813034
 30
0.0
 11
732.0354298212765
 21
191.0987422135676
 31
0.0
  0
LINE
  5
6122
330
5CD4
100
AcDbEntity
  8
LINBLDG
 62
     1
100
AcDbLine
 10
790.9445736295463
 20
252.9792860932146
 30
0.0
 11
803.0329063618105
 21
265.0676188254787
 31
0.0
  0
LINE
  5
6123
330
5CD4
100
AcDbEntity
  8
LINBLDG
 62
     1
100
AcDbLine
 10
723.5085618761739
 20
179.0363403625321
 30
0.0
 11
735.5968946084379
 21
191.1246730947963
 31
0.0
  0
LINE
  5
6124
330
5CD4
100
AcDbEntity
  8
LINBLDG
 62
     1
100
AcDbLine
 10
794.5060384167077
 20
253.0052169744432
 30
0.0
 11
806.594371148972
 21
265.0935497067074
 31
0.0
  0
LINE
  5
6125
330
5CD4
100
AcDbEntity
  8
LINBLDG
 62
     1
100
AcDbLine
 10
727.0700266633353
 20
179.062271243761
 30
0.0
 11
739.1583593955995
 21
191.1506039760251
 31
0.0
  0
LINE
  5
6126
330
5CD4
100
AcDbEntity
  8
LINBLDG
 62
     1
100
AcDbLine
 10
798.0675032038694
 20
253.0311478556721
 30
0.0
 11
810.1558359361334
 21
265.1194805879362
 31
0.0
  0
LINE
  5
6127
330
5CD4
100
AcDbEntity
  8
LINBLDG
 62
     1
100
AcDbLine
 10
730.6314914504967
 20
179.0882021249896
 30
0.0
 11
742.7198241827609
 21
191.1765348572538
 31
0.0
  0
LINE
  5
6128
330
5CD4
100
AcDbEntity
  8
LINBLDG
 62
     1
100
AcDbLine
 10
801.6289679910308
 20
253.0570787369007
 30
0.0
 11
813.7173007232949
 21
265.1454114691649
 31
0.0
  0
LINE
  5
6129
330
5CD4
100
AcDbEntity
  8
LINBLDG
 62
     1
100
AcDbLine
 10
734.1929562376583
 20
179.1141330062184
 30
0.0
 11
746.2812889699225
 21
191.2024657384826
 31
0.0
  0
LINE
  5
612A
330
5CD4
100
AcDbEntity
  8
LINBLDG
 62
     1
100
AcDbLine
 10
805.1904327781922
 20
253.0830096181294
 30
0.0
 11
817.2787655104564
 21
265.1713423503937
 31
0.0
  0
LINE
  5
612B
330
5CD4
100
AcDbEntity
  8
LINBLDG
 62
     1
100
AcDbLine
 10
737.7544210248197
 20
179.1400638874472
 30
0.0
 11
749.8427537570839
 21
191.2283966197113
 31
0.0
  0
LINE
  5
612C
330
5CD4
100
AcDbEntity
  8
LINBLDG
 62
     1
100
AcDbLine
 10
808.7518975653538
 20
253.1089404993583
 30
0.0
 11
820.840230297618
 21
265.1972732316224
 31
0.0
  0
LINE
  5
612D
330
5CD4
100
AcDbEntity
  8
LINBLDG
 62
     1
100
AcDbLine
 10
741.3158858119812
 20
179.1659947686759
 30
0.0
 11
753.4042185442454
 21
191.2543275009401
 31
0.0
  0
LINE
  5
612E
330
5CD4
100
AcDbEntity
  8
LINBLDG
 62
     1
100
AcDbLine
 10
812.3133623525152
 20
253.134871380587
 30
0.0
 11
824.4016950847795
 21
265.2232041128511
 31
0.0
  0
LINE
  5
612F
330
5CD4
100
AcDbEntity
  8
LINBLDG
 62
     1
100
AcDbLine
 10
744.8773505991428
 20
179.1919256499047
 30
0.0
 11
756.9656833314068
 21
191.2802583821688
 31
0.0
  0
LINE
  5
6130
330
5CD4
100
AcDbEntity
  8
LINBLDG
 62
     1
100
AcDbLine
 10
815.8748271396769
 20
253.1608022618158
 30
0.0
 11
827.9631598719409
 21
265.2491349940798
 31
0.0
  0
LINE
  5
6131
330
5CD4
100
AcDbEntity
  8
LINBLDG
 62
     1
100
AcDbLine
 10
748.4388153863042
 20
179.2178565311334
 30
0.0
 11
760.5271481185683
 21
191.3061892633975
 31
0.0
  0
LINE
  5
6132
330
5CD4
100
AcDbEntity
  8
LINBLDG
 62
     1
100
AcDbLine
 10
819.4362919268383
 20
253.1867331430446
 30
0.0
 11
831.5246246591024
 21
265.2750658753087
 31
0.0
  0
LINE
  5
6133
330
5CD4
100
AcDbEntity
  8
LINBLDG
 62
     1
100
AcDbLine
 10
752.0002801734656
 20
179.2437874123621
 30
0.0
 11
764.0886129057297
 21
191.3321201446262
 31
0.0
  0
LINE
  5
6134
330
5CD4
100
AcDbEntity
  8
LINBLDG
 62
     1
100
AcDbLine
 10
822.9977567139999
 20
253.2126640242734
 30
0.0
 11
835.0860894462637
 21
265.3009967565374
 31
0.0
  0
LINE
  5
6135
330
5CD4
100
AcDbEntity
  8
LINBLDG
 62
     1
100
AcDbLine
 10
755.5617449606273
 20
179.2697182935909
 30
0.0
 11
767.6500776928913
 21
191.3580510258549
 31
0.0
  0
LINE
  5
6136
330
5CD4
100
AcDbEntity
  8
LINBLDG
 62
     1
100
AcDbLine
 10
826.5592215011613
 20
253.2385949055022
 30
0.0
 11
838.6475542334254
 21
265.3269276377662
 31
0.0
  0
LINE
  5
6137
330
5CD4
100
AcDbEntity
  8
LINBLDG
 62
     1
100
AcDbLine
 10
759.1232097477887
 20
179.2956491748196
 30
0.0
 11
771.2115424800527
 21
191.3839819070838
 31
0.0
  0
LINE
  5
6138
330
5CD4
100
AcDbEntity
  8
LINBLDG
 62
     1
100
AcDbLine
 10
830.1206862883228
 20
253.2645257867308
 30
0.0
 11
842.2090190205869
 21
265.3528585189949
 31
0.0
  0
LINE
  5
6139
330
5CD4
100
AcDbEntity
  8
LINBLDG
 62
     1
100
AcDbLine
 10
762.6846745349501
 20
179.3215800560484
 30
0.0
 11
774.7730072672141
 21
191.4099127883124
 31
0.0
  0
LINE
  5
613A
330
5CD4
100
AcDbEntity
  8
LINBLDG
 62
     1
100
AcDbLine
 10
833.6821510754842
 20
253.2904566679596
 30
0.0
 11
845.7704838077484
 21
265.3787894002236
 31
0.0
  0
LINE
  5
613B
330
5CD4
100
AcDbEntity
  8
LINBLDG
 62
     1
100
AcDbLine
 10
766.2461393221117
 20
179.3475109372772
 30
0.0
 11
778.3344720543757
 21
191.4358436695412
 31
0.0
  0
LINE
  5
613C
330
5CD4
100
AcDbEntity
  8
LINBLDG
 62
     1
100
AcDbLine
 10
837.2436158626458
 20
253.3163875491884
 30
0.0
 11
849.3319485949099
 21
265.4047202814525
 31
0.0
  0
LINE
  5
613D
330
5CD4
100
AcDbEntity
  8
LINBLDG
 62
     1
100
AcDbLine
 10
769.8076041092731
 20
179.3734418185059
 30
0.0
 11
781.8959368415372
 21
191.4617745507699
 31
0.0
  0
LINE
  5
613E
330
5CD4
100
AcDbEntity
  8
LINBLDG
 62
     1
100
AcDbLine
 10
840.8050806498072
 20
253.3423184304172
 30
0.0
 11
852.8934133820715
 21
265.4306511626812
 31
0.0
  0
LINE
  5
613F
330
5CD4
100
AcDbEntity
  8
LINBLDG
 62
     1
100
AcDbLine
 10
773.3690688964347
 20
179.3993726997347
 30
0.0
 11
785.4574016286986
 21
191.4877054319986
 31
0.0
  0
LINE
  5
6140
330
5CD4
100
AcDbEntity
  8
LINBLDG
 62
     1
100
AcDbLine
 10
844.3665454369686
 20
253.3682493116458
 30
0.0
 11
856.4548781692326
 21
265.4565820439099
 31
0.0
  0
LINE
  5
6141
330
5CD4
100
AcDbEntity
  8
LINBLDG
 62
     1
100
AcDbLine
 10
776.9305336835961
 20
179.4253035809634
 30
0.0
 11
789.0188664158602
 21
191.5136363132274
 31
0.0
  0
LINE
  5
6142
330
5CD4
100
AcDbEntity
  8
LINBLDG
 62
     1
100
AcDbLine
 10
847.9280102241303
 20
253.3941801928746
 30
0.0
 11
860.0163429563943
 21
265.4825129251387
 31
0.0
  0
LINE
  5
6143
330
5CD4
100
AcDbEntity
  8
LINBLDG
 62
     1
100
AcDbLine
 10
780.4919984707576
 20
179.4512344621921
 30
0.0
 11
792.5803312030216
 21
191.5395671944561
 31
0.0
  0
LINE
  5
6144
330
5CD4
100
AcDbEntity
  8
LINBLDG
 62
     1
100
AcDbLine
 10
851.4894750112919
 20
253.4201110741035
 30
0.0
 11
863.5778077435559
 21
265.5084438063674
 31
0.0
  0
LINE
  5
6145
330
5CD4
100
AcDbEntity
  8
LINBLDG
 62
     1
100
AcDbLine
 10
784.0534632579191
 20
179.4771653434209
 30
0.0
 11
796.141795990183
 21
191.5654980756849
 31
0.0
  0
LINE
  5
6146
330
5CD4
100
AcDbEntity
  8
LINBLDG
 62
     1
100
AcDbLine
 10
855.0509397984532
 20
253.4460419553322
 30
0.0
 11
867.1392725307173
 21
265.5343746875963
 31
0.0
  0
LINE
  5
6147
330
5CD4
100
AcDbEntity
  8
LINBLDG
 62
     1
100
AcDbLine
 10
787.6149280450807
 20
179.5030962246497
 30
0.0
 11
799.7032607773446
 21
191.5914289569137
 31
0.0
  0
LINE
  5
6148
330
5CD4
100
AcDbEntity
  8
LINBLDG
 62
     1
100
AcDbLine
 10
858.6124045856147
 20
253.4719728365609
 30
0.0
 11
870.7007373178787
 21
265.5603055688249
 31
0.0
  0
LINE
  5
6149
330
5CD4
100
AcDbEntity
  8
LINBLDG
 62
     1
100
AcDbLine
 10
791.1763928322421
 20
179.5290271058784
 30
0.0
 11
803.2647255645061
 21
191.6173598381423
 31
0.0
  0
LINE
  5
614A
330
5CD4
100
AcDbEntity
  8
LINBLDG
 62
     1
100
AcDbLine
 10
862.1738693727764
 20
253.4979037177897
 30
0.0
 11
874.2622021050404
 21
265.5862364500538
 31
0.0
  0
LINE
  5
614B
330
5CD4
100
AcDbEntity
  8
LINBLDG
 62
     1
100
AcDbLine
 10
794.7378576194036
 20
179.5549579871072
 30
0.0
 11
806.8261903516676
 21
191.6432907193712
 31
0.0
  0
LINE
  5
614C
330
5CD4
100
AcDbEntity
  8
LINBLDG
 62
     1
100
AcDbLine
 10
865.7353341599378
 20
253.5238345990185
 30
0.0
 11
877.8236668922018
 21
265.6121673312825
 31
0.0
  0
LINE
  5
614D
330
5CD4
100
AcDbEntity
  8
LINBLDG
 62
     1
100
AcDbLine
 10
798.2993224065651
 20
179.5808888683359
 30
0.0
 11
810.387655138829
 21
191.6692216005999
 31
0.0
  0
LINE
  5
614E
330
5CD4
100
AcDbEntity
  8
LINBLDG
 62
     1
100
AcDbLine
 10
869.2967989470992
 20
253.5497654802473
 30
0.0
 11
881.3851316793632
 21
265.6380982125113
 31
0.0
  0
LINE
  5
614F
330
5CD4
100
AcDbEntity
  8
LINBLDG
 62
     1
100
AcDbLine
 10
801.8607871937265
 20
179.6068197495647
 30
0.0
 11
813.9491199259905
 21
191.6951524818286
 31
0.0
  0
LINE
  5
6150
330
5CD4
100
AcDbEntity
  8
LINBLDG
 62
     1
100
AcDbLine
 10
872.8582637342608
 20
253.575696361476
 30
0.0
 11
884.9465964665249
 21
265.66402909374
 31
0.0
  0
LINE
  5
6151
330
5CD4
100
AcDbEntity
  8
LINBLDG
 62
     1
100
AcDbLine
 10
805.422251980888
 20
179.6327506307934
 30
0.0
 11
817.510584713152
 21
191.7210833630574
 31
0.0
  0
LINE
  5
6152
330
5CD4
100
AcDbEntity
  8
LINBLDG
 62
     1
100
AcDbLine
 10
876.4197285214223
 20
253.6016272427047
 30
0.0
 11
888.5080612536863
 21
265.6899599749688
 31
0.0
  0
LINE
  5
6153
330
5CD4
100
AcDbEntity
  8
LINBLDG
 62
     1
100
AcDbLine
 10
808.9837167680496
 20
179.6586815120221
 30
0.0
 11
821.0720495003135
 21
191.747014244286
 31
0.0
  0
LINE
  5
6154
330
5CD4
100
AcDbEntity
  8
LINBLDG
 62
     1
100
AcDbLine
 10
879.9811933085839
 20
253.6275581239335
 30
0.0
 11
892.0695260408477
 21
265.7158908561974
 31
0.0
  0
LINE
  5
6155
330
5CD4
100
AcDbEntity
  8
LINBLDG
 62
     1
100
AcDbLine
 10
812.545181555211
 20
179.6846123932509
 30
0.0
 11
824.633514287475
 21
191.7729451255149
 31
0.0
  0
LINE
  5
6156
330
5CD4
100
AcDbEntity
  8
LINBLDG
 62
     1
100
AcDbLine
 10
883.5426580957453
 20
253.6534890051623
 30
0.0
 11
895.6309908280093
 21
265.7418217374264
 31
0.0
  0
LINE
  5
6157
330
5CD4
100
AcDbEntity
  8
LINBLDG
 62
     1
100
AcDbLine
 10
816.1066463423724
 20
179.7105432744796
 30
0.0
 11
828.1949790746364
 21
191.7988760067436
 31
0.0
  0
LINE
  5
6158
330
5CD4
100
AcDbEntity
  8
LINBLDG
 62
     1
100
AcDbLine
 10
887.1041228829067
 20
253.679419886391
 30
0.0
 11
899.1924556151708
 21
265.7677526186551
 31
0.0
  0
LINE
  5
6159
330
5CD4
100
AcDbEntity
  8
LINBLDG
 62
     1
100
AcDbLine
 10
819.6681111295339
 20
179.7364741557084
 30
0.0
 11
831.756443861798
 21
191.8248068879724
 31
0.0
  0
LINE
  5
615A
330
5CD4
100
AcDbEntity
  8
LINBLDG
 62
     1
100
AcDbLine
 10
890.6655876700681
 20
253.7053507676198
 30
0.0
 11
902.7539204023324
 21
265.7936834998838
 31
0.0
  0
LINE
  5
615B
330
5CD4
100
AcDbEntity
  8
LINBLDG
 62
     1
100
AcDbLine
 10
823.2295759166955
 20
179.7624050369372
 30
0.0
 11
835.3179086489595
 21
191.8507377692011
 31
0.0
  0
LINE
  5
615C
330
5CD4
100
AcDbEntity
  8
LINBLDG
 62
     1
100
AcDbLine
 10
894.2270524572299
 20
253.7312816488487
 30
0.0
 11
906.3153851894938
 21
265.8196143811126
 31
0.0
  0
LINE
  5
615D
330
5CD4
100
AcDbEntity
  8
LINBLDG
 62
     1
100
AcDbLine
 10
826.791040703857
 20
179.788335918166
 30
0.0
 11
838.8793734361209
 21
191.8766686504298
 31
0.0
  0
LINE
  5
615E
330
5CD4
100
AcDbEntity
  8
LINBLDG
 62
     1
100
AcDbLine
 10
897.7885172443912
 20
253.7572125300773
 30
0.0
 11
909.8768499766552
 21
265.8455452623414
 31
0.0
  0
LINE
  5
615F
330
5CD4
100
AcDbEntity
  8
LINBLDG
 62
     1
100
AcDbLine
 10
830.3525054910185
 20
179.8142667993947
 30
0.0
 11
842.4408382232823
 21
191.9025995316587
 31
0.0
  0
LINE
  5
6160
330
5CD4
100
AcDbEntity
  8
LINBLDG
 62
     1
100
AcDbLine
 10
901.3499820315528
 20
253.7831434113061
 30
0.0
 11
913.4383147638166
 21
265.87147614357
 31
0.0
  0
LINE
  5
6161
330
5CD4
100
AcDbEntity
  8
LINBLDG
 62
     1
100
AcDbLine
 10
833.9139702781799
 20
179.8401976806234
 30
0.0
 11
846.0023030104439
 21
191.9285304128874
 31
0.0
  0
LINE
  5
6162
330
5CD4
100
AcDbEntity
  8
LINBLDG
 62
     1
100
AcDbLine
 10
904.9114468187142
 20
253.8090742925348
 30
0.0
 11
916.9997795509782
 21
265.8974070247989
 31
0.0
  0
LINE
  5
6163
330
5CD4
100
AcDbEntity
  8
LINBLDG
 62
     1
100
AcDbLine
 10
837.4754350653413
 20
179.8661285618521
 30
0.0
 11
849.5637677976054
 21
191.9544612941162
 31
0.0
  0
LINE
  5
6164
330
5CD4
100
AcDbEntity
  8
LINBLDG
 62
     1
100
AcDbLine
 10
908.4729116058757
 20
253.8350051737635
 30
0.0
 11
920.5612443381399
 21
265.9233379060276
 31
0.0
  0
LINE
  5
6165
330
5CD4
100
AcDbEntity
  8
LINBLDG
 62
     1
100
AcDbLine
 10
841.036899852503
 20
179.8920594430809
 30
0.0
 11
853.1252325847669
 21
191.9803921753448
 31
0.0
  0
LINE
  5
6166
330
5CD4
100
AcDbEntity
  8
LINBLDG
 62
     1
100
AcDbLine
 10
912.0343763930373
 20
253.8609360549924
 30
0.0
 11
924.1227091253012
 21
265.9492687872562
 31
0.0
  0
LINE
  5
6167
330
5CD4
100
AcDbEntity
  8
LINBLDG
 62
     1
100
AcDbLine
 10
844.5983646396643
 20
179.9179903243096
 30
0.0
 11
856.6866973719284
 21
192.0063230565736
 31
0.0
  0
LINE
  5
6168
330
5CD4
100
AcDbEntity
  8
LINBLDG
 62
     1
100
AcDbLine
 10
915.5958411801987
 20
253.8868669362211
 30
0.0
 11
927.6841739124627
 21
265.9751996684851
 31
0.0
  0
LINE
  5
6169
330
5CD4
100
AcDbEntity
  8
LINBLDG
 62
     1
100
AcDbLine
 10
848.159829426826
 20
179.9439212055385
 30
0.0
 11
860.2481621590898
 21
192.0322539378024
 31
0.0
  0
LINE
  5
616A
330
5CD4
100
AcDbEntity
  8
LINBLDG
 62
     1
100
AcDbLine
 10
919.1573059673603
 20
253.9127978174499
 30
0.0
 11
931.2456386996244
 21
266.0011305497139
 31
0.0
  0
LINE
  5
616B
330
5CD4
100
AcDbEntity
  8
LINBLDG
 62
     1
100
AcDbLine
 10
851.7212942139874
 20
179.9698520867672
 30
0.0
 11
863.8096269462513
 21
192.0581848190312
 31
0.0
  0
LINE
  5
616C
330
5CD4
100
AcDbEntity
  8
LINBLDG
 62
     1
100
AcDbLine
 10
922.7187707545218
 20
253.9387286986786
 30
0.0
 11
934.8071034867858
 21
266.0270614309426
 31
0.0
  0
LINE
  5
616D
330
5CD4
100
AcDbEntity
  8
LINBLDG
 62
     1
100
AcDbLine
 10
855.2827590011489
 20
179.9957829679958
 30
0.0
 11
867.3710917334129
 21
192.0841157002599
 31
0.0
  0
LINE
  5
616E
330
5CD4
100
AcDbEntity
  8
LINBLDG
 62
     1
100
AcDbLine
 10
926.2802355416832
 20
253.9646595799073
 30
0.0
 11
938.3685682739472
 21
266.0529923121715
 31
0.0
  0
LINE
  5
616F
330
5CD4
100
AcDbEntity
  8
LINBLDG
 62
     1
100
AcDbLine
 10
858.8442237883103
 20
180.0217138492246
 30
0.0
 11
870.9325565205743
 21
192.1100465814886
 31
0.0
  0
LINE
  5
6170
330
5CD4
100
AcDbEntity
  8
LINBLDG
 62
     1
100
AcDbLine
 10
929.8417003288448
 20
253.9905904611362
 30
0.0
 11
941.9300330611086
 21
266.0789231934
 31
0.0
  0
LINE
  5
6171
330
5CD4
100
AcDbEntity
  8
LINBLDG
 62
     1
100
AcDbLine
 10
862.4056885754719
 20
180.0476447304534
 30
0.0
 11
874.4940213077358
 21
192.1359774627173
 31
0.0
  0
LINE
  5
6172
330
5CD4
100
AcDbEntity
  8
LINBLDG
 62
     1
100
AcDbLine
 10
933.4031651160061
 20
254.0165213423649
 30
0.0
 11
945.4914978482702
 21
266.1048540746289
 31
0.0
  0
LINE
  5
6173
330
5CD4
100
AcDbEntity
  8
LINBLDG
 62
     1
100
AcDbLine
 10
865.9671533626333
 20
180.0735756116821
 30
0.0
 11
878.0554860948973
 21
192.1619083439462
 31
0.0
  0
LINE
  5
6174
330
5CD4
100
AcDbEntity
  8
LINBLDG
 62
     1
100
AcDbLine
 10
936.9646299031679
 20
254.0424522235937
 30
0.0
 11
949.0529626354316
 21
266.1307849558576
 31
0.0
  0
LINE
  5
6175
330
5CD4
100
AcDbEntity
  8
LINBLDG
 62
     1
100
AcDbLine
 10
869.5286181497947
 20
180.0995064929109
 30
0.0
 11
881.6169508820587
 21
192.1878392251749
 31
0.0
  0
LINE
  5
6176
330
5CD4
100
AcDbEntity
  8
LINBLDG
 62
     1
100
AcDbLine
 10
940.5260946903293
 20
254.0683831048224
 30
0.0
 11
952.6144274225933
 21
266.1567158370864
 31
0.0
  0
LINE
  5
6177
330
5CD4
100
AcDbEntity
  8
LINBLDG
 62
     1
100
AcDbLine
 10
873.0900829369563
 20
180.1254373741397
 30
0.0
 11
885.1784156692203
 21
192.2137701064036
 31
0.0
  0
LINE
  5
6178
330
5CD4
100
AcDbEntity
  8
LINBLDG
 62
     1
100
AcDbLine
 10
944.0875594774907
 20
254.0943139860511
 30
0.0
 11
956.1758922097547
 21
266.1826467183151
 31
0.0
  0
LINE
  5
6179
330
5CD4
100
AcDbEntity
  8
LINBLDG
 62
     1
100
AcDbLine
 10
876.6515477241178
 20
180.1513682553684
 30
0.0
 11
888.7398804563818
 21
192.2397009876323
 31
0.0
  0
LINE
  5
617A
330
5CD4
100
AcDbEntity
  8
LINBLDG
 62
     1
100
AcDbLine
 10
947.6490242646523
 20
254.12024486728
 30
0.0
 11
959.7373569969161
 21
266.2085775995438
 31
0.0
  0
LINE
  5
617B
330
5CD4
100
AcDbEntity
  8
LINBLDG
 62
     1
100
AcDbLine
 10
880.2130125112792
 20
180.1772991365972
 30
0.0
 11
892.3013452435433
 21
192.2656318688613
 31
0.0
  0
LINE
  5
617C
330
5CD4
100
AcDbEntity
  8
LINBLDG
 62
     1
100
AcDbLine
 10
951.2104890518137
 20
254.1461757485087
 30
0.0
 11
963.2988217840779
 21
266.2345084807728
 31
0.0
  0
LINE
  5
617D
330
5CD4
100
AcDbEntity
  8
LINBLDG
 62
     1
100
AcDbLine
 10
883.7744772984407
 20
180.2032300178259
 30
0.0
 11
895.8628100307046
 21
192.2915627500899
 31
0.0
  0
LINE
  5
617E
330
5CD4
100
AcDbEntity
  8
LINBLDG
 62
     1
100
AcDbLine
 10
954.7719538389752
 20
254.1721066297374
 30
0.0
 11
966.8602865712392
 21
266.2604393620014
 31
0.0
  0
LINE
  5
617F
330
5CD4
100
AcDbEntity
  8
LINBLDG
 62
     1
100
AcDbLine
 10
887.3359420856023
 20
180.2291608990546
 30
0.0
 11
899.4242748178663
 21
192.3174936313186
 31
0.0
  0
LINE
  5
6180
330
5CD4
100
AcDbEntity
  8
LINBLDG
 62
     1
100
AcDbLine
 10
958.3334186261368
 20
254.1980375109662
 30
0.0
 11
970.4217513584006
 21
266.2863702432301
 31
0.0
  0
LINE
  5
6181
330
5CD4
100
AcDbEntity
  8
LINBLDG
 62
     1
100
AcDbLine
 10
890.8974068727638
 20
180.2550917802834
 30
0.0
 11
902.9857396050278
 21
192.3434245125474
 31
0.0
  0
LINE
  5
6182
330
5CD4
100
AcDbEntity
  8
LINBLDG
 62
     1
100
AcDbLine
 10
961.8948834132982
 20
254.2239683921949
 30
0.0
 11
973.9832161455622
 21
266.3123011244589
 31
0.0
  0
LINE
  5
6183
330
5CD4
100
AcDbEntity
  8
LINBLDG
 62
     1
100
AcDbLine
 10
894.4588716599253
 20
180.2810226615121
 30
0.0
 11
906.5472043921893
 21
192.3693553937761
 31
0.0
  0
LINE
  5
6184
330
5CD4
100
AcDbEntity
  8
LINBLDG
 62
     1
100
AcDbLine
 10
965.4563482004596
 20
254.2498992734236
 30
0.0
 11
977.5446809327236
 21
266.3382320056876
 31
0.0
  0
LINE
  5
6185
330
5CD4
100
AcDbEntity
  8
LINBLDG
 62
     1
100
AcDbLine
 10
898.0203364470867
 20
180.3069535427409
 30
0.0
 11
910.1086691793507
 21
192.3952862750049
 31
0.0
  0
LINE
  5
6186
330
5CD4
100
AcDbEntity
  8
LINBLDG
 62
     1
100
AcDbLine
 10
969.017812987621
 20
254.2758301546524
 30
0.0
 11
981.1061457198853
 21
266.3641628869165
 31
0.0
  0
LINE
  5
6187
330
5CD4
100
AcDbEntity
  8
LINBLDG
 62
     1
100
AcDbLine
 10
901.5818012342482
 20
180.3328844239697
 30
0.0
 11
913.6701339665123
 21
192.4212171562337
 31
0.0
  0
LINE
  5
6188
330
5CD4
100
AcDbEntity
  8
LINBLDG
 62
     1
100
AcDbLine
 10
972.5792777747827
 20
254.3017610358812
 30
0.0
 11
984.6676105070467
 21
266.3900937681452
 31
0.0
  0
LINE
  5
6189
330
5CD4
100
AcDbEntity
  8
LINBLDG
 62
     1
100
AcDbLine
 10
905.1432660214095
 20
180.3588153051984
 30
0.0
 11
917.2315987536736
 21
192.4471480374624
 31
0.0
  0
LINE
  5
618A
330
5CD4
100
AcDbEntity
  8
LINBLDG
 62
     1
100
AcDbLine
 10
976.1407425619441
 20
254.3276919171099
 30
0.0
 11
988.2290752942083
 21
266.416024649374
 31
0.0
  0
LINE
  5
618B
330
5CD4
100
AcDbEntity
  8
LINBLDG
 62
     1
100
AcDbLine
 10
908.7047308085712
 20
180.3847461864272
 30
0.0
 11
920.7930635408352
 21
192.4730789186912
 31
0.0
  0
LINE
  5
618C
330
5CD4
100
AcDbEntity
  8
LINBLDG
 62
     1
100
AcDbLine
 10
979.7022073491057
 20
254.3536227983388
 30
0.0
 11
991.7905400813697
 21
266.4419555306028
 31
0.0
  0
LINE
  5
618D
330
5CD4
100
AcDbEntity
  8
LINBLDG
 62
     1
100
AcDbLine
 10
912.2661955957326
 20
180.4106770676559
 30
0.0
 11
924.3545283279966
 21
192.49900979992
 31
0.0
  0
LINE
  5
618E
330
5CD4
100
AcDbEntity
  8
LINBLDG
 62
     1
100
AcDbLine
 10
983.2636721362671
 20
254.3795536795675
 30
0.0
 11
995.3520048685311
 21
266.4678864118315
 31
0.0
  0
LINE
  5
618F
330
5CD4
100
AcDbEntity
  8
LINBLDG
 62
     1
100
AcDbLine
 10
915.827660382894
 20
180.4366079488846
 30
0.0
 11
927.915993115158
 21
192.5249406811486
 31
0.0
  0
LINE
  5
6190
330
5CD4
100
AcDbEntity
  8
LINBLDG
 62
     1
100
AcDbLine
 10
986.8251369234288
 20
254.4054845607963
 30
0.0
 11
998.9134696556928
 21
266.4938172930603
 31
0.0
  0
LINE
  5
6191
330
5CD4
100
AcDbEntity
  8
LINBLDG
 62
     1
100
AcDbLine
 10
919.3891251700555
 20
180.4625388301134
 30
0.0
 11
931.4774579023197
 21
192.5508715623775
 31
0.0
  0
LINE
  5
6192
330
5CD4
100
AcDbEntity
  8
LINBLDG
 62
     1
100
AcDbLine
 10
990.3866017105902
 20
254.431415442025
 30
0.0
 11
1002.474934442854
 21
266.519748174289
 31
0.0
  0
LINE
  5
6193
330
5CD4
100
AcDbEntity
  8
LINBLDG
 62
     1
100
AcDbLine
 10
922.9505899572171
 20
180.4884697113421
 30
0.0
 11
935.0389226894811
 21
192.5768024436061
 31
0.0
  0
LINE
  5
6194
330
5CD4
100
AcDbEntity
  8
LINBLDG
 62
     1
100
AcDbLine
 10
993.9480664977516
 20
254.4573463232538
 30
0.0
 11
1006.036399230016
 21
266.5456790555177
 31
0.0
  0
LINE
  5
6195
330
5CD4
100
AcDbEntity
  8
LINBLDG
 62
     1
100
AcDbLine
 10
926.5120547443787
 20
180.514400592571
 30
0.0
 11
938.6003874766425
 21
192.602733324835
 31
0.0
  0
LINE
  5
6196
330
5CD4
100
AcDbEntity
  8
LINBLDG
 62
     1
100
AcDbLine
 10
997.509531284913
 20
254.4832772044825
 30
0.0
 11
1009.597864017177
 21
266.5716099367466
 31
0.0
  0
LINE
  5
6197
330
5CD4
100
AcDbEntity
  8
LINBLDG
 62
     1
100
AcDbLine
 10
930.0735195315401
 20
180.5403314737997
 30
0.0
 11
942.1618522638041
 21
192.6286642060637
 31
0.0
  0
LINE
  5
6198
330
5CD4
100
AcDbEntity
  8
LINBLDG
 62
     1
100
AcDbLine
 10
1001.070996072075
 20
254.5092080857113
 30
0.0
 11
1013.159328804339
 21
266.5975408179752
 31
0.0
  0
LINE
  5
6199
330
5CD4
100
AcDbEntity
  8
LINBLDG
 62
     1
100
AcDbLine
 10
933.6349843187015
 20
180.5662623550284
 30
0.0
 11
945.7233170509655
 21
192.6545950872924
 31
0.0
  0
LINE
  5
619A
330
5CD4
100
AcDbEntity
  8
LINBLDG
 62
     1
100
AcDbLine
 10
1004.632460859236
 20
254.5351389669401
 30
0.0
 11
1016.7207935915
 21
266.623471699204
 31
0.0
  0
LINE
  5
619B
330
5CD4
100
AcDbEntity
  8
LINBLDG
 62
     1
100
AcDbLine
 10
937.1964491058632
 20
180.5921932362572
 30
0.0
 11
949.2847818381271
 21
192.6805259685211
 31
0.0
  0
LINE
  5
619C
330
5CD4
100
AcDbEntity
  8
LINBLDG
 62
     1
100
AcDbLine
 10
1008.193925646398
 20
254.5610698481689
 30
0.0
 11
1020.282258378662
 21
266.6494025804329
 31
0.0
  0
LINE
  5
619D
330
5CD4
100
AcDbEntity
  8
LINBLDG
 62
     1
100
AcDbLine
 10
940.7579138930245
 20
180.6181241174859
 30
0.0
 11
952.8462466252886
 21
192.7064568497499
 31
0.0
  0
LINE
  5
619E
330
5CD4
100
AcDbEntity
  8
LINBLDG
 62
     1
100
AcDbLine
 10
1011.755390433559
 20
254.5870007293975
 30
0.0
 11
1023.843723165823
 21
266.6753334616616
 31
0.0
  0
LINE
  5
619F
330
5CD4
100
AcDbEntity
  8
LINBLDG
 62
     1
100
AcDbLine
 10
944.319378680186
 20
180.6440549987146
 30
0.0
 11
956.40771141245
 21
192.7323877309786
 31
0.0
  0
LINE
  5
61A0
330
5CD4
100
AcDbEntity
  8
LINBLDG
 62
     1
100
AcDbLine
 10
1015.316855220721
 20
254.6129316106264
 30
0.0
 11
1027.405187952985
 21
266.7012643428903
 31
0.0
  0
LINE
  5
61A1
330
5CD4
100
AcDbEntity
  8
LINBLDG
 62
     1
100
AcDbLine
 10
947.8808434673475
 20
180.6699858799435
 30
0.0
 11
959.9691761996115
 21
192.7583186122073
 31
0.0
  0
LINE
  5
61A2
330
5CD4
100
AcDbEntity
  8
LINBLDG
 62
     1
100
AcDbLine
 10
1018.878320007882
 20
254.638862491855
 30
0.0
 11
1030.966652740146
 21
266.7271952241191
 31
0.0
  0
LINE
  5
61A3
330
5CD4
100
AcDbEntity
  8
LINBLDG
 62
     1
100
AcDbLine
 10
951.442308254509
 20
180.695916761172
 30
0.0
 11
963.530640986773
 21
192.7842494934361
 31
0.0
  0
LINE
  5
61A4
330
5CD4
100
AcDbEntity
  8
LINBLDG
 62
     1
100
AcDbLine
 10
1022.439784795044
 20
254.6647933730838
 30
0.0
 11
1034.528117527308
 21
266.7531261053478
 31
0.0
  0
LINE
  5
61A5
330
5CD4
100
AcDbEntity
  8
LINBLDG
 62
     1
100
AcDbLine
 10
955.0037730416705
 20
180.7218476424009
 30
0.0
 11
967.0921057739345
 21
192.810180374665
 31
0.0
  0
LINE
  5
61A6
330
5CD4
100
AcDbEntity
  8
LINBLDG
 62
     1
100
AcDbLine
 10
1026.001249582205
 20
254.6907242543127
 30
0.0
 11
1038.089582314469
 21
266.7790569865766
 31
0.0
  0
LINE
  5
61A7
330
5CD4
100
AcDbEntity
  8
LINBLDG
 62
     1
100
AcDbLine
 10
958.565237828832
 20
180.7477785236296
 30
0.0
 11
970.653570561096
 21
192.8361112558936
 31
0.0
  0
LINE
  5
61A8
330
5CD4
100
AcDbEntity
  8
LINBLDG
 62
     1
100
AcDbLine
 10
1029.562714369367
 20
254.7166551355414
 30
0.0
 11
1041.65104710163
 21
266.8049878678053
 31
0.0
  0
LINE
  5
61A9
330
5CD4
100
AcDbEntity
  8
LINBLDG
 62
     1
100
AcDbLine
 10
962.1267026159935
 20
180.7737094048583
 30
0.0
 11
974.2150353482575
 21
192.8620421371223
 31
0.0
  0
LINE
  5
61AA
330
5CD4
100
AcDbEntity
  8
LINBLDG
 62
     1
100
AcDbLine
 10
1031.541524577751
 20
250.1885313666154
 30
0.0
 11
1043.536800801212
 21
262.1838075900769
 31
0.0
  0
LINE
  5
61AB
330
5CD4
100
AcDbEntity
  8
LINBLDG
 62
     1
100
AcDbLine
 10
965.688167403155
 20
180.7996402860872
 30
0.0
 11
977.776500135419
 21
192.8879730183512
 31
0.0
  0
LINE
  5
61AC
330
5CD4
100
AcDbEntity
  8
LINBLDG
 62
     1
100
AcDbLine
 10
1031.542916607907
 20
246.6543894908393
 30
0.0
 11
1043.538192831369
 21
258.6496657143009
 31
0.0
  0
LINE
  5
61AD
330
5CD4
100
AcDbEntity
  8
LINBLDG
 62
     1
100
AcDbLine
 10
969.2496321903164
 20
180.8255711673159
 30
0.0
 11
981.3379649225805
 21
192.9139038995799
 31
0.0
  0
LINE
  5
61AE
330
5CD4
100
AcDbEntity
  8
LINBLDG
 62
     1
100
AcDbLine
 10
1031.544308638064
 20
243.1202476150632
 30
0.0
 11
1043.539584861525
 21
255.1155238385247
 31
0.0
  0
LINE
  5
61AF
330
5CD4
100
AcDbEntity
  8
LINBLDG
 62
     1
100
AcDbLine
 10
972.811096977478
 20
180.8515020485446
 30
0.0
 11
984.899429709742
 21
192.9398347808086
 31
0.0
  0
LINE
  5
61B0
330
5CD4
100
AcDbEntity
  8
LINBLDG
 62
     1
100
AcDbLine
 10
1031.54570066822
 20
239.5861057392869
 30
0.0
 11
1043.540976891682
 21
251.5813819627485
 31
0.0
  0
LINE
  5
61B1
330
5CD4
100
AcDbEntity
  8
LINBLDG
 62
     1
100
AcDbLine
 10
976.3725617646395
 20
180.8774329297734
 30
0.0
 11
988.4608944969035
 21
192.9657656620374
 31
0.0
  0
LINE
  5
61B2
330
5CD4
100
AcDbEntity
  8
LINBLDG
 62
     1
100
AcDbLine
 10
1031.547092698377
 20
236.0519638635109
 30
0.0
 11
1043.542368921838
 21
248.0472400869723
 31
0.0
  0
LINE
  5
61B3
330
5CD4
100
AcDbEntity
  8
LINBLDG
 62
     1
100
AcDbLine
 10
979.9340265518008
 20
180.9033638110021
 30
0.0
 11
992.022359284065
 21
192.9916965432661
 31
0.0
  0
LINE
  5
61B4
330
5CD4
100
AcDbEntity
  8
LINBLDG
 62
     1
100
AcDbLine
 10
1031.548484728533
 20
232.5178219877346
 30
0.0
 11
1043.543760951995
 21
244.5130982111962
 31
0.0
  0
LINE
  5
61B5
330
5CD4
100
AcDbEntity
  8
LINBLDG
 62
     1
100
AcDbLine
 10
983.4954913389624
 20
180.9292946922309
 30
0.0
 11
995.5838240712264
 21
193.0176274244949
 31
0.0
  0
LINE
  5
61B6
330
5CD4
100
AcDbEntity
  8
LINBLDG
 62
     1
100
AcDbLine
 10
1031.54987675869
 20
228.9836801119586
 30
0.0
 11
1043.545152982151
 21
240.97895633542
 31
0.0
  0
LINE
  5
61B7
330
5CD4
100
AcDbEntity
  8
LINBLDG
 62
     1
100
AcDbLine
 10
987.0569561261239
 20
180.9552255734596
 30
0.0
 11
999.1452888583879
 21
193.0435583057237
 31
0.0
  0
LINE
  5
61B8
330
5CD4
100
AcDbEntity
  8
LINBLDG
 62
     1
100
AcDbLine
 10
1031.551268788847
 20
225.4495382361825
 30
0.0
 11
1043.546545012308
 21
237.444814459644
 31
0.0
  0
LINE
  5
61B9
330
5CD4
100
AcDbEntity
  8
LINBLDG
 62
     1
100
AcDbLine
 10
990.6184209132855
 20
180.9811564546884
 30
0.0
 11
1002.706753645549
 21
193.0694891869523
 31
0.0
  0
LINE
  5
61BA
330
5CD4
100
AcDbEntity
  8
LINBLDG
 62
     1
100
AcDbLine
 10
1031.552660819003
 20
221.9153963604064
 30
0.0
 11
1043.547937042465
 21
233.9106725838677
 31
0.0
  0
LINE
  5
61BB
330
5CD4
100
AcDbEntity
  8
LINBLDG
 62
     1
100
AcDbLine
 10
994.1798857004468
 20
181.0070873359172
 30
0.0
 11
1006.268218432711
 21
193.0954200681813
 31
0.0
  0
LINE
  5
61BC
330
5CD4
100
AcDbEntity
  8
LINBLDG
 62
     1
100
AcDbLine
 10
1031.55405284916
 20
218.3812544846302
 30
0.0
 11
1043.549329072621
 21
230.3765307080917
 31
0.0
  0
LINE
  5
61BD
330
5CD4
100
AcDbEntity
  8
LINBLDG
 62
     1
100
AcDbLine
 10
997.7413504876083
 20
181.0330182171459
 30
0.0
 11
1009.829683219872
 21
193.1213509494099
 31
0.0
  0
LINE
  5
61BE
330
5CD4
100
AcDbEntity
  8
LINBLDG
 62
     1
100
AcDbLine
 10
1031.555444879316
 20
214.847112608854
 30
0.0
 11
1043.550721102778
 21
226.8423888323154
 31
0.0
  0
LINE
  5
61BF
330
5CD4
100
AcDbEntity
  8
LINBLDG
 62
     1
100
AcDbLine
 10
1001.30281527477
 20
181.0589490983747
 30
0.0
 11
1013.391148007034
 21
193.1472818306386
 31
0.0
  0
LINE
  5
61C0
330
5CD4
100
AcDbEntity
  8
LINBLDG
 62
     1
100
AcDbLine
 10
1031.556836909473
 20
211.3129707330779
 30
0.0
 11
1043.552113132934
 21
223.3082469565393
 31
0.0
  0
LINE
  5
61C1
330
5CD4
100
AcDbEntity
  8
LINBLDG
 62
     1
100
AcDbLine
 10
1002.297068815534
 20
178.5176687332063
 30
0.0
 11
1016.952612794195
 21
193.1732127118674
 31
0.0
  0
LINE
  5
61C2
330
5CD4
100
AcDbEntity
  8
LINBLDG
 62
     1
100
AcDbLine
 10
1031.55822893963
 20
207.7788288573017
 30
0.0
 11
1043.553505163091
 21
219.7741050807631
 31
0.0
  0
LINE
  5
61C3
330
5CD4
100
AcDbEntity
  8
LINBLDG
 62
     1
100
AcDbLine
 10
1002.305615038621
 20
174.9906810503607
 30
0.0
 11
1020.514077581357
 21
193.1991435930961
 31
0.0
  0
LINE
  5
61C4
330
5CD4
100
AcDbEntity
  8
LINBLDG
 62
     1
100
AcDbLine
 10
1031.559620969786
 20
204.2446869815255
 30
0.0
 11
1043.554897193248
 21
216.2399632049869
 31
0.0
  0
LINE
  5
61C5
330
5CD4
100
AcDbEntity
  8
LINBLDG
 62
     1
100
AcDbLine
 10
1003.323904511465
 20
172.4734366172715
 30
0.0
 11
1024.075542368518
 21
193.2250744743249
 31
0.0
  0
LINE
  5
61C6
330
5CD4
100
AcDbEntity
  8
LINBLDG
 62
     1
100
AcDbLine
 10
1031.561012999943
 20
200.7105451057495
 30
0.0
 11
1043.556289223404
 21
212.7058213292109
 31
0.0
  0
LINE
  5
61C7
330
5CD4
100
AcDbEntity
  8
LINBLDG
 62
     1
100
AcDbLine
 10
1006.885369298626
 20
172.4993674985002
 30
0.0
 11
1027.63700715568
 21
193.2510053555538
 31
0.0
  0
LINE
  5
61C8
330
5CD4
100
AcDbEntity
  8
LINBLDG
 62
     1
100
AcDbLine
 10
1031.562405030099
 20
197.1764032299732
 30
0.0
 11
1043.557681253561
 21
209.1716794534346
 31
0.0
  0
LINE
  5
61C9
330
5CD4
100
AcDbEntity
  8
LINBLDG
 62
     1
100
AcDbLine
 10
1010.446834085788
 20
172.525298379729
 30
0.0
 11
1031.198471942841
 21
193.2769362367824
 31
0.0
  0
LINE
  5
61CA
330
5CD4
100
AcDbEntity
  8
LINBLDG
 62
     1
100
AcDbLine
 10
1031.563797060256
 20
193.6422613541972
 30
0.0
 11
1043.559073283717
 21
205.6375375776586
 31
0.0
  0
LINE
  5
61CB
330
5CD4
100
AcDbEntity
  8
LINBLDG
 62
     1
100
AcDbLine
 10
1014.008298872949
 20
172.5512292609577
 30
0.0
 11
1043.560465313874
 21
202.1033957018825
 31
0.0
  0
LINE
  5
61CC
330
5CD4
100
AcDbEntity
  8
LINBLDG
 62
     1
100
AcDbLine
 10
1017.569763660111
 20
172.5771601421865
 30
0.0
 11
1043.561857344031
 21
198.5692538261063
 31
0.0
  0
LINE
  5
61CD
330
5CD4
100
AcDbEntity
  8
LINBLDG
 62
     1
100
AcDbLine
 10
1021.131228447272
 20
172.6030910234153
 30
0.0
 11
1043.563249374187
 21
195.0351119503301
 31
0.0
  0
LINE
  5
61CE
330
5CD4
100
AcDbEntity
  8
LINBLDG
 62
     1
100
AcDbLine
 10
1024.692693234434
 20
172.629021904644
 30
0.0
 11
1043.832553393852
 21
191.7688820640623
 31
0.0
  0
LINE
  5
61CF
330
5CD4
100
AcDbEntity
  8
LINBLDG
 62
     1
100
AcDbLine
 10
1028.254158021595
 20
172.6549527858728
 30
0.0
 11
1047.394018181014
 21
191.794812945291
 31
0.0
  0
LINE
  5
61D0
330
5CD4
100
AcDbEntity
  8
LINBLDG
 62
     1
100
AcDbLine
 10
1031.815622808757
 20
172.6808836671015
 30
0.0
 11
1050.955482968175
 21
191.8207438265198
 31
0.0
  0
LINE
  5
61D1
330
5CD4
100
AcDbEntity
  8
LINBLDG
 62
     1
100
AcDbLine
 10
1038.93855238308
 20
172.732745429559
 30
0.0
 11
1051.396181681954
 21
185.1903747284334
 31
0.0
  0
LINE
  5
61D2
330
5CD4
100
AcDbEntity
  8
LINBLDG
 62
     1
100
AcDbLine
 10
1035.377087595919
 20
172.7068145483302
 30
0.0
 11
1051.394789651798
 21
188.7245166042095
 31
0.0
  0
LINE
  5
61D3
330
5CD4
100
AcDbEntity
  8
LINBLDG
 62
     1
100
AcDbLine
 10
1042.500017170241
 20
172.7586763107877
 30
0.0
 11
1051.397573712111
 21
181.6562328526574
 31
0.0
  0
LINE
  5
61D4
330
5CD4
100
AcDbEntity
  8
LINBLDG
 62
     1
100
AcDbLine
 10
1046.061481957403
 20
172.7846071920165
 30
0.0
 11
1051.398965742267
 21
178.1220909768814
 31
0.0
  0
LINE
  5
61D5
330
5CD4
100
AcDbEntity
  8
LINBLDG
 62
     1
100
AcDbLine
 10
1049.622946744564
 20
172.8105380732452
 30
0.0
 11
1051.400357772424
 21
174.5879491011051
 31
0.0
  0
LINE
  5
61DA
330
5CD4
100
AcDbEntity
  8
TENANT_TXT
  6
HIDDEN4
 62
     3
100
AcDbLine
 10
758.0827956797352
 20
264.7403388856298
 30
0.0
 11
758.1164535782495
 21
179.2883190238231
 31
0.0
  0
TEXT
  5
61EF
330
5CD4
100
AcDbEntity
  8
TENANT_TXT
100
AcDbText
 10
443.7516329172461
 20
270.8463909789801
 30
0.0
 40
3.6
  1
2,053 Sq. Ft.
  7
L120
100
AcDbText
  0
TEXT
  5
61F1
330
5CD4
100
AcDbEntity
  8
TENANT_TXT
100
AcDbText
 10
443.1438675383918
 20
398.2318836392517
 30
0.0
 40
4.8
  1
4,613 Sq. Ft.
  7
L120
100
AcDbText
  0
LINE
  5
64F5
330
5CD4
100
AcDbEntity
  8
LINCONC
100
AcDbLine
 10
486.7018693269075
 20
-1.964612181184907
 30
0.0
 11
486.6372836846049
 21
87.95060031752793
 31
0.0
  0
LINE
  5
64F6
330
5CD4
100
AcDbEntity
  8
LINCONC
100
AcDbLine
 10
468.7178201971833
 20
-20.19606025815571
 30
0.0
 11
397.3053819760584
 21
-20.64353935744682
 31
0.0
  0
LINE
  5
64FB
330
5CD4
100
AcDbEntity
  8
LINCONC
100
AcDbLine
 10
468.7033588740693
 20
-2.199426095985843
 30
0.0
 11
486.7018693269075
 21
-1.964612181184907
 31
0.0
  0
LINE
  5
64FC
330
5CD4
100
AcDbEntity
  8
LINCONC
100
AcDbLine
 10
468.7178201971833
 20
-20.19606025815571
 30
0.0
 11
468.7033588740693
 21
-2.199426095985843
 31
0.0
  0
LINE
  5
6504
330
5CD4
100
AcDbEntity
  8
LINCONC
100
AcDbLine
 10
414.6243600317851
 20
105.9168673221074
 30
0.0
 11
455.9243493774709
 21
105.9465328955398
 31
0.0
  0
LINE
  5
6505
330
5CD4
100
AcDbEntity
  8
LINCONC
100
AcDbLine
 10
414.6364543270789
 20
89.07936145314649
 30
0.0
 11
414.6243600317851
 21
105.9168673221074
 31
0.0
  0
LINE
  5
6506
330
5CD4
100
AcDbEntity
  8
LINCONC
100
AcDbLine
 10
467.9372788604953
 20
87.95060031752793
 30
0.0
 11
467.9239871344083
 21
106.4551523036278
 31
0.0
  0
LINE
  5
6507
330
5CD4
100
AcDbEntity
  8
LINCONC
100
AcDbLine
 10
455.9239902300928
 20
106.446532766553
 30
0.0
 11
467.9239871344083
 21
106.4551523036278
 31
0.0
  0
ARC
  5
650A
330
5CD4
100
AcDbEntity
  8
LINCONC
100
AcDbCircle
 10
409.1364557459343
 20
89.07541083198718
 30
0.0
 40
5.5
100
AcDbArc
 50
270.0411552615175
 51
0.0411552615175436
  0
LINE
  5
650B
330
5CD4
100
AcDbEntity
  8
LINCONC
100
AcDbLine
 10
391.9767711362159
 20
83.56308369847793
 30
0.0
 11
409.1404063670936
 21
83.5754122508426
 31
0.0
  0
LINE
  5
650C
330
5CD4
100
AcDbEntity
  8
LINCONC
100
AcDbLine
 10
392.1146169265116
 20
65.56317806888379
 30
0.0
 11
392.924042862772
 21
65.56375947543935
 31
0.0
  0
LINE
  5
6513
330
5CD4
100
AcDbEntity
  8
LINCONC
100
AcDbLine
 10
396.9278507451641
 20
60.26391636532259
 30
0.0
 11
416.9278455856899
 21
60.27828226044725
 31
0.0
  0
LINE
  5
6514
330
5CD4
100
AcDbEntity
  8
LINCONC
100
AcDbLine
 10
392.1132509287625
 20
24.26044877557293
 30
0.0
 11
396.9537093563891
 21
24.2639256523762
 31
0.0
  0
LINE
  5
6515
330
5CD4
100
AcDbEntity
  8
LINCONC
100
AcDbLine
 10
416.9278455856899
 20
60.27828226044725
 30
0.0
 11
416.9537041969143
 21
24.27829154750086
 31
0.0
  0
LINE
  5
6516
330
5CD4
100
AcDbEntity
  8
LINCONC
100
AcDbLine
 10
396.9269150099021
 20
61.56663368635916
 30
0.0
 11
396.9350336927265
 21
50.2639189450597
 31
0.0
  0
LINE
  5
6517
330
5CD4
100
AcDbEntity
  8
LINCONC
100
AcDbLine
 10
396.9350336927264
 20
50.2639189450597
 30
0.0
 11
406.9350311129893
 21
50.27110189262203
 31
0.0
  0
LINE
  5
6518
330
5CD4
100
AcDbEntity
  8
LINCONC
100
AcDbLine
 10
396.9454489666919
 20
35.76392268567852
 30
0.0
 11
406.9454463869548
 21
35.77110563324085
 31
0.0
  0
LINE
  5
6519
330
5CD4
100
AcDbEntity
  8
LINCONC
100
AcDbLine
 10
406.9350311129893
 20
50.27110189262203
 30
0.0
 11
406.9454463869548
 21
35.77110563324085
 31
0.0
  0
LINE
  5
651A
330
5CD4
100
AcDbEntity
  8
LINCONC
100
AcDbLine
 10
396.9454489666919
 20
35.76392268567852
 30
0.0
 11
396.9537093563886
 21
24.2639256523762
 31
0.0
  0
ARC
  5
651E
330
5CD4
100
AcDbEntity
  8
LINCONC
100
AcDbCircle
 10
392.926916041797
 20
61.5637605073342
 30
0.0
 40
4.0
100
AcDbArc
 50
0.0411552615179125
 51
90.04115526151753
  0
LINE
  5
651F
330
5CD4
100
AcDbEntity
  8
LINCONC
100
AcDbLine
 10
396.9537093563891
 20
24.2639256523762
 30
0.0
 11
416.9537041969143
 21
24.27829154750086
 31
0.0
  0
HATCH
  5
65C0
330
5CD4
100
AcDbEntity
  8
HATCH
100
AcDbHatch
 10
0.0
 20
0.0
 30
0.0
210
0.0
220
0.0
230
1.0
  2
BRICK
 70
     0
 71
     0
 91
        2
 92
        7
 72
     0
 73
     1
 93
        8
 10
416.9278455856897
 20
60.27828226044724
 10
396.9278507451642
 20
60.26391636532258
 10
396.9350336927266
 20
50.2639189450597
 10
406.9350311129893
 20
50.27110189262203
 10
406.9454463869548
 20
35.77110563324085
 10
396.9454489666918
 20
35.76392268567852
 10
396.9537093563885
 20
24.26392565237619
 10
416.9537041969142
 20
24.27829154750086
 97
        0
 92
      137
 93
        4
 72
     1
 10
398.7301303582358
 20
47.60278147802767
 11
409.3064274996974
 21
58.17907861948932
 72
     1
 10
409.3064274996974
 20
58.17907861948932
 11
407.0335842744549
 21
60.45192184473179
 72
     1
 10
407.0335842744549
 20
60.45192184473179
 11
396.4572871329933
 21
49.87562470327015
 72
     1
 10
396.4572871329933
 20
49.87562470327015
 11
398.7301303582358
 21
47.60278147802767
 97
        0
 75
     0
 76
     1
 52
0.0
 41
10.0
 77
     0
 78
     3
 53
0.0
 43
0.0
 44
0.0
 45
0.0
 46
2.5
 79
     0
 53
90.0
 43
0.0
 44
0.0
 45
-5.0
 46
0.0000000000000003
 79
     2
 49
2.5
 49
-2.5
 53
90.0
 43
2.5
 44
0.0
 45
-5.0
 46
0.0000000000000003
 79
     2
 49
-2.5
 49
2.5
 47
0.1066393594142079
 98
        1
 10
407.855977084093
 20
33.70277311869177
  0
HATCH
  5
67A4
330
5CD4
100
AcDbEntity
  8
HATCH
100
AcDbHatch
 10
0.0
 20
0.0
 30
0.0
210
0.0
220
0.0
230
1.0
  2
BRICK
 70
     0
 71
     0
 91
        1
 92
        7
 72
     0
 73
     1
 93
        4
 10
467.9239871344082
 20
106.4551523036278
 10
455.9239902300927
 20
106.446532766553
 10
455.936919535705
 20
88.44653741007977
 10
467.9369164400204
 20
88.45515694715456
 97
        0
 75
     0
 76
     1
 52
0.0
 41
10.0
 77
     0
 78
     3
 53
0.0
 43
0.0
 44
0.0
 45
0.0
 46
2.5
 79
     0
 53
90.0
 43
0.0
 44
0.0
 45
-5.0
 46
0.0000000000000003
 79
     2
 49
2.5
 49
-2.5
 53
90.0
 43
2.5
 44
0.0
 45
-5.0
 46
0.0000000000000003
 79
     2
 49
-2.5
 49
2.5
 47
0.4265574376568316
 98
        1
 10
464.8500027422451
 20
94.7538101307673
  0
INSERT
  5
67AF
330
5CD4
100
AcDbEntity
  8
LINCONC
100
AcDbBlockReference
  2
LUMIN
 10
490.962884854667
 20
61.63934441080424
 30
0.0
 41
30.0
 42
30.0
 43
30.0
  0
INSERT
  5
67B0
330
5CD4
100
AcDbEntity
  8
LINCONC
100
AcDbBlockReference
  2
LUMIN
 10
454.2249721271601
 20
-24.68328258860135
 30
0.0
 41
30.0
 42
30.0
 43
30.0
  0
DIMENSION
  5
67BA
330
5CD4
100
AcDbEntity
  8
EASEMENT_TXT
100
AcDbDimension
  2
*D46
 10
411.1868043932699
 20
-21.00150920257446
 30
0.0
 11
411.2033056041523
 21
-26.00148197350426
 31
0.0
 70
    33
  1
 
  3
STANDARD
100
AcDbAlignedDimension
 13
411.8705102611443
 23
-30.999307253782
 33
0.0
 14
411.8375078393796
 24
-20.9993617119224
 34
0.0
1001
ACAD
1000
DSTYLE
1002
{
1070
   287
1070
     5
1070
   279
1070
     2
1070
    78
1070
     7
1070
   284
1070
     7
1070
   140
1040
0.06
1070
   340
1005
5D16
1070
    74
1070
     0
1070
   174
1070
     1
1070
    73
1070
     0
1070
   272
1070
     2
1070
    76
1070
     1
1070
    75
1070
     1
1070
    40
1040
30.0
1070
     3
1000
'
1070
    42
1040
0.0
1070
   271
1070
     2
1070
     7
1000
ARROW5
1070
     6
1000
ARROW5
1070
   275
1070
     1
1070
    41
1040
0.06
1070
     4
1000
m
1070
   285
1070
     7
1070
   286
1070
     7
1070
   143
1040
0.3048
1002
}
  0
INSERT
  5
67C4
330
5CD4
100
AcDbEntity
  8
LINCONC
100
AcDbBlockReference
  2
U_POLE
 10
392.1780279123281
 20
-29.44939213150477
 30
0.0
 41
30.0
 42
30.0
 43
30.0
 50
330.1207869535195
  0
INSERT
  5
67C9
330
5CD4
100
AcDbEntity
  8
TEXTL
100
AcDbBlockReference
  2
IP
 10
492.0759305882376
 20
-29.9055616854438
 30
0.0
 41
20.0
 42
20.0
 43
20.0
  0
LWPOLYLINE
  5
67E5
330
5CD4
100
AcDbEntity
  8
LINCONC
100
AcDbPolyline
 90
       14
 70
     0
 43
0.0
 10
391.9764119888378
 20
84.06308356949107
 10
409.1400472197155
 20
84.07541212185575
 42
0.414213562373095
 10
414.1364544560657
 20
89.07900230576836
 10
414.1240010133939
 20
106.4165080457424
 10
455.9239902300928
 20
106.446532766553
 10
455.936919535705
 20
88.44653741007978
 10
487.1369114869257
 20
88.46894820647422
 10
487.2022239450604
 20
-2.458126955835426
 10
469.2037556023538
 20
-2.692940321255229
 10
469.2182196254409
 20
-20.69293450992196
 10
397.3544331543422
 20
-21.14324181272277
 10
397.2201581431801
 20
0.2854817955336046
 42
0.412369795899688
 10
393.2203689607364
 20
4.260417794651968
 10
392.1276168238871
 20
4.26045393504716
  0
LINE
  5
6806
330
5CD4
100
AcDbEntity
  8
LINCONC
100
AcDbLine
 10
658.6211231553459
 20
401.724459333709
 30
0.0
 11
650.2321205113249
 21
416.3165871430273
 31
0.0
  0
LINE
  5
6808
330
5CD4
100
AcDbEntity
  8
LINCONC
100
AcDbLine
 10
650.8186265946161
 20
397.2388102814761
 30
0.0
 11
658.6211231553459
 21
401.724459333709
 31
0.0
  0
LINE
  5
6809
330
5CD4
100
AcDbEntity
  8
LINCONC
100
AcDbLine
 10
650.8186265946161
 20
397.2388102814761
 30
0.0
 11
658.5565478627288
 21
383.7791964377233
 31
0.0
  0
LINE
  5
680A
330
5CD4
100
AcDbEntity
  8
LINCONC
100
AcDbLine
 10
643.8343567434976
 20
381.0915671363634
 30
0.0
 11
657.2471913336658
 21
381.0316082452982
 31
0.0
  0
LINE
  5
680C
330
5CD4
100
AcDbEntity
  8
LINCONC
100
AcDbLine
 10
648.9150209317984
 20
417.5689093817677
 30
0.0
 11
643.8782934622798
 21
417.5268928335967
 31
0.0
  0
ARC
  5
680D
330
5CD4
100
AcDbEntity
  8
LINCONC
100
AcDbCircle
 10
648.9317044178698
 20
415.5689789676551
 30
0.0
 40
2.0
100
AcDbArc
 50
29.89456139070813
 51
90.47795221286411
  0
ARC
  5
680E
330
5CD4
100
AcDbEntity
  8
LINCONC
100
AcDbCircle
 10
657.2561317692739
 20
383.0315882623512
 30
0.0
 40
2.0
100
AcDbArc
 50
269.7438745333004
 51
29.89456139070806
  0
LINE
  5
680F
330
5CD4
100
AcDbEntity
  8
LINCONC
100
AcDbLine
 10
648.9191918033163
 20
417.0689267782395
 30
0.0
 11
643.8824643337977
 21
417.0269102300685
 31
0.0
  0
ARC
  5
6810
330
5CD4
100
AcDbEntity
  8
LINCONC
100
AcDbCircle
 10
648.9317044178698
 20
415.5689789676551
 30
0.0
 40
1.5
100
AcDbArc
 50
29.89456139070813
 51
90.47795221286411
  0
ARC
  5
6811
330
5CD4
100
AcDbEntity
  8
LINCONC
100
AcDbCircle
 10
657.2561317692739
 20
383.0315882623512
 30
0.0
 40
1.5
100
AcDbArc
 50
269.7438745333004
 51
29.89456139070806
  0
LINE
  5
6812
330
5CD4
100
AcDbEntity
  8
LINCONC
100
AcDbLine
 10
643.8365918523996
 20
381.5915621406266
 30
0.0
 11
657.2494264425678
 21
381.5316032495614
 31
0.0
  0
LINE
  5
6813
330
5CD4
100
AcDbEntity
  8
LINCONC
100
AcDbLine
 10
643.7911113514672
 20
320.7354677834262
 30
0.0
 11
657.2039459416354
 21
320.675508892361
 31
0.0
  0
LINE
  5
6814
330
5CD4
100
AcDbEntity
  8
LINCONC
100
AcDbLine
 10
643.7933464603692
 20
321.2354627876894
 30
0.0
 11
657.2061810505375
 21
321.1755038966242
 31
0.0
  0
LINE
  5
6815
330
5CD4
100
AcDbEntity
  8
LINCONC
100
AcDbLine
 10
659.3337058409146
 20
341.2261464608513
 30
0.0
 11
651.4580559588613
 21
336.6984416225112
 31
0.0
  0
LINE
  5
6817
330
5CD4
100
AcDbEntity
  8
LINCONC
100
AcDbLine
 10
650.7753812025858
 20
336.8827109285389
 30
0.0
 11
658.5778777633155
 21
341.3683599807717
 31
0.0
  0
LINE
  5
6818
330
5CD4
100
AcDbEntity
  8
LINCONC
100
AcDbLine
 10
651.4580559588613
 20
336.6984416225112
 30
0.0
 11
658.9467745018502
 21
323.6722998099102
 31
0.0
  0
LINE
  5
6819
330
5CD4
100
AcDbEntity
  8
LINCONC
100
AcDbLine
 10
650.7753812025858
 20
336.8827109285389
 30
0.0
 11
658.5133024706985
 21
323.4230970847861
 31
0.0
  0
ARC
  5
681A
330
5CD4
100
AcDbEntity
  8
LINCONC
100
AcDbCircle
 10
657.2128863772435
 20
322.675488909414
 30
0.0
 40
2.0
100
AcDbArc
 50
269.7438745333004
 51
29.89456139070806
  0
ARC
  5
681B
330
5CD4
100
AcDbEntity
  8
LINCONC
100
AcDbCircle
 10
657.2128863772435
 20
322.675488909414
 30
0.0
 40
1.5
100
AcDbArc
 50
269.7438745333004
 51
29.89456139070806
  0
LINE
  5
681C
330
5CD4
100
AcDbEntity
  8
LINCONC
100
AcDbLine
 10
658.5778777633155
 20
341.3683599807717
 30
0.0
 11
649.7657523095528
 21
356.6964825657253
 31
0.0
  0
LINE
  5
681E
330
5CD4
100
AcDbEntity
  8
LINCONC
100
AcDbLine
 10
648.7690181260668
 20
357.5608511671225
 30
0.0
 11
643.942670904763
 21
357.5205896179835
 31
0.0
  0
LINE
  5
681F
330
5CD4
100
AcDbEntity
  8
LINCONC
100
AcDbLine
 10
648.7731889975847
 20
357.0608685635944
 30
0.0
 11
643.9468417762808
 21
357.0206070144553
 31
0.0
  0
ARC
  5
6822
330
5CD4
100
AcDbEntity
  8
LINCONC
100
AcDbCircle
 10
648.7857016121383
 20
355.56092075301
 30
0.0
 40
2.0
100
AcDbArc
 50
29.89456139070795
 51
90.47795221286329
  0
ARC
  5
6823
330
5CD4
100
AcDbEntity
  8
LINCONC
100
AcDbCircle
 10
648.7857016121383
 20
355.56092075301
 30
0.0
 40
1.5
100
AcDbArc
 50
49.2040471179944
 51
90.47795221286329
  0
LINE
  5
6825
330
5CD4
100
AcDbEntity
  8
LINCONC
100
AcDbLine
 10
839.245146580649
 20
396.5260317952179
 30
0.0
 11
847.3771667676913
 21
382.3809083577076
 31
0.0
  0
LINE
  5
6826
330
5CD4
100
AcDbEntity
  8
LINCONC
100
AcDbLine
 10
839.245146580649
 20
396.5260317952179
 30
0.0
 11
847.0476431413789
 21
401.0116808474509
 31
0.0
  0
LINE
  5
6827
330
5CD4
100
AcDbEntity
  8
LINCONC
100
AcDbLine
 10
847.0476431413789
 20
401.0116808474509
 30
0.0
 11
840.231070013293
 21
412.8686691602968
 31
0.0
  0
LINE
  5
6828
330
5CD4
100
AcDbEntity
  8
LINCONC
100
AcDbLine
 10
859.8110798761452
 20
401.0227929711905
 30
0.0
 11
851.7464933716363
 21
415.1890412802601
 31
0.0
  0
LINE
  5
6829
330
5CD4
100
AcDbEntity
  8
LINCONC
100
AcDbLine
 10
851.9896686990606
 20
396.5702063971894
 30
0.0
 11
859.8110798761452
 21
401.0227929711905
 31
0.0
  0
LINE
  5
682A
330
5CD4
100
AcDbEntity
  8
LINCONC
100
AcDbLine
 10
851.9896686990606
 20
396.5702063971894
 30
0.0
 11
858.7584638968322
 21
384.680144399434
 31
0.0
  0
LINE
  5
682B
330
5CD4
100
AcDbEntity
  8
LINCONC
100
AcDbLine
 10
849.4663265036094
 20
380.6279413741314
 30
0.0
 11
856.507649261135
 21
380.4443341863484
 31
0.0
  0
LINE
  5
682C
330
5CD4
100
AcDbEntity
  8
LINCONC
100
AcDbLine
 10
842.4663406833342
 20
417.1139140477657
 30
0.0
 11
849.6417896700623
 21
416.9514429382194
 31
0.0
  0
ARC
  5
682D
330
5CD4
100
AcDbEntity
  8
LINCONC
100
AcDbCircle
 10
849.5445269234498
 20
383.6269219833279
 30
0.0
 40
3.0
100
AcDbArc
 50
209.8945613907083
 51
268.5063128083879
  0
ARC
  5
682E
330
5CD4
100
AcDbEntity
  8
LINCONC
100
AcDbCircle
 10
856.5858496809755
 20
383.4433147955449
 30
0.0
 40
3.0
100
AcDbArc
 50
268.5063128083881
 51
29.6520692220332
  0
ARC
  5
682F
330
5CD4
100
AcDbEntity
  8
LINCONC
100
AcDbCircle
 10
842.3984301690515
 20
414.1146827859171
 30
0.0
 40
3.0
100
AcDbArc
 50
88.70289392101513
 51
209.8945613907078
  0
ARC
  5
6830
330
5CD4
100
AcDbEntity
  8
LINCONC
100
AcDbCircle
 10
849.5738791557795
 20
413.9522116763708
 30
0.0
 40
3.0
100
AcDbArc
 50
29.65206922203402
 51
88.7028939210153
  0
ARC
  5
6831
330
5CD4
100
AcDbEntity
  8
LINCONC
100
AcDbCircle
 10
842.3984301690515
 20
414.1146827859171
 30
0.0
 40
2.5
100
AcDbArc
 50
88.70289392101513
 51
209.8945613907078
  0
LINE
  5
6832
330
5CD4
100
AcDbEntity
  8
LINCONC
100
AcDbLine
 10
842.4550222642871
 20
416.614042170791
 30
0.0
 11
849.6304712510151
 21
416.4515710612447
 31
0.0
  0
ARC
  5
6833
330
5CD4
100
AcDbEntity
  8
LINCONC
100
AcDbCircle
 10
849.5738791557795
 20
413.9522116763708
 30
0.0
 40
2.5
100
AcDbArc
 50
29.65206922203402
 51
88.7028939210153
  0
ARC
  5
6834
330
5CD4
100
AcDbEntity
  8
LINCONC
100
AcDbCircle
 10
856.5858496809755
 20
383.4433147955449
 30
0.0
 40
2.5
100
AcDbArc
 50
268.5063128083881
 51
29.6520692220332
  0
LINE
  5
6835
330
5CD4
100
AcDbEntity
  8
LINCONC
100
AcDbLine
 10
849.4793599069161
 20
381.1277714756642
 30
0.0
 11
856.5206826644418
 21
380.9441642878812
 31
0.0
  0
ARC
  5
6836
330
5CD4
100
AcDbEntity
  8
LINCONC
100
AcDbCircle
 10
849.5445269234498
 20
383.6269219833279
 30
0.0
 40
2.5
100
AcDbArc
 50
209.8945613907083
 51
268.5063128083879
  0
ARC
  5
6837
330
5CD4
100
AcDbEntity
  8
LINCONC
100
AcDbCircle
 10
856.6456538103685
 20
323.0772687212198
 30
0.0
 40
3.0
100
AcDbArc
 50
268.5063128083881
 51
29.6520692220332
  0
ARC
  5
6838
330
5CD4
100
AcDbEntity
  8
LINCONC
100
AcDbCircle
 10
856.6456538103685
 20
323.0772687212198
 30
0.0
 40
2.5
100
AcDbArc
 50
268.5063128083881
 51
29.6520692220332
  0
LINE
  5
6839
330
5CD4
100
AcDbEntity
  8
LINCONC
100
AcDbLine
 10
859.8708840055382
 20
340.6567468968654
 30
0.0
 11
851.8062975010293
 21
354.822995205935
 31
0.0
  0
LINE
  5
683A
330
5CD4
100
AcDbEntity
  8
LINCONC
100
AcDbLine
 10
860.5527727694875
 20
340.4695899744719
 30
0.0
 11
852.2408203442008
 21
355.0703611267128
 31
0.0
  0
LINE
  5
683B
330
5CD4
100
AcDbEntity
  8
LINCONC
100
AcDbLine
 10
852.731361592403
 20
336.0170034004709
 30
0.0
 11
860.5527727694875
 21
340.4695899744719
 31
0.0
  0
LINE
  5
683C
330
5CD4
100
AcDbEntity
  8
LINCONC
100
AcDbLine
 10
852.0494728284536
 20
336.2041603228643
 30
0.0
 11
859.8708840055382
 21
340.6567468968654
 31
0.0
  0
ARC
  5
683D
330
5CD4
100
AcDbEntity
  8
LINCONC
100
AcDbCircle
 10
849.6336832851725
 20
353.5861656020458
 30
0.0
 40
2.5
100
AcDbArc
 50
29.65206922203402
 51
88.7028939210153
  0
ARC
  5
683E
330
5CD4
100
AcDbEntity
  8
LINCONC
100
AcDbCircle
 10
849.6336832851725
 20
353.5861656020458
 30
0.0
 40
3.0
100
AcDbArc
 50
29.65206922203402
 51
88.7028939210153
  0
ARC
  5
683F
330
5CD4
100
AcDbEntity
  8
LINCONC
100
AcDbCircle
 10
842.4582342984445
 20
353.748636711592
 30
0.0
 40
2.5
100
AcDbArc
 50
88.70289392101513
 51
209.8945613907078
  0
ARC
  5
6840
330
5CD4
100
AcDbEntity
  8
LINCONC
100
AcDbCircle
 10
842.4582342984445
 20
353.748636711592
 30
0.0
 40
3.0
100
AcDbArc
 50
88.70289392101513
 51
209.8945613907078
  0
LINE
  5
6841
330
5CD4
100
AcDbEntity
  8
LINCONC
100
AcDbLine
 10
846.4247725144963
 20
340.8299040791533
 30
0.0
 11
838.6222759537663
 21
336.3442550269205
 31
0.0
  0
LINE
  5
6842
330
5CD4
100
AcDbEntity
  8
LINCONC
100
AcDbLine
 10
847.1074472707719
 20
340.6456347731258
 30
0.0
 11
840.290874142686
 21
352.5026230859717
 31
0.0
  0
LINE
  5
6843
330
5CD4
100
AcDbEntity
  8
LINCONC
100
AcDbLine
 10
839.304950710042
 20
336.1599857208928
 30
0.0
 11
847.4369708970843
 21
322.0148622833825
 31
0.0
  0
LINE
  5
6844
330
5CD4
100
AcDbEntity
  8
LINCONC
100
AcDbLine
 10
846.4247725144962
 20
340.8299040791534
 30
0.0
 11
839.8574021115345
 21
352.2534203608478
 31
0.0
  0
LINE
  5
6845
330
5CD4
100
AcDbEntity
  8
LINCONC
100
AcDbLine
 10
838.6222759537662
 20
336.3442550269206
 30
0.0
 11
847.0034988659328
 21
321.7656595582586
 31
0.0
  0
LINE
  5
6846
330
5CD4
100
AcDbEntity
  8
LINCONC
100
AcDbLine
 10
839.304950710042
 20
336.1599857208928
 30
0.0
 11
847.1074472707719
 21
340.6456347731258
 31
0.0
  0
ARC
  5
6847
330
5CD4
100
AcDbEntity
  8
LINCONC
100
AcDbCircle
 10
849.6043310528428
 20
323.2608759090028
 30
0.0
 40
3.0
100
AcDbArc
 50
209.8945613907083
 51
268.5063128083879
  0
ARC
  5
6848
330
5CD4
100
AcDbEntity
  8
LINCONC
100
AcDbCircle
 10
849.6043310528428
 20
323.2608759090028
 30
0.0
 40
2.5
100
AcDbArc
 50
209.8945613907083
 51
268.5063128083879
  0
LINE
  5
6849
330
5CD4
100
AcDbEntity
  8
LINCONC
100
AcDbLine
 10
849.5261306330024
 20
320.2618952998063
 30
0.0
 11
856.567453390528
 21
320.0782881120233
 31
0.0
  0
LINE
  5
684A
330
5CD4
100
AcDbEntity
  8
LINCONC
100
AcDbLine
 10
849.5391640363091
 20
320.7617254013391
 30
0.0
 11
856.5804867938348
 21
320.5781182135561
 31
0.0
  0
LINE
  5
684B
330
5CD4
100
AcDbEntity
  8
LINCONC
100
AcDbLine
 10
852.0494728284536
 20
336.2041603228643
 30
0.0
 11
858.8182680262252
 21
324.3140983251089
 31
0.0
  0
LINE
  5
684C
330
5CD4
100
AcDbEntity
  8
LINCONC
100
AcDbLine
 10
852.731361592403
 20
336.0170034004709
 30
0.0
 11
859.2527908693967
 21
324.5614642458868
 31
0.0
  0
LINE
  5
684D
330
5CD4
100
AcDbEntity
  8
LINCONC
100
AcDbLine
 10
842.5148263936801
 20
356.2479960964659
 30
0.0
 11
849.6902753804081
 21
356.0855249869196
 31
0.0
  0
LINE
  5
684E
330
5CD4
100
AcDbEntity
  8
LINCONC
100
AcDbLine
 10
842.5261448127272
 20
356.7478679734406
 30
0.0
 11
849.7015937994553
 21
356.5853968638943
 31
0.0
  0
LINE
  5
6864
330
5CD4
100
AcDbEntity
  8
LINCONC
100
AcDbLine
 10
935.7394437051794
 20
416.5611746652353
 30
0.0
 11
926.8091428325602
 21
416.601065860064
 31
0.0
  0
LINE
  5
6865
330
5CD4
100
AcDbEntity
  8
LINCONC
100
AcDbLine
 10
935.6681830256628
 20
416.0614879946444
 30
0.0
 11
926.8069093805515
 21
416.1010708483968
 31
0.0
  0
ARC
  5
6868
330
5CD4
100
AcDbEntity
  8
LINCONC
100
AcDbCircle
 10
926.8002090245247
 20
414.6010858133951
 30
0.0
 40
2.0
100
AcDbArc
 50
89.74406440116488
 51
209.8947512585725
  0
ARC
  5
6869
330
5CD4
100
AcDbEntity
  8
LINCONC
100
AcDbCircle
 10
926.8002090245247
 20
414.6010858133951
 30
0.0
 40
1.5
100
AcDbArc
 50
89.74406440116488
 51
209.8947512585725
  0
LINE
  5
686A
330
5CD4
100
AcDbEntity
  8
LINCONC
100
AcDbLine
 10
932.5550859124078
 20
400.5781521708435
 30
0.0
 11
925.066324203179
 21
413.6042691671122
 31
0.0
  0
LINE
  5
686B
330
5CD4
100
AcDbEntity
  8
LINCONC
100
AcDbLine
 10
933.2377612793147
 20
400.3938851270776
 30
0.0
 11
925.4997954085154
 21
413.853473328683
 31
0.0
  0
LINE
  5
686F
330
5CD4
100
AcDbEntity
  8
LINCONC
100
AcDbLine
 10
925.1878336453055
 20
396.34269223325
 30
0.0
 11
932.5550859124078
 21
400.5781521708435
 31
0.0
  0
LINE
  5
6870
330
5CD4
100
AcDbEntity
  8
LINCONC
100
AcDbLine
 10
925.1878336453055
 20
396.34269223325
 30
0.0
 11
933.489734399973
 21
381.9021832785529
 31
0.0
  0
LINE
  5
6871
330
5CD4
100
AcDbEntity
  8
LINCONC
100
AcDbLine
 10
925.8525691883915
 20
396.1896301140173
 30
0.0
 11
933.9232056053094
 21
382.1513874401234
 31
0.0
  0
ARC
  5
687A
330
5CD4
100
AcDbEntity
  8
LINCONC
100
AcDbCircle
 10
935.2236192213187
 20
382.8989999248355
 30
0.0
 40
1.5
100
AcDbArc
 50
209.8947512585732
 51
359.9982000009057
  0
ARC
  5
687C
330
5CD4
100
AcDbEntity
  8
LINCONC
100
AcDbCircle
 10
935.2236192213187
 20
382.8989999248355
 30
0.0
 40
2.0
100
AcDbArc
 50
209.8947512585732
 51
359.9982000009057
  0
ARC
  5
687D
330
5CD4
100
AcDbEntity
  8
LINCONC
100
AcDbCircle
 10
927.5426885208246
 20
354.0507726953043
 30
0.0
 40
2.0
100
AcDbArc
 50
89.74406440116488
 51
209.8947512585725
  0
ARC
  5
687E
330
5CD4
100
AcDbEntity
  8
LINCONC
100
AcDbCircle
 10
935.9670913619252
 20
354.07826014567
 30
0.0
 40
1.5
100
AcDbArc
 50
359.8631124914195
 51
72.79963673344419
  0
ARC
  5
687F
330
5CD4
100
AcDbEntity
  8
LINCONC
100
AcDbCircle
 10
935.9670913619252
 20
354.07826014567
 30
0.0
 40
2.0
100
AcDbArc
 50
359.8631124914195
 51
75.08321296082656
  0
ARC
  5
6880
330
5CD4
100
AcDbEntity
  8
LINCONC
100
AcDbCircle
 10
927.5426885208246
 20
354.0507726953043
 30
0.0
 40
1.5
100
AcDbArc
 50
89.74406440116488
 51
209.8947512585725
  0
LINE
  5
6881
330
5CD4
100
AcDbEntity
  8
LINCONC
100
AcDbLine
 10
925.4939615635843
 20
335.5439721290218
 30
0.0
 11
934.2321822494087
 21
320.3445186796628
 31
0.0
  0
LINE
  5
6882
330
5CD4
100
AcDbEntity
  8
LINCONC
100
AcDbLine
 10
937.9670956411803
 20
354.0817338931676
 30
0.0
 11
937.9660670697675
 21
321.341272494124
 31
0.0
  0
LINE
  5
6885
330
5CD4
100
AcDbEntity
  8
LINCONC
100
AcDbLine
 10
937.467095641427
 20
354.081749601123
 30
0.0
 11
937.4660670700141
 21
321.3412882020793
 31
0.0
  0
LINE
  5
6886
330
5CD4
100
AcDbEntity
  8
LINCONC
100
AcDbLine
 10
926.1586971066703
 20
335.3909100097891
 30
0.0
 11
934.665653454745
 21
320.5937228412333
 31
0.0
  0
LINE
  5
6887
330
5CD4
100
AcDbEntity
  8
LINCONC
100
AcDbLine
 10
926.1586971066703
 20
335.3909100097891
 30
0.0
 11
933.9802407756146
 21
339.8435720089868
 31
0.0
  0
LINE
  5
6888
330
5CD4
100
AcDbEntity
  8
LINCONC
100
AcDbLine
 10
925.4950137226491
 20
335.5421239069752
 30
0.0
 11
933.2975654087077
 21
340.0278390527527
 31
0.0
  0
LINE
  5
6889
330
5CD4
100
AcDbEntity
  8
LINCONC
100
AcDbLine
 10
933.2975654087077
 20
340.0278390527527
 30
0.0
 11
925.8088036994789
 21
353.0539560490215
 31
0.0
  0
LINE
  5
688A
330
5CD4
100
AcDbEntity
  8
LINCONC
100
AcDbLine
 10
933.9802407756146
 20
339.8435720089868
 30
0.0
 11
926.2422749048153
 21
353.3031602105922
 31
0.0
  0
LINE
  5
688B
330
5CD4
100
AcDbEntity
  8
LINCONC
100
AcDbLine
 10
936.4106625219626
 20
355.5111748765536
 30
0.0
 11
927.5493888768514
 21
355.550757730306
 31
0.0
  0
LINE
  5
688C
330
5CD4
100
AcDbEntity
  8
LINCONC
100
AcDbLine
 10
936.4819232014793
 20
356.0108615471445
 30
0.0
 11
927.55162232886
 21
356.0507527419732
 31
0.0
  0
ARC
  5
688D
330
5CD4
100
AcDbEntity
  8
LINCONC
100
AcDbCircle
 10
935.9660670707543
 20
321.3413353259454
 30
0.0
 40
1.5
100
AcDbArc
 50
209.8947512585728
 51
359.9982000009057
  0
ARC
  5
688E
330
5CD4
100
AcDbEntity
  8
LINCONC
100
AcDbCircle
 10
935.9660670707543
 20
321.3413353259454
 30
0.0
 40
2.0
100
AcDbArc
 50
209.8947512585728
 51
359.9982000009057
  0
LINE
  5
68AE
330
5CD4
100
AcDbEntity
  8
PARKING
100
AcDbLine
 10
522.4898584259323
 20
406.2631290907585
 30
0.0
 11
541.4943710272264
 21
406.2726630058615
 31
0.0
  0
LINE
  5
68AF
330
5CD4
100
AcDbEntity
  8
PARKING
100
AcDbLine
 10
522.494373418078
 20
395.5551592295694
 30
0.0
 11
541.4943710272264
 21
395.564690879655
 31
0.0
  0
LINE
  5
68B0
330
5CD4
100
AcDbEntity
  8
PARKING
100
AcDbLine
 10
541.4943710272264
 20
406.2726630058615
 30
0.0
 11
541.4943710272264
 21
395.564690879655
 31
0.0
  0
HATCH
  5
68E1
330
5CD4
100
AcDbEntity
  8
PARKING
100
AcDbHatch
 10
0.0
 20
0.0
 30
0.0
210
0.0
220
0.0
230
1.0
  2
ANSI31
 70
     0
 71
     0
 91
        1
 92
        7
 72
     0
 73
     1
 93
        4
 10
541.4943710272264
 20
406.2726630058615
 10
522.4898584259323
 20
406.2631290907585
 10
522.4898584259322
 20
395.5551569645521
 10
541.4943710272264
 20
395.564690879655
 97
        0
 75
     0
 76
     1
 52
0.0
 41
10.0
 77
     0
 78
     1
 53
45.0
 43
0.0
 44
0.0
 45
-0.8838834764831843
 46
0.8838834764831844
 79
     0
 47
0.1470877502907978
 98
        1
 10
536.0729274155337
 20
400.3835408296118
  0
ARC
  5
68E4
330
5CD4
100
AcDbEntity
  8
LINCONC
100
AcDbCircle
 10
541.0275401093272
 20
429.7724290643976
 30
0.0
 40
2.0
100
AcDbArc
 50
270.0287433339266
 51
0.0380106846438131
  0
ARC
  5
68E5
330
5CD4
100
AcDbEntity
  8
LINCONC
100
AcDbCircle
 10
541.0275401093272
 20
429.7724290643976
 30
0.0
 40
2.5
100
AcDbArc
 50
270.0287433339266
 51
0.0380106846438131
  0
ARC
  5
68E7
330
5CD4
100
AcDbEntity
  8
LINCONC
100
AcDbCircle
 10
608.7201679696389
 20
440.9073512172358
 30
0.0
 40
1.7
100
AcDbArc
 50
180.0380106846441
 51
270.0287433339259
  0
ARC
  5
68E8
330
5CD4
100
AcDbEntity
  8
LINCONC
100
AcDbCircle
 10
609.3178729215588
 20
440.9076510654028
 30
0.0
 40
1.7
100
AcDbArc
 50
270.0287433339292
 51
0.0380106846436731
  0
ARC
  5
68E9
330
5CD4
100
AcDbEntity
  8
LINCONC
100
AcDbCircle
 10
608.7201679696389
 20
440.9073512172358
 30
0.0
 40
2.2
100
AcDbArc
 50
180.0380106846441
 51
270.0287433339259
  0
ARC
  5
68EA
330
5CD4
100
AcDbEntity
  8
LINCONC
100
AcDbCircle
 10
609.3178729215588
 20
440.9076510654028
 30
0.0
 40
2.2
100
AcDbArc
 50
270.0287433339292
 51
0.0380106846436731
  0
LINE
  5
68F4
330
5CD4
100
AcDbEntity
  8
PARKING
100
AcDbLine
 10
423.6364520053154
 20
89.0858261059526
 30
0.0
 11
423.6243577100217
 21
105.9233319749135
 31
0.0
  0
LINE
  5
68F5
330
5CD4
100
AcDbEntity
  8
PARKING
100
AcDbLine
 10
432.636449683552
 20
89.09229075875872
 30
0.0
 11
432.6243553882583
 21
105.9297966277196
 31
0.0
  0
LINE
  5
68F6
330
5CD4
100
AcDbEntity
  8
PARKING
100
AcDbLine
 10
441.6364473617886
 20
89.09875541156484
 30
0.0
 11
441.6243530664948
 21
105.9362612805257
 31
0.0
  0
LINE
  5
68F7
330
5CD4
100
AcDbEntity
  8
PARKING
100
AcDbLine
 10
450.6364450400252
 20
89.10522006437095
 30
0.0
 11
450.6243507447314
 21
105.9427259333319
 31
0.0
  0
LINE
  5
68F8
330
5CD4
100
AcDbEntity
  8
LINCONC
100
AcDbLine
 10
459.6364427182618
 20
89.11168471717707
 30
0.0
 11
459.6239892755899
 21
106.449190457151
 31
0.0
  0
LINE
  5
68FA
330
5CD4
100
AcDbEntity
  8
PARKING
100
AcDbLine
 10
411.1650945611215
 20
60.27828226044725
 30
0.0
 11
411.1909531723459
 21
24.27829154750086
 31
0.0
  0
LINE
  5
68FB
330
5CD4
100
AcDbEntity
  8
PARKING
100
AcDbLine
 10
420.165092239358
 20
60.28474691325335
 30
0.0
 11
420.1909508505825
 21
24.28475620030697
 31
0.0
  0
LINE
  5
68FC
330
5CD4
100
AcDbEntity
  8
PARKING
100
AcDbLine
 10
429.1650899175946
 20
60.29121156605945
 30
0.0
 11
429.190948528819
 21
24.29122085311307
 31
0.0
  0
LINE
  5
68FD
330
5CD4
100
AcDbEntity
  8
PARKING
100
AcDbLine
 10
438.1650875958312
 20
60.29767621886555
 30
0.0
 11
438.1909462070556
 21
24.29768550591917
 31
0.0
  0
LINE
  5
68FE
330
5CD4
100
AcDbEntity
  8
PARKING
100
AcDbLine
 10
447.1650852740678
 20
60.30414087167166
 30
0.0
 11
447.1909438852922
 21
24.30415015872527
 31
0.0
  0
LINE
  5
68FF
330
5CD4
100
AcDbEntity
  8
PARKING
100
AcDbLine
 10
447.17801457968
 20
42.30414551519846
 30
0.0
 11
411.1780238667336
 21
42.27828690397406
 31
0.0
  0
LINE
  5
6902
330
5CD4
100
AcDbEntity
  8
LINCONC
100
AcDbLine
 10
486.6372836846049
 20
87.95060031752793
 30
0.0
 11
467.9372788604953
 21
87.95060031752793
 31
0.0
  0
LINE
  5
6904
330
5CD4
100
AcDbEntity
  8
PARKING
100
AcDbLine
 10
486.6372836846049
 20
78.95060031752793
 30
0.0
 11
467.9372788604953
 21
78.95060031752793
 31
0.0
  0
LINE
  5
6905
330
5CD4
100
AcDbEntity
  8
PARKING
100
AcDbLine
 10
486.6372836846049
 20
69.95060031752793
 30
0.0
 11
467.9372788604953
 21
69.95060031752793
 31
0.0
  0
LINE
  5
6906
330
5CD4
100
AcDbEntity
  8
PARKING
100
AcDbLine
 10
486.6372836846049
 20
60.95060031752793
 30
0.0
 11
467.9372788604953
 21
60.95060031752793
 31
0.0
  0
LINE
  5
6907
330
5CD4
100
AcDbEntity
  8
PARKING
100
AcDbLine
 10
486.6372836846049
 20
51.95060031752793
 30
0.0
 11
467.9372788604953
 21
51.95060031752793
 31
0.0
  0
LINE
  5
6908
330
5CD4
100
AcDbEntity
  8
PARKING
100
AcDbLine
 10
486.6372836846049
 20
42.95060031752793
 30
0.0
 11
467.9372788604953
 21
42.95060031752793
 31
0.0
  0
LINE
  5
6909
330
5CD4
100
AcDbEntity
  8
PARKING
100
AcDbLine
 10
486.6372836846049
 20
33.95060031752793
 30
0.0
 11
467.9372788604953
 21
33.95060031752793
 31
0.0
  0
LINE
  5
690A
330
5CD4
100
AcDbEntity
  8
PARKING
100
AcDbLine
 10
486.6372836846049
 20
24.95060031752793
 30
0.0
 11
467.9372788604953
 21
24.95060031752793
 31
0.0
  0
LINE
  5
690B
330
5CD4
100
AcDbEntity
  8
PARKING
100
AcDbLine
 10
486.6372836846049
 20
15.95060031752793
 30
0.0
 11
467.9372788604953
 21
15.95060031752793
 31
0.0
  0
LINE
  5
690C
330
5CD4
100
AcDbEntity
  8
PARKING
100
AcDbLine
 10
486.6372836846049
 20
6.950600317527929
 30
0.0
 11
467.9372788604953
 21
6.950600317527929
 31
0.0
  0
LINE
  5
690E
330
5CD4
100
AcDbEntity
  8
PARKING
100
AcDbLine
 10
459.7178626079885
 20
-20.25245509658989
 30
0.0
 11
459.7033617797359
 21
-2.206658107529415
 31
0.0
  0
LINE
  5
690F
330
5CD4
100
AcDbEntity
  8
PARKING
100
AcDbLine
 10
450.7179050187936
 20
-20.30884993502407
 30
0.0
 11
450.7033646854026
 21
-2.213890119072988
 31
0.0
  0
LINE
  5
6910
330
5CD4
100
AcDbEntity
  8
PARKING
100
AcDbLine
 10
441.7179474295987
 20
-20.36524477345825
 30
0.0
 11
441.7033675910692
 21
-2.22112213061656
 31
0.0
  0
LINE
  5
6911
330
5CD4
100
AcDbEntity
  8
PARKING
100
AcDbLine
 10
432.7179898404038
 20
-20.42163961189243
 30
0.0
 11
432.7033704967358
 21
-2.228354142160133
 31
0.0
  0
LINE
  5
6912
330
5CD4
100
AcDbEntity
  8
PARKING
100
AcDbLine
 10
423.718032251209
 20
-20.47803445032661
 30
0.0
 11
423.7033734024025
 21
-2.235586153703705
 31
0.0
  0
LINE
  5
6913
330
5CD4
100
AcDbEntity
  8
PARKING
100
AcDbLine
 10
414.718074662014
 20
-20.53442928876078
 30
0.0
 11
414.7033763080691
 21
-2.242818165247277
 31
0.0
  0
LINE
  5
6914
330
5CD4
100
AcDbEntity
  8
PARKING
100
AcDbLine
 10
405.7181170728192
 20
-20.59082412719496
 30
0.0
 11
405.7033792137357
 21
-2.25005017679085
 31
0.0
  0
TEXT
  5
6933
330
5CD4
100
AcDbEntity
  8
TENANT_TXT
 62
     4
100
AcDbText
 10
894.798923707828
 20
261.5657798444262
 30
0.0
 40
2.4
  1
20.4'
 50
359.9980555555555
  7
L80
 72
     1
 11
898.9132501440937
 21
262.765640217395
 31
0.0
100
AcDbText
 73
     2
  0
TEXT
  5
6934
330
5CD4
100
AcDbEntity
  8
TENANT_TXT
 62
     4
100
AcDbText
 10
894.9711611671864
 20
182.1149280098136
 30
0.0
 40
2.4
  1
20.4'
 50
359.9980555555555
  7
L80
 72
     1
 11
899.0854876034521
 21
183.3147883827824
 31
0.0
100
AcDbText
 73
     2
  0
TEXT
  5
693E
330
5CD4
100
AcDbEntity
  8
TENANT_TXT
 62
     4
100
AcDbText
 10
792.4127158296656
 20
181.3682041127701
 30
0.0
 40
2.4
  1
25.4'
 50
359.9980555555555
  7
L80
 72
     1
 11
796.5270422659312
 21
182.5680644857389
 31
0.0
100
AcDbText
 73
     2
  0
TEXT
  5
693F
330
5CD4
100
AcDbEntity
  8
TENANT_TXT
 62
     4
100
AcDbText
 10
790.0090694269411
 20
260.8149124755941
 30
0.0
 40
2.4
  1
25.4'
 50
359.9980555555555
  7
L80
 72
     1
 11
794.1233958632067
 21
262.0147728485629
 31
0.0
100
AcDbText
 73
     2
  0
TEXT
  5
6940
330
5CD4
100
AcDbEntity
  8
TENANT_TXT
 62
     4
100
AcDbText
 10
767.1798046248755
 20
181.1844843057216
 30
0.0
 40
2.4
  1
25.4'
 50
359.9980555555555
  7
L80
 72
     1
 11
771.2941310611411
 21
182.3843446786905
 31
0.0
100
AcDbText
 73
     2
  0
TEXT
  5
6941
330
5CD4
100
AcDbEntity
  8
TENANT_TXT
 62
     4
100
AcDbText
 10
766.4485071844317
 20
260.6247655261685
 30
0.0
 40
2.4
  1
25.4'
 50
359.9980555555555
  7
L80
 72
     1
 11
770.5628336206975
 21
261.8246258991373
 31
0.0
100
AcDbText
 73
     2
  0
TEXT
  5
6944
330
5CD4
100
AcDbEntity
  8
TENANT_TXT
 62
     4
100
AcDbText
 10
744.7975763385539
 20
260.4579791101082
 30
0.0
 40
2.4
  1
20.2'
 50
359.9980555555555
  7
L80
 72
     1
 11
748.9119027748195
 21
261.657839483077
 31
0.0
100
AcDbText
 73
     2
  0
TEXT
  5
6945
330
5CD4
100
AcDbEntity
  8
TENANT_TXT
 62
     4
100
AcDbText
 10
744.2007543572513
 20
181.0171747690986
 30
0.0
 40
2.4
  1
20.2'
 50
359.9980555555555
  7
L80
 72
     1
 11
748.3150807935169
 21
182.2170351420675
 31
0.0
100
AcDbText
 73
     2
  0
TEXT
  5
694B
330
5CD4
100
AcDbEntity
  8
TENANT_TXT
 62
     4
100
AcDbText
 10
722.7106740448712
 20
260.2971652668397
 30
0.0
 40
2.4
  1
23.2'
 50
359.9980555555555
  7
L80
 72
     1
 11
726.825000481137
 21
261.4970256398086
 31
0.0
100
AcDbText
 73
     2
  0
TEXT
  5
694C
330
5CD4
100
AcDbEntity
  8
TENANT_TXT
 62
     4
100
AcDbText
 10
722.6536085171538
 20
180.8602908707621
 30
0.0
 40
2.4
  1
23.2'
 50
359.9980555555555
  7
L80
 72
     1
 11
726.7679349534194
 21
182.0601512437309
 31
0.0
100
AcDbText
 73
     2
  0
TEXT
  5
694E
330
5CD4
100
AcDbEntity
  8
TENANT_TXT
 62
     4
100
AcDbText
 10
679.6159296536883
 20
259.9865013356547
 30
0.0
 40
2.4
  1
20'
 50
359.9980555555555
  7
L80
 72
     1
 11
682.0159703766554
 21
261.1864198862652
 31
0.0
100
AcDbText
 73
     2
  0
TEXT
  5
694F
330
5CD4
100
AcDbEntity
  8
TENANT_TXT
 62
     4
100
AcDbText
 10
679.6422984804833
 20
180.5345874374216
 30
0.0
 40
2.4
  1
20'
 50
359.9980555555555
  7
L80
 72
     1
 11
682.0423392034504
 21
181.7345059880322
 31
0.0
100
AcDbText
 73
     2
  0
LINE
  5
6950
330
5CD4
100
AcDbEntity
  8
TENANT_TXT
  6
HIDDEN4
 62
     3
100
AcDbLine
 10
630.6109174774599
 20
263.8130385052399
 30
0.0
 11
630.6445756978582
 21
178.3602014309614
 31
0.0
  0
LINE
  5
6951
330
5CD4
100
AcDbEntity
  8
TENANT_TXT
  6
HIDDEN4
 62
     3
100
AcDbLine
 10
610.2797273844783
 20
263.8130509006176
 30
0.0
 11
610.3133848471983
 21
178.3621374505847
 31
0.0
  0
LINE
  5
6952
330
5CD4
100
AcDbEntity
  8
TENANT_TXT
  6
HIDDEN4
 62
     3
100
AcDbLine
 10
580.5786475410431
 20
263.8130509006177
 30
0.0
 11
580.612305003763
 21
178.3621374505847
 31
0.0
  0
LINE
  5
6953
330
5CD4
100
AcDbEntity
  8
TENANT_TXT
  6
HIDDEN4
 62
     3
100
AcDbLine
 10
559.6730310798745
 20
263.8130509006176
 30
0.0
 11
559.7066885425944
 21
178.3621374505847
 31
0.0
  0
TEXT
  5
6958
330
5CD4
100
AcDbEntity
  8
TENANT_TXT
100
AcDbText
 10
688.2143795178766
 20
200.642338332716
 30
0.0
 40
3.6
  1
1,709 Sq. Ft.
 50
90.0
  7
L120
100
AcDbText
  0
LINE
  5
695B
330
5CD4
100
AcDbEntity
  8
TENANT_TXT
  6
HIDDEN4
 62
     3
100
AcDbLine
 10
715.3765874267085
 20
264.4293967087111
 30
0.0
 11
715.4101885301991
 21
179.1215703257417
 31
0.0
  0
TEXT
  5
695D
330
5CD4
100
AcDbEntity
  8
TENANT_TXT
 62
     4
100
AcDbText
 10
700.629368432849
 20
260.1347201964296
 30
0.0
 40
2.4
  1
23.1'
 50
359.9980555555555
  7
L80
 72
     1
 11
704.5151234406749
 21
261.3345883264173
 31
0.0
100
AcDbText
 73
     2
  0
TEXT
  5
695E
330
5CD4
100
AcDbEntity
  8
TENANT_TXT
 62
     4
100
AcDbText
 10
698.3825925951497
 20
180.8482786858976
 30
0.0
 40
2.4
  1
23.1'
 50
359.9980555555555
  7
L80
 72
     1
 11
702.2683476029756
 21
182.0481468158853
 31
0.0
100
AcDbText
 73
     2
  0
TEXT
  5
696C
330
5CD4
100
AcDbEntity
  8
TENANT_TXT
 62
     4
100
AcDbText
 10
647.0205376924407
 20
180.3079375613807
 30
0.0
 40
2.4
  1
41.7'
 50
359.9980555555555
  7
L80
 72
     1
 11
650.9062927002666
 21
181.5078056913684
 31
0.0
100
AcDbText
 73
     2
  0
TEXT
  5
696D
330
5CD4
100
AcDbEntity
  8
TENANT_TXT
 62
     4
100
AcDbText
 10
646.9941688656457
 20
259.7598514596138
 30
0.0
 40
2.4
  1
41.7'
 50
359.9980555555555
  7
L80
 72
     1
 11
650.8799238734716
 21
260.9597195896015
 31
0.0
100
AcDbText
 73
     2
  0
TEXT
  5
696E
330
5CD4
100
AcDbEntity
  8
TENANT_TXT
 62
     4
100
AcDbText
 10
616.7169434412089
 20
259.0253372985635
 30
0.0
 40
2.4
  1
20.3'
 50
359.9980555555555
  7
L80
 72
     1
 11
620.8312698774746
 21
260.2251976715323
 31
0.0
100
AcDbText
 73
     2
  0
TEXT
  5
6970
330
5CD4
100
AcDbEntity
  8
TENANT_TXT
 62
     4
100
AcDbText
 10
616.7384217027269
 20
180.2451158071266
 30
0.0
 40
2.4
  1
20.3'
 50
359.9980555555555
  7
L80
 72
     1
 11
620.8527481389926
 21
181.4449761800955
 31
0.0
100
AcDbText
 73
     2
  0
TEXT
  5
6971
330
5CD4
100
AcDbEntity
  8
TENANT_TXT
 62
     4
100
AcDbText
 10
592.1821005723845
 20
180.2451158071266
 30
0.0
 40
2.4
  1
29.7'
 50
359.9980555555555
  7
L80
 72
     1
 11
596.2964270086502
 21
181.4449761800955
 31
0.0
100
AcDbText
 73
     2
  0
TEXT
  5
6972
330
5CD4
100
AcDbEntity
  8
TENANT_TXT
 62
     4
100
AcDbText
 10
592.1606223108664
 20
259.0253372985635
 30
0.0
 40
2.4
  1
29.7'
 50
359.9980555555555
  7
L80
 72
     1
 11
596.2749487471322
 21
260.2251976715323
 31
0.0
100
AcDbText
 73
     2
  0
TEXT
  5
6973
330
5CD4
100
AcDbEntity
  8
TENANT_TXT
 62
     4
100
AcDbText
 10
566.89275626299
 20
180.2451158071266
 30
0.0
 40
2.4
  1
20.9'
 50
359.9980555555555
  7
L80
 72
     1
 11
571.0070826992558
 21
181.4449761800955
 31
0.0
100
AcDbText
 73
     2
  0
TEXT
  5
6974
330
5CD4
100
AcDbEntity
  8
TENANT_TXT
 62
     4
100
AcDbText
 10
566.871278001472
 20
259.0253372985635
 30
0.0
 40
2.4
  1
20.9'
 50
359.9980555555555
  7
L80
 72
     1
 11
570.9856044377377
 21
260.2251976715323
 31
0.0
100
AcDbText
 73
     2
  0
TEXT
  5
6975
330
5CD4
100
AcDbEntity
  8
TENANT_TXT
 62
     4
100
AcDbText
 10
537.0780023581933
 20
180.2451158071266
 30
0.0
 40
2.4
  1
37.2'
 50
359.9980555555555
  7
L80
 72
     1
 11
541.192328794459
 21
181.4449761800955
 31
0.0
100
AcDbText
 73
     2
  0
TEXT
  5
6976
330
5CD4
100
AcDbEntity
  8
TENANT_TXT
 62
     4
100
AcDbText
 10
537.5817633631918
 20
259.4947148756355
 30
0.0
 40
2.4
  1
37.2'
 50
359.9980555555555
  7
L80
 72
     1
 11
541.6960897994575
 21
260.6945752486043
 31
0.0
100
AcDbText
 73
     2
  0
TEXT
  5
69A7
330
5CD4
100
AcDbEntity
  8
TENANT_TXT
100
AcDbText
 10
797.2538739494952
 20
200.5531676154051
 30
0.0
 40
3.6
  1
2,170 Sq. Ft.
 50
90.0
  7
L120
100
AcDbText
  0
TEXT
  5
69AA
330
5CD4
100
AcDbEntity
  8
TENANT_TXT
100
AcDbText
 10
774.4047974552062
 20
204.0211135607656
 30
0.0
 40
3.6
  1
2,170 Sq. Ft.
 50
90.0
  7
L120
100
AcDbText
  0
TEXT
  5
69AC
330
5CD4
100
AcDbEntity
  8
TENANT_TXT
100
AcDbText
 10
753.3548739602869
 20
200.4657040928269
 30
0.0
 40
3.6
  1
1,769 Sq. Ft.
 50
90.0
  7
L120
100
AcDbText
  0
TEXT
  5
69AE
330
5CD4
100
AcDbEntity
  8
TENANT_TXT
100
AcDbText
 10
731.3258044096605
 20
202.4437141833151
 30
0.0
 40
3.6
  1
1,982 Sq. Ft.
 50
90.0
  7
L120
100
AcDbText
  0
TEXT
  5
69B6
330
5CD4
100
AcDbEntity
  8
TENANT_TXT
100
AcDbText
 10
654.52865031004
 20
204.4750289677327
 30
0.0
 40
3.6
  1
3,563 Sq. Ft.
 50
90.0
  7
L120
100
AcDbText
  0
TEXT
  5
69B7
330
5CD4
100
AcDbEntity
  8
TENANT_TXT
100
AcDbText
 10
622.3056249352297
 20
205.7247067607087
 30
0.0
 40
3.6
  1
1,735 Sq. Ft.
 50
90.0
  7
L120
100
AcDbText
  0
TEXT
  5
69B9
330
5CD4
100
AcDbEntity
  8
TENANT_TXT
100
AcDbText
 10
574.7387601794729
 20
202.0025389268777
 30
0.0
 40
3.6
  1
1,789 Sq. Ft.
 50
90.0
  7
L120
100
AcDbText
  0
TEXT
  5
69BA
330
5CD4
100
AcDbEntity
  8
TENANT_TXT
100
AcDbText
 10
595.0869846835816
 20
201.6268848092087
 30
0.0
 40
3.6
  1
2,538 Sq. Ft.
 50
90.0
  7
L120
100
AcDbText
  0
TEXT
  5
69BC
330
5CD4
100
AcDbEntity
  8
TENANT_TXT
100
AcDbText
 10
555.4142396302226
 20
199.7384042043951
 30
0.0
 40
3.6
  1
3,179 Sq. Ft.
 50
90.0
  7
L120
100
AcDbText
  0
LINE
  5
69C0
330
5CD4
100
AcDbEntity
  8
LINBLDG
 62
     1
100
AcDbLine
 10
522.4898584259327
 20
186.6141373623225
 30
0.0
 11
534.4898584259327
 21
198.6141373623226
 31
0.0
  0
LINE
  5
69C3
330
5CD4
100
AcDbEntity
  8
LINBLDG
 62
     1
100
AcDbLine
 10
522.4683801644146
 20
249.6681355730381
 30
0.0
 11
536.6132954919941
 21
263.8130509006176
 31
0.0
  0
LINE
  5
69C4
330
5CD4
100
AcDbEntity
  8
LINBLDG
 62
     1
100
AcDbLine
 10
522.4898584259325
 20
246.1540799286234
 30
0.0
 11
540.1488293979268
 21
263.8130509006176
 31
0.0
  0
LINE
  5
69C5
330
5CD4
100
AcDbEntity
  8
LINBLDG
 62
     1
100
AcDbLine
 10
522.4898584259327
 20
236.1116120453809
 30
0.0
 11
534.4898584259327
 21
248.1116120453809
 31
0.0
  0
LINE
  5
69C7
330
5CD4
100
AcDbEntity
  8
LINBLDG
 62
     1
100
AcDbLine
 10
522.4898584259327
 20
225.5050103275825
 30
0.0
 11
534.4898584259327
 21
237.5050103275827
 31
0.0
  0
LINE
  5
69C9
330
5CD4
100
AcDbEntity
  8
LINBLDG
 62
     1
100
AcDbLine
 10
522.4898584259327
 20
221.9694764216497
 30
0.0
 11
534.4898584259327
 21
233.9694764216499
 31
0.0
  0
LINE
  5
69CC
330
5CD4
100
AcDbEntity
  8
LINBLDG
 62
     1
100
AcDbLine
 10
522.4898584259325
 20
242.6185460226907
 30
0.0
 11
543.6843633038595
 21
263.8130509006176
 31
0.0
  0
LINE
  5
69CD
330
5CD4
100
AcDbEntity
  8
LINBLDG
 62
     1
100
AcDbLine
 10
522.4898584259325
 20
232.5760781394483
 30
0.0
 11
534.4898584259327
 21
244.5760781394481
 31
0.0
  0
LINE
  5
69CE
330
5CD4
100
AcDbEntity
  8
LINBLDG
 62
     1
100
AcDbLine
 10
522.4898584259327
 20
229.0405442335154
 30
0.0
 11
534.4898584259327
 21
241.0405442335154
 31
0.0
  0
LINE
  5
69CF
330
5CD4
100
AcDbEntity
  8
LINBLDG
 62
     1
100
AcDbLine
 10
522.4898584259327
 20
218.4339425157172
 30
0.0
 11
534.4898584259327
 21
230.4339425157172
 31
0.0
  0
LINE
  5
69D0
330
5CD4
100
AcDbEntity
  8
LINBLDG
 62
     1
100
AcDbLine
 10
522.4898584259327
 20
214.8984086097844
 30
0.0
 11
534.4898584259327
 21
226.8984086097845
 31
0.0
  0
LINE
  5
69D1
330
5CD4
100
AcDbEntity
  8
LINBLDG
 62
     1
100
AcDbLine
 10
522.4898584259327
 20
197.2207390801206
 30
0.0
 11
534.4898584259327
 21
209.2207390801208
 31
0.0
  0
LINE
  5
69D2
330
5CD4
100
AcDbEntity
  8
LINBLDG
 62
     1
100
AcDbLine
 10
522.4898584259327
 20
193.685205174188
 30
0.0
 11
534.4898584259327
 21
205.685205174188
 31
0.0
  0
LINE
  5
69D3
330
5CD4
100
AcDbEntity
  8
LINBLDG
 62
     1
100
AcDbLine
 10
522.4898584259327
 20
190.1496712682552
 30
0.0
 11
534.4898584259327
 21
202.1496712682553
 31
0.0
  0
TEXT
  5
69F7
330
5CD4
100
AcDbEntity
  8
TENANT_TXT
100
AcDbText
 10
906.5695469249653
 20
190.2441239654223
 30
0.0
 40
3.6
  1
HERSHEY'S 1,743 Sq. Ft.
 50
90.0
  7
L120
100
AcDbText
  0
LINE
  5
6A06
330
5CD4
100
AcDbEntity
  8
LINBLDG
100
AcDbLine
 10
630.7248599024651
 20
263.8130509006176
 30
0.0
 11
1043.534975204861
 21
266.818704672212
 31
0.0
  0
LINE
  5
6A1C
330
5CD4
100
AcDbEntity
  8
LINBLDG
 62
     1
100
AcDbLine
 10
1031.540132547594
 20
253.7226732423914
 30
0.0
 11
1043.535408771055
 21
265.7179494658528
 31
0.0
  0
LINE
  5
6A20
330
5CD4
100
AcDbEntity
  8
LINBLDG
 62
     1
100
AcDbLine
 10
630.9104774099752
 20
178.3621374505848
 30
0.0
 11
642.9988101422396
 21
190.4504701828492
 31
0.0
  0
TEXT
  5
6A36
330
5CD4
100
AcDbEntity
  8
TENANT_TXT
100
AcDbText
 10
709.3729440815192
 20
202.7327235374727
 30
0.0
 40
3.6
  1
1,974 Sq. Ft.
 50
90.0
  7
L120
100
AcDbText
  0
LINE
  5
6ACA
330
5CD4
100
AcDbEntity
  8
LINBLDG
100
AcDbLine
 10
1051.393568851401
 20
191.8239335121363
 30
0.0
 11
1051.401052760959
 21
172.8234843913135
 31
0.0
  0
MTEXT
  5
6ACE
330
5CD4
100
AcDbEntity
  8
BEARING
100
AcDbMText
 10
371.355605297852
 20
452.2773491941857
 30
0.0
 40
3.6
 41
0.0
 71
     2
 72
     5
  1
L=39.27'\PR=25.00'\PCH=35.36'\PCB=S83°32'00"E
  7
L120
1001
CIVIL_DRAFT
1070
   100
1000
length above, radius below
1070
  1425
1005
4D87
1070
  1011
1042
30.0
  0
ARC
  5
6ACF
330
5CD4
100
AcDbEntity
  8
BEARING
100
AcDbCircle
 10
394.9139375783337
 20
442.9463297332812
 30
0.0
 40
14.59881476346622
100
AcDbArc
 50
40.13138565656801
 51
136.9567534002921
  0
TEXT
  5
70E6
330
5CD4
100
AcDbEntity
  8
BORTXT
100
AcDbText
 10
2970.614070790518
 20
78.86362846305632
 30
0.0
 40
2.8
  1

  7
L140
100
AcDbText
  0
TEXT
  5
7111
330
5CD4
100
AcDbEntity
  8
BORTXT
100
AcDbText
 10
3155.530370852474
 20
157.4925389009449
 30
0.0
 40
2.0
  1

  7
L100
 72
     1
 11
3155.530370852474
 21
157.4925389009449
 31
0.0
100
AcDbText
  0
TEXT
  5
7113
330
5CD4
100
AcDbEntity
  8
BORTXT
100
AcDbText
 10
3155.530370852474
 20
154.29702269351
 30
0.0
 40
2.0
  1

  7
L100
 72
     1
 11
3155.530370852474
 21
154.29702269351
 31
0.0
100
AcDbText
  0
TEXT
  5
716B
330
5CD4
100
AcDbEntity
  8
BORTXT
100
AcDbText
 10
4705.003356381476
 20
313.0724049097055
 30
0.0
 40
2.8
  1

  7
L140
100
AcDbText
  0
TEXT
  5
716C
330
5CD4
100
AcDbEntity
  8
BORTXT
100
AcDbText
 10
4889.919656443431
 20
391.701315347594
 30
0.0
 40
2.0
  1

  7
L100
 72
     1
 11
4889.919656443431
 21
391.701315347594
 31
0.0
100
AcDbText
  0
TEXT
  5
716D
330
5CD4
100
AcDbEntity
  8
BORTXT
100
AcDbText
 10
4889.919656443431
 20
388.5057991401591
 30
0.0
 40
2.0
  1

  7
L100
 72
     1
 11
4889.919656443431
 21
388.5057991401591
 31
0.0
100
AcDbText
  0
DIMENSION
  5
7186
330
5CD4
100
AcDbEntity
  8
EASEMENT_TXT
100
AcDbDimension
  2
*D50
 10
526.5934376938413
 20
169.6742313966583
 30
0.0
 11
526.5932723297393
 21
164.6742313993928
 31
0.0
 70
    33
  1
 
  3
ED30
100
AcDbAlignedDimension
 13
526.5931069656372
 23
159.6742314021273
 33
0.0
 14
526.5934376938413
 24
169.6742313966583
 34
0.0
  0
LINE
  5
7187
330
5CD4
100
AcDbEntity
  8
EASEMENT_TXT
100
AcDbLine
 10
526.5934376938413
 20
169.6742313966583
 30
0.0
 11
526.5934376938413
 21
174.4668326155424
 31
0.0
  0
LINE
  5
7188
330
5CD4
100
AcDbEntity
  8
EASEMENT_TXT
100
AcDbLine
 10
526.5934376938413
 20
174.4668326155424
 30
0.0
 11
529.8678631519779
 21
174.4668326155424
 31
0.0
  0
TEXT
  5
7189
330
5CD4
100
AcDbEntity
  8
EASEMENT_TXT
100
AcDbText
 10
531.1667684353415
 20
173.428496601573
 30
0.0
 40
1.8
  1
10' UTILITY EASEMENT
  7
L60
100
AcDbText
1001
RMACOMMAND_206_545-6877
1002
{
1000
command
1000
(rma_text "_L" T)
1002
}
  0
TEXT
  5
718A
330
5CD4
100
AcDbEntity
  8
EASEMENT_TXT
100
AcDbText
 10
827.0186456197276
 20
173.4187119455654
 30
0.0
 40
1.8
  1
10' UTILITY EASEMENT
  7
L60
100
AcDbText
1001
RMACOMMAND_206_545-6877
1002
{
1000
command
1000
(rma_text "_L" T)
1002
}
  0
LINE
  5
718B
330
5CD4
100
AcDbEntity
  8
EASEMENT_TXT
100
AcDbLine
 10
822.4453148782275
 20
174.4570479595348
 30
0.0
 11
825.719740336364
 21
174.4570479595348
 31
0.0
  0
LINE
  5
718C
330
5CD4
100
AcDbEntity
  8
EASEMENT_TXT
100
AcDbLine
 10
822.4453148782275
 20
169.6644467406507
 30
0.0
 11
822.4453148782275
 21
174.4570479595348
 31
0.0
  0
DIMENSION
  5
718D
330
5CD4
100
AcDbEntity
  8
EASEMENT_TXT
100
AcDbDimension
  2
*D51
 10
822.4453148782275
 20
169.6644467406507
 30
0.0
 11
822.4451495141254
 21
164.6644467433852
 31
0.0
 70
    33
  1
 
  3
ED30
100
AcDbAlignedDimension
 13
822.4449841500233
 23
159.6644467461197
 33
0.0
 14
822.4453148782275
 24
169.6644467406507
 34
0.0
  0
MTEXT
  5
7197
330
5CD4
100
AcDbEntity
  8
BEARING
100
AcDbMText
 10
1119.732942788639
 20
290.5115584433652
 30
0.0
 40
3.6
 41
0.0
 71
     2
 72
     5
  1
L=168.53'\PR=1872.44'\PCH=168.48'\PCB=S51°07'34"W
  7
L120
1001
CIVIL_DRAFT
1070
   100
1000
length above, radius below
1070
  1425
1005
4DFE
1070
  1011
1042
30.0
  0
ARC
  5
7198
330
5CD4
100
AcDbEntity
  8
BEARING
100
AcDbCircle
 10
1099.772968083061
 20
284.6121560942405
 30
0.0
 40
6.897145795511381
100
AcDbArc
 50
28.95804619346102
 51
167.0992884134782
  0
MTEXT
  5
719C
330
5CD4
100
AcDbEntity
  8
BEARING
100
AcDbMText
 10
1104.282611223804
 20
157.9820571433848
 30
0.0
 40
3.6
 41
0.0
 71
     2
 72
     5
  1
L=48.65'\PR=30.00'\PCH=43.49'\PCB=N84°59'34"W
  7
L120
1001
CIVIL_DRAFT
1070
   100
1000
length above, radius below
1070
  1425
1005
56A8
1070
  1011
1042
30.0
  0
ARC
  5
719D
330
5CD4
100
AcDbEntity
  8
BEARING
100
AcDbCircle
 10
1079.585647914638
 20
155.6085824401679
 30
0.0
 40
15.42621569033773
100
AcDbArc
 50
7.878165241547272
 51
60.16096665206073
  0
MTEXT
  5
719E
330
5CD4
100
AcDbEntity
  8
BEARING
100
AcDbMText
 10
396.4620567193597
 20
156.4301943644641
 30
0.0
 40
3.6
 41
0.0
 71
     2
 72
     5
  1
L=39.27'\PR=25.00'\PCH=35.36'\PCB=N06°28'00"E
  7
L120
1001
CIVIL_DRAFT
1070
   100
1000
length above, radius below
1070
  1425
1005
4DAC
1070
  1011
1042
30.0
  0
ARC
  5
719F
330
5CD4
100
AcDbEntity
  8
BEARING
100
AcDbCircle
 10
410.3280580117801
 20
154.6424083173256
 30
0.0
 40
13.0723470248306
100
AcDbArc
 50
109.0270037792829
 51
168.1703682547278
  0
DIMENSION
  5
71AE
330
5CD4
100
AcDbEntity
  8
EASEMENT_TXT
100
AcDbDimension
  2
*D52
 10
474.0584071688957
 20
449.675969031424
 30
0.0
 11
474.0585725329977
 21
454.6759690286888
 31
0.0
 70
    33
  1
 
  3
ED30
100
AcDbAlignedDimension
 13
474.0587378970998
 23
459.6759690259536
 33
0.0
 14
474.0584071688956
 24
449.6759690314241
 34
0.0
  0
TEXT
  5
71AF
330
5CD4
100
AcDbEntity
  8
EASEMENT_TXT
100
AcDbText
 10
476.2256116350135
 20
455.5042225110014
 30
0.0
 40
1.8
  1
10' UTILITY
  7
L60
100
AcDbText
  0
TEXT
  5
71B0
330
5CD4
100
AcDbEntity
  8
EASEMENT_TXT
100
AcDbText
 10
476.2256116350135
 20
452.4185082252871
 30
0.0
 40
1.8
  1
EASEMENT
  7
L60
100
AcDbText
1001
RMACOMMAND_206_545-6877
1002
{
1000
command
1000
(rma_text "_L" T)
1002
}
  0
DIMENSION
  5
71BA
330
5CD4
100
AcDbEntity
  8
EASEMENT_TXT
100
AcDbDimension
  2
*D53
 10
408.7495671929427
 20
336.4590240058304
 30
0.0
 11
403.7495671956773
 21
336.4591893699325
 31
0.0
 70
    33
  1
 
  3
ED30
100
AcDbAlignedDimension
 13
398.749567198412
 23
336.4593547340345
 33
0.0
 14
408.7495671929428
 24
336.4590240058304
 34
0.0
  0
TEXT
  5
71BB
330
5CD4
100
AcDbEntity
  8
EASEMENT_TXT
100
AcDbText
 10
403.5772770797143
 20
338.4280699456389
 30
0.0
 40
1.8
  1
10' UTILITY
 50
90.0
  7
L60
100
AcDbText
  0
TEXT
  5
71BC
330
5CD4
100
AcDbEntity
  8
EASEMENT_TXT
100
AcDbText
 10
406.6629913654286
 20
338.4280699456389
 30
0.0
 40
1.8
  1
EASEMENT
 50
90.0
  7
L60
100
AcDbText
1001
RMACOMMAND_206_545-6877
1002
{
1000
command
1000
(rma_text "_L" T)
1002
}
  0
DIMENSION
  5
71D0
330
5CD4
100
AcDbEntity
  8
EASEMENT_TXT
100
AcDbDimension
  2
*D54
 10
1083.246728655935
 20
259.2551346397164
 30
0.0
 11
1088.245687841197
 21
259.3571496586824
 31
0.0
 70
    33
  1
 
  3
ED30
100
AcDbAlignedDimension
 13
1093.244647026457
 23
259.4591646776486
 33
0.0
 14
1083.246728655936
 24
259.2551346397165
 34
0.0
  0
TEXT
  5
71D1
330
5CD4
100
AcDbEntity
  8
EASEMENT_TXT
100
AcDbText
 10
1096.900294375146
 20
258.4086884420589
 30
0.0
 40
1.8
  1
10' UTILITY
  7
L60
100
AcDbText
  0
TEXT
  5
71D2
330
5CD4
100
AcDbEntity
  8
EASEMENT_TXT
100
AcDbText
 10
1096.900294375146
 20
255.3229741563445
 30
0.0
 40
1.8
  1
EASEMENT
  7
L60
100
AcDbText
1001
RMACOMMAND_206_545-6877
1002
{
1000
command
1000
(rma_text "_L" T)
1002
}
  0
TEXT
  5
71D3
330
5CD4
100
AcDbEntity
  8
EASEMENT_TXT
100
AcDbText
 10
1054.467826710565
 20
299.685040357127
 30
0.0
 40
1.8
  1
5x5' GUY
  7
L60
 72
     2
 11
1066.810683853422
 21
299.685040357127
 31
0.0
100
AcDbText
  0
TEXT
  5
71D4
330
5CD4
100
AcDbEntity
  8
EASEMENT_TXT
100
AcDbText
 10
1053.182112424851
 20
296.5993260714127
 30
0.0
 40
1.8
  1
EASEMENT
  7
L60
 72
     2
 11
1066.810683853422
 21
296.5993260714127
 31
0.0
100
AcDbText
1001
RMACOMMAND_206_545-6877
1002
{
1000
command
1000
(rma_text "_R" T)
1002
}
  0
TEXT
  5
71D6
330
5CD4
100
AcDbEntity
  8
EASEMENT_TXT
100
AcDbText
 10
946.9176673404788
 20
446.2273097383928
 30
0.0
 40
1.8
  1
10' UTILITY
  7
L60
100
AcDbText
  0
TEXT
  5
71D7
330
5CD4
100
AcDbEntity
  8
EASEMENT_TXT
100
AcDbText
 10
946.9176673404788
 20
443.1415954526785
 30
0.0
 40
1.8
  1
EASEMENT
  7
L60
100
AcDbText
1001
RMACOMMAND_206_545-6877
1002
{
1000
command
1000
(rma_text "_L" T)
1002
}
  0
DIMENSION
  5
71D8
330
5CD4
100
AcDbEntity
  8
EASEMENT_TXT
100
AcDbDimension
  2
*D55
 10
964.3653900541713
 20
449.6597531966257
 30
0.0
 11
964.3655554182734
 21
454.6597531938905
 31
0.0
 70
    33
  1
 
  3
ED30
100
AcDbAlignedDimension
 13
964.3657207823755
 23
459.6597531911553
 33
0.0
 14
964.3653900541713
 24
449.6597531966258
 34
0.0
  0
LINE
  5
71E2
330
5CD4
100
AcDbEntity
  8
EASEMENT_TXT
100
AcDbLine
 10
964.3653900541714
 20
449.6597531966258
 30
0.0
 11
964.3653900541714
 21
446.9463478744813
 31
0.0
  0
LINE
  5
71E3
330
5CD4
100
AcDbEntity
  8
EASEMENT_TXT
100
AcDbLine
 10
962.495490542452
 20
446.9463478744813
 30
0.0
 11
964.3653900541714
 21
446.9463478744813
 31
0.0
  0
LINE
  5
71E9
330
5CD4
100
AcDbEntity
  8
PARKING
100
AcDbLine
 10
522.5214633709526
 20
331.0551660246213
 30
0.0
 11
541.5214609801011
 21
331.0646976747067
 31
0.0
1001
RMACOMMAND_206_545-6877
1002
{
1000
command
1000
(rma_text "_M" T)
1002
}
  0
INSERT
  5
71F6
330
5CD4
100
AcDbEntity
  8
PARKING
 62
     2
100
AcDbBlockReference
  2
HANDI
 10
535.2211602479956
 20
410.8553543562066
 30
0.0
 41
30.0
 42
30.0
 43
30.0
 50
90.0
  0
TEXT
  5
71F7
330
5CD4
100
AcDbEntity
  8
PARKING_TXT
 62
     2
100
AcDbText
 10
582.401356272675
 20
354.140743420991
 30
0.0
 40
1.8
  1
16 SPACES
  7
L60
 72
     4
 11
589.7727848441036
 21
355.040743420991
 31
0.0
100
AcDbText
1001
RMACOMMAND_206_545-6877
1002
{
1000
command
1000
(rma_text "_M" T)
1002
}
  0
TEXT
  5
7202
330
5CD4
100
AcDbEntity
  8
PARKING_TXT
 62
     2
100
AcDbText
 10
1000.649316896329
 20
327.5903753063418
 30
0.0
 40
1.8
  1
8 SPACES
  7
L60
 72
     4
 11
1007.335031182043
 21
328.4903753063418
 31
0.0
100
AcDbText
1001
RMACOMMAND_206_545-6877
1002
{
1000
command
1000
(rma_text "_M" T)
1002
}
  0
TEXT
  5
7204
330
5CD4
100
AcDbEntity
  8
PARKING_TXT
 62
     2
100
AcDbText
 10
1087.653680950657
 20
397.5861251942897
 30
0.0
 40
1.8
  1
7 SPACES
 50
270.0
  7
L60
 72
     4
 11
1088.553680950657
 21
390.9004109085754
 31
0.0
100
AcDbText
1001
RMACOMMAND_206_545-6877
1002
{
1000
command
1000
(rma_text "_M" T)
1002
}
  0
TEXT
  5
7207
330
5CD4
100
AcDbEntity
  8
PARKING_TXT
 62
     2
100
AcDbText
 10
561.1276687698355
 20
166.0365112447954
 30
0.0
 40
1.8
  1
4 SPACES
  7
L60
 72
     4
 11
567.8133830555498
 21
166.9365112447954
 31
0.0
100
AcDbText
1001
RMACOMMAND_206_545-6877
1002
{
1000
command
1000
(rma_text "_M" T)
1002
}
  0
TEXT
  5
7209
330
5CD4
100
AcDbEntity
  8
PARKING_TXT
 62
     2
100
AcDbText
 10
506.2957384455725
 20
178.9956531998297
 30
0.0
 40
1.8
  1
4 SPACES
 50
90.0
  7
L60
 72
     4
 11
505.3957384455725
 21
185.6813674855439
 31
0.0
100
AcDbText
1001
RMACOMMAND_206_545-6877
1002
{
1000
command
1000
(rma_text "_M" T)
1002
}
  0
TEXT
  5
720A
330
5CD4
100
AcDbEntity
  8
PARKING_TXT
 62
     2
100
AcDbText
 10
438.3284497599479
 20
174.8880217406755
 30
0.0
 40
1.8
  1
5 SPACES
  7
L60
 72
     4
 11
445.0141640456623
 21
175.7880217406755
 31
0.0
100
AcDbText
1001
RMACOMMAND_206_545-6877
1002
{
1000
command
1000
(rma_text "_M" T)
1002
}
  0
TEXT
  5
720B
330
5CD4
100
AcDbEntity
  8
PARKING_TXT
 62
     2
100
AcDbText
 10
441.0591705577118
 20
215.8543723097751
 30
0.0
 40
1.8
  1
10 SPACES
  7
L60
 72
     4
 11
448.4305991291403
 21
216.7543723097751
 31
0.0
100
AcDbText
1001
RMACOMMAND_206_545-6877
1002
{
1000
command
1000
(rma_text "_M" T)
1002
}
  0
MTEXT
  5
720C
330
5CD4
100
AcDbEntity
  8
TXTBOU3
 62
     6
100
AcDbMText
 10
362.5045067505162
 20
118.3118735753037
 30
0.0
 40
4.2
 41
0.0
 71
     2
 72
     5
  1
L=39.27'\PR=25.00'\PCH=35.36'\PCB=S83°32'00"E
  7
L140
1001
CIVIL_DRAFT
1070
   100
1000
length above, radius below
1070
  1425
1005
5657
1070
  1011
1042
30.0
  0
ARC
  5
720D
330
5CD4
100
AcDbEntity
  8
TXTBOU3
 62
     6
100
AcDbCircle
 10
385.4576487510379
 20
103.5638545639167
 30
0.0
 40
16.38750082405829
100
AcDbArc
 50
31.44510813088765
 51
117.7428618394269
  0
TEXT
  5
720E
330
5CD4
100
AcDbEntity
  8
EASEMENT_TXT
100
AcDbText
 10
412.9558746047551
 20
-28.27267774913616
 30
0.0
 40
1.8
  1
EASEMENT
  7
L60
100
AcDbText
1001
RMACOMMAND_206_545-6877
1002
{
1000
command
1000
(rma_text "_L" T)
1002
}
  0
TEXT
  5
7217
330
5CD4
100
AcDbEntity
  8
LOTNUM
 62
     5
100
AcDbText
 10
455.1229569273448
 20
196.4229224956136
 30
0.0
 40
3.6
  1
LOT 8
 51
12.0
  7
L120
 72
     4
 11
462.8372426416305
 21
198.2229224956136
 31
0.0
100
AcDbText
1001
RMACOMMAND_206_545-6877
1002
{
1000
command
1000
(rma_text "_M" T)
1002
}
  0
LINE
  5
73D5
330
5CD4
100
AcDbEntity
  8
LINCONC
100
AcDbLine
 10
1089.764104249379
 20
317.6439119991869
 30
0.0
 11
1072.571400297717
 21
317.1429820335039
 31
0.0
  0
LINE
  5
73D6
330
5CD4
100
AcDbEntity
  8
LINCONC
100
AcDbLine
 10
1090.249330237344
 20
318.1582618223655
 30
0.0
 11
1072.55683838011
 21
317.6427699390753
 31
0.0
  0
LINE
  5
73D7
330
5CD4
100
AcDbEntity
  8
LINCONC
100
AcDbLine
 10
1070.514001005002
 20
319.083885985362
 30
0.0
 11
1070.2632276935
 21
327.6908202855989
 31
0.0
  0
LINE
  5
73D8
330
5CD4
100
AcDbEntity
  8
LINCONC
100
AcDbLine
 10
1071.013788910574
 20
319.098447902969
 30
0.0
 11
1070.763015599072
 21
327.7053822032059
 31
0.0
  0
ARC
  5
73D9
330
5CD4
100
AcDbEntity
  8
LINCONC
100
AcDbCircle
 10
1072.513152627289
 20
319.1421336557901
 30
0.0
 40
2.0
100
AcDbArc
 50
181.668908825181
 51
271.6689088251873
  0
ARC
  5
73DA
330
5CD4
100
AcDbEntity
  8
LINCONC
100
AcDbCircle
 10
1072.513152627289
 20
319.1421336557901
 30
0.0
 40
1.5
100
AcDbArc
 50
181.668908825181
 51
271.6689088251873
  0
ARC
  5
73DB
330
5CD4
100
AcDbEntity
  8
LINCONC
100
AcDbCircle
 10
1072.262379315786
 20
327.749067956027
 30
0.0
 40
2.0
100
AcDbArc
 50
90.24500031346322
 51
181.668908825181
  0
ARC
  5
73DC
330
5CD4
100
AcDbEntity
  8
LINCONC
100
AcDbCircle
 10
1072.262379315786
 20
327.749067956027
 30
0.0
 40
1.5
100
AcDbArc
 50
90.24500031346322
 51
181.668908825181
  0
LINE
  5
73E0
330
5CD4
100
AcDbEntity
  8
TOPO
100
AcDbLine
 10
1084.194564241443
 20
323.384140574775
 30
0.0
 11
1082.245391409713
 21
323.3273490961074
 31
0.0
  0
LINE
  5
73E1
330
5CD4
100
AcDbEntity
  8
TOPO
100
AcDbLine
 10
1084.136316571015
 20
325.3832921970612
 30
0.0
 11
1082.187143739285
 21
325.3265007183937
 31
0.0
  0
LINE
  5
73E2
330
5CD4
100
AcDbEntity
  8
TOPO
100
AcDbLine
 10
1072.29961208884
 20
323.0375669357269
 30
0.0
 11
1072.241364418412
 21
325.0367185580131
 31
0.0
  0
LINE
  5
73E3
330
5CD4
100
AcDbEntity
  8
TOPO
100
AcDbLine
 10
1074.248784920569
 20
323.0943584143942
 30
0.0
 11
1074.190537250141
 21
325.0935100366804
 31
0.0
  0
LINE
  5
73E4
330
5CD4
100
AcDbEntity
  8
TOPO
100
AcDbLine
 10
1084.194564241443
 20
323.3841405747738
 30
0.0
 11
1084.136316571015
 21
325.38329219706
 31
0.0
  0
LINE
  5
73E5
330
5CD4
100
AcDbEntity
  8
TOPO
100
AcDbLine
 10
1082.245391409714
 20
323.3273490961064
 30
0.0
 11
1082.187143739286
 21
325.3265007183927
 31
0.0
  0
LINE
  5
73E6
330
5CD4
100
AcDbEntity
  8
TOPO
  6
DASHED4
 48
0.25
100
AcDbLine
 10
1082.187143739285
 20
325.3265007183937
 30
0.0
 11
1074.190537250141
 21
325.0935100366806
 31
0.0
  0
LINE
  5
73E7
330
5CD4
100
AcDbEntity
  8
TOPO
100
AcDbLine
 10
1074.190537250141
 20
325.0935100366806
 30
0.0
 11
1072.241364418412
 21
325.0367185580131
 31
0.0
  0
LINE
  5
73E8
330
5CD4
100
AcDbEntity
  8
TOPO
100
AcDbLine
 10
1074.248784920568
 20
323.0943584143944
 30
0.0
 11
1072.29961208884
 21
323.0375669357269
 31
0.0
  0
LINE
  5
73E9
330
5CD4
100
AcDbEntity
  8
TOPO
  6
DASHED4
 48
0.25
100
AcDbLine
 10
1082.245391409713
 20
323.3273490961074
 30
0.0
 11
1074.248784920568
 21
323.0943584143944
 31
0.0
  0
TEXT
  5
73EA
330
5CD4
100
AcDbEntity
  8
TOPO_TXT
100
AcDbText
 10
1075.79309627578
 20
321.0746565734898
 30
0.0
 40
1.5
  1
SIGN
  7
L50
 72
     4
 11
1078.04309627578
 21
321.8246565734898
 31
0.0
100
AcDbText
1001
RMACOMMAND_206_545-6877
1002
{
1000
command
1000
(rma_text "_M" T)
1002
}
  0
CIRCLE
  5
73F0
330
5CD4
100
AcDbEntity
  8
TOPO_TXT
100
AcDbCircle
 10
1071.594084253996
 20
323.2170954133057
 30
0.0
 40
0.2
  0
CIRCLE
  5
73F1
330
5CD4
100
AcDbEntity
  8
TOPO_TXT
100
AcDbCircle
 10
1071.547486117654
 20
324.8164167111345
 30
0.0
 40
0.2
  0
INSERT
  5
73F2
330
5CD4
100
AcDbEntity
  8
PARKING
 62
     2
100
AcDbBlockReference
  2
HANDI
 10
535.2256752401413
 20
389.1473844950175
 30
0.0
 41
30.0
 42
30.0
 43
30.0
 50
90.0
  0
LINE
  5
73F3
330
5CD4
100
AcDbEntity
  8
PARKING
100
AcDbLine
 10
522.5325000184199
 20
309.0551687929756
 30
0.0
 11
541.5324976275683
 21
309.064700443061
 31
0.0
  0
LINE
  5
73F6
330
5CD4
100
AcDbEntity
  8
PARKING
100
AcDbLine
 10
522.5269816946862
 20
320.0551674087984
 30
0.0
 11
541.5269793038347
 21
320.0646990588838
 31
0.0
  0
LINE
  5
73F7
330
5CD4
100
AcDbEntity
  8
PARKING
100
AcDbLine
 10
541.5324976275683
 20
309.064700443061
 30
0.0
 11
541.5350059565382
 21
304.0647010722325
 31
0.0
  0
HATCH
  5
73FB
330
5CD4
100
AcDbEntity
  8
PARKING
100
AcDbHatch
 10
0.0
 20
0.0
 30
0.0
210
0.0
220
0.0
230
1.0
  2
ANSI31
 70
     0
 71
     0
 91
        1
 92
       33
 93
        4
 72
     1
 10
522.5325000184199
 20
309.0551687929756
 11
522.5350083473897
 21
304.0551694221471
 72
     1
 10
541.5324976275683
 20
309.064700443061
 11
541.5350059565382
 21
304.0647010722325
 72
     1
 10
522.5325000184199
 20
309.0551687929756
 11
541.5324976275683
 21
309.064700443061
 72
     1
 10
522.5350083473897
 20
304.0551694221471
 11
541.0236744404168
 21
304.0644445546692
 97
        0
 75
     0
 76
     1
 52
0.0
 41
10.0
 77
     0
 78
     1
 53
45.0
 43
0.0
 44
0.0
 45
-0.8838834764831843
 46
0.8838834764831844
 79
     0
 98
        1
 10
0.0
 20
0.0
  0
INSERT
  5
73FD
330
5CD4
100
AcDbEntity
  8
PARKING
 62
     2
100
AcDbBlockReference
  2
HANDI
 10
535.2638018404831
 20
313.1473940584237
 30
0.0
 41
30.0
 42
30.0
 43
30.0
 50
90.0
  0
LINE
  5
73FE
330
5CD4
100
AcDbEntity
  8
PARKING
100
AcDbLine
 10
622.8678391512082
 20
297.3067335207254
 30
0.0
 11
631.7916026194056
 21
297.3717070820088
 31
0.0
  0
HATCH
  5
7400
330
5CD4
100
AcDbEntity
  8
PARKING
100
AcDbHatch
 10
0.0
 20
0.0
 30
0.0
210
0.0
220
0.0
230
1.0
  2
ANSI31
 70
     0
 71
     0
 91
        1
 92
        1
 93
        4
 72
     1
 10
623.0061737169169
 20
278.3072371182433
 11
631.9299371851143
 21
278.3722106795267
 72
     1
 10
631.9299371851143
 20
278.3722106795267
 11
631.7916026194056
 21
297.3717070820088
 72
     1
 10
631.7916026194056
 20
297.3717070820088
 11
622.8678391512082
 21
297.3067335207254
 72
     1
 10
622.8678391512082
 20
297.3067335207254
 11
623.0061737169169
 21
278.3072371182433
 97
        0
 75
     0
 76
     1
 52
0.0
 41
10.0
 77
     0
 78
     1
 53
45.0
 43
0.0
 44
0.0
 45
-0.8838834764831843
 46
0.8838834764831844
 79
     0
 98
        1
 10
0.0
 20
0.0
  0
INSERT
  5
7401
330
5CD4
100
AcDbEntity
  8
PARKING
 62
     2
100
AcDbBlockReference
  2
HANDI
 10
638.0402390512286
 20
285.7641912218658
 30
0.0
 41
30.0
 42
30.0
 43
30.0
 50
180.0
  0
INSERT
  5
7402
330
5CD4
100
AcDbEntity
  8
PARKING
 62
     2
100
AcDbBlockReference
  2
HANDI
 10
736.2016372014002
 20
286.4789003959833
 30
0.0
 41
30.0
 42
30.0
 43
30.0
 50
180.0
  0
HATCH
  5
7403
330
5CD4
100
AcDbEntity
  8
PARKING
100
AcDbHatch
 10
0.0
 20
0.0
 30
0.0
210
0.0
220
0.0
230
1.0
  2
ANSI31
 70
     0
 71
     0
 91
        1
 92
        1
 93
        4
 72
     1
 10
721.1675718670886
 20
279.0219462923608
 11
730.091335335286
 21
279.0869198536442
 72
     1
 10
730.091335335286
 20
279.0869198536442
 11
729.9530007695772
 21
298.0864162561263
 72
     1
 10
729.9530007695772
 20
298.0864162561263
 11
721.0292373013798
 21
298.0214426948429
 72
     1
 10
721.0292373013798
 20
298.0214426948429
 11
721.1675718670886
 21
279.0219462923608
 97
        0
 75
     0
 76
     1
 52
0.0
 41
10.0
 77
     0
 78
     1
 53
45.0
 43
98.16139815017164
 44
0.7147091741175018
 45
-0.8838834764831843
 46
0.8838834764831844
 79
     0
 98
        1
 10
98.16139815017164
 20
0.7147091741175018
  0
LINE
  5
7404
330
5CD4
100
AcDbEntity
  8
PARKING
100
AcDbLine
 10
721.0292373013798
 20
298.0214426948429
 30
0.0
 11
729.9530007695772
 21
298.0864162561263
 31
0.0
  0
INSERT
  5
7405
330
5CD4
100
AcDbEntity
  8
PARKING
 62
     2
100
AcDbBlockReference
  2
HANDI
 10
825.4392718833744
 20
287.1286360088174
 30
0.0
 41
30.0
 42
30.0
 43
30.0
 50
180.0
  0
HATCH
  5
7406
330
5CD4
100
AcDbEntity
  8
PARKING
100
AcDbHatch
 10
0.0
 20
0.0
 30
0.0
210
0.0
220
0.0
230
1.0
  2
ANSI31
 70
     0
 71
     0
 91
        1
 92
        1
 93
        4
 72
     1
 10
810.4052065490628
 20
279.6716819051949
 11
819.3289700172602
 21
279.7366554664783
 72
     1
 10
819.3289700172602
 20
279.7366554664783
 11
819.1906354515514
 21
298.7361518689604
 72
     1
 10
819.1906354515514
 20
298.7361518689604
 11
810.266871983354
 21
298.671178307677
 72
     1
 10
810.266871983354
 20
298.671178307677
 11
810.4052065490628
 21
279.6716819051949
 97
        0
 75
     0
 76
     1
 52
0.0
 41
10.0
 77
     0
 78
     1
 53
45.0
 43
187.3990328321458
 44
1.364444786951594
 45
-0.8838834764831843
 46
0.8838834764831844
 79
     0
 98
        1
 10
187.3990328321458
 20
1.364444786951594
  0
LINE
  5
7407
330
5CD4
100
AcDbEntity
  8
PARKING
100
AcDbLine
 10
810.266871983354
 20
298.671178307677
 30
0.0
 11
819.1906354515514
 21
298.7361518689604
 31
0.0
  0
TEXT
  5
7409
330
5CD4
100
AcDbEntity
  8
TENANT_TXT
100
AcDbText
 10
829.2648810362404
 20
215.6163839330334
 30
0.0
 40
3.6
  1
6,804 Sq. Ft.
  7
L120
 72
     1
 11
847.3505953219546
 21
215.6163839330334
 31
0.0
100
AcDbText
  0
LINE
  5
740F
330
5CD4
100
AcDbEntity
  8
LINCONC
100
AcDbLine
 10
454.5807031060012
 20
460.3444993164338
 30
0.0
 11
454.5807031060012
 21
436.2631290907586
 31
0.0
  0
LINE
  5
7410
330
5CD4
100
AcDbEntity
  8
LINCONC
100
AcDbLine
 10
449.5807031060011
 20
460.3452944943529
 30
0.0
 11
449.5807031060012
 21
436.2631290907586
 31
0.0
  0
LINE
  5
7411
330
5CD4
100
AcDbEntity
  8
LINCON2
100
AcDbLine
 10
454.5807031060012
 20
460.3444993164338
 30
0.0
 11
611.6064869875572
 21
460.3195266292187
 31
0.0
  0
LINE
  5
7415
330
5CD4
100
AcDbEntity
  8
LINCONC
100
AcDbLine
 10
425.6898584259326
 20
227.6131290907586
 30
0.0
 11
425.6898584259326
 21
222.6131290907586
 31
0.0
  0
LINE
  5
7416
330
5CD4
100
AcDbEntity
  8
LINCONC
100
AcDbLine
 10
522.4898584259327
 20
178.3621374505847
 30
0.0
 11
512.7454051640284
 21
178.3621374505847
 31
0.0
  0
LINE
  5
7418
330
5CD4
100
AcDbEntity
  8
LINCONC
100
AcDbLine
 10
512.7454051640284
 20
222.2131290907586
 30
0.0
 11
495.8649779371085
 21
208.8913538582699
 31
0.0
  0
LINE
  5
7419
330
5CD4
100
AcDbEntity
  8
LINCONC
100
AcDbLine
 10
512.7454051640283
 20
215.8436461406125
 30
0.0
 11
501.4102592207918
 21
206.8981221646289
 31
0.0
  0
ARC
  5
741C
330
5CD4
100
AcDbEntity
  8
LINCONC
100
AcDbCircle
 10
502.0297637598999
 20
206.1131290907586
 30
0.0
 40
1.0
100
AcDbArc
 50
128.2799623156527
 51
269.9999999999999
  0
ARC
  5
741D
330
5CD4
100
AcDbEntity
  8
LINCONC
100
AcDbCircle
 10
502.0297637598999
 20
206.1131290907586
 30
0.0
 40
1.5
100
AcDbArc
 50
176.469647419876
 51
269.9999999999999
  0
ARC
  5
7420
330
5CD4
100
AcDbEntity
  8
LINCONC
100
AcDbCircle
 10
495.2454733980005
 20
209.6763469321401
 30
0.0
 40
1.0
100
AcDbArc
 50
179.9981050669737
 51
308.2799623156526
  0
ARC
  5
7421
330
5CD4
100
AcDbEntity
  8
LINCONC
100
AcDbCircle
 10
495.2454733980005
 20
209.6763469321401
 30
0.0
 40
1.5
100
AcDbArc
 50
179.9981050669737
 51
260.0902772114265
  0
LINE
  5
7423
330
5CD4
100
AcDbEntity
  8
LINCONC
100
AcDbLine
 10
512.7454051640284
 20
222.6131290907586
 30
0.0
 11
512.7454051640284
 21
222.2131290907586
 31
0.0
  0
LINE
  5
7424
330
5CD4
100
AcDbEntity
  8
LINBLDG
100
AcDbLine
 10
522.4898584259327
 20
277.5753818875645
 30
0.0
 11
522.4898584259323
 21
436.2631290907585
 31
0.0
  0
LINE
  5
7425
330
5CD4
100
AcDbEntity
  8
LINBLDG
100
AcDbLine
 10
510.1898584259326
 20
227.6131290907585
 30
0.0
 11
522.4898584259327
 21
227.6131290907585
 31
0.0
  0
LINE
  5
7426
330
5CD4
100
AcDbEntity
  8
LINCONC
100
AcDbLine
 10
425.6898584259326
 20
229.8131290907586
 30
0.0
 11
420.3398584259327
 21
229.8131290907586
 31
0.0
  0
LINE
  5
7427
330
5CD4
100
AcDbEntity
  8
LINCONC
100
AcDbLine
 10
420.6898584259326
 20
227.2631290907586
 30
0.0
 11
420.6898584259326
 21
227.6131290907586
 31
0.0
  0
LINE
  5
7428
330
5CD4
100
AcDbEntity
  8
LINCONC
100
AcDbLine
 10
425.689858425933
 20
227.6131290907586
 30
0.0
 11
407.6898584259326
 21
227.6131290907587
 31
0.0
  0
LINE
  5
7429
330
5CD4
100
AcDbEntity
  8
LINCONC
100
AcDbLine
 10
407.6898584259327
 20
274.0131290907585
 30
0.0
 11
407.6898584259326
 21
284.0131290907586
 31
0.0
  0
LINE
  5
742A
330
5CD4
100
AcDbEntity
  8
LINCONC
100
AcDbLine
 10
420.6898584259326
 20
227.2631290907586
 30
0.0
 11
407.6898584259326
 21
227.2631290907587
 31
0.0
  0
LINE
  5
742B
330
5CD4
100
AcDbEntity
  8
LINCONC
100
AcDbLine
 10
425.6898584259325
 20
248.8131290907586
 30
0.0
 11
420.3398584259327
 21
248.8131290907586
 31
0.0
  0
LINE
  5
742C
330
5CD4
100
AcDbEntity
  8
LINCONC
100
AcDbLine
 10
420.3398584259327
 20
229.8131290907586
 30
0.0
 11
420.3398584259327
 21
248.8131290907586
 31
0.0
  0
LINE
  5
742D
330
5CD4
100
AcDbEntity
  8
LINCONC
100
AcDbLine
 10
425.6898584259325
 20
251.0131290907586
 30
0.0
 11
420.6898584259327
 21
251.0131290907586
 31
0.0
  0
LINE
  5
742E
330
5CD4
100
AcDbEntity
  8
LINCONC
100
AcDbLine
 10
420.6898584259327
 20
251.0131290907586
 30
0.0
 11
420.6898584259327
 21
264.0131290907579
 31
0.0
  0
LINE
  5
742F
330
5CD4
100
AcDbEntity
  8
LINCONC
100
AcDbLine
 10
425.6898584259326
 20
264.0131290907586
 30
0.0
 11
420.6898584259328
 21
264.0131290907586
 31
0.0
  0
LINE
  5
7430
330
5CD4
100
AcDbEntity
  8
LINCONC
100
AcDbLine
 10
425.6898584259326
 20
284.0131290907586
 30
0.0
 11
407.6898584259326
 21
284.0131290907586
 31
0.0
  0
LINE
  5
7432
330
5CD4
100
AcDbEntity
  8
LINCONC
  6
HIDDEN4
 48
0.6
100
AcDbLine
 10
425.6898584259326
 20
280.0131290907586
 30
0.0
 11
420.6898584259326
 21
280.0131290907586
 31
0.0
  0
LINE
  5
7433
330
5CD4
100
AcDbEntity
  8
LINCONC
  6
HIDDEN4
 48
0.6
100
AcDbLine
 10
420.6898584259327
 20
264.0131290907579
 30
0.0
 11
420.6898584259326
 21
280.0131290907576
 31
0.0
  0
LINE
  5
7435
330
5CD4
100
AcDbEntity
  8
LINCONC
100
AcDbLine
 10
420.6898584259326
 20
283.6631290907586
 30
0.0
 11
407.6898584259326
 21
283.6631290907586
 31
0.0
  0
LINE
  5
7437
330
5CD4
100
AcDbEntity
  8
LINCONC
100
AcDbLine
 10
402.6898584259328
 20
269.0131290907585
 30
0.0
 11
381.2904135349949
 21
269.0131290907585
 31
0.0
  0
ARC
  5
7439
330
5CD4
100
AcDbEntity
  8
LINCONC
100
AcDbCircle
 10
402.6898584259327
 20
274.0131290907585
 30
0.0
 40
5.0
100
AcDbArc
 50
270.0000000000003
 51
0.0
  0
LINE
  5
743B
330
5CD4
100
AcDbEntity
  8
LINCONC
100
AcDbLine
 10
407.6898584259326
 20
227.2631290907587
 30
0.0
 11
407.6898584259328
 21
241.1131290907587
 31
0.0
  0
LINE
  5
743C
330
5CD4
100
AcDbEntity
  8
LINCONC
100
AcDbLine
 10
402.6898584259328
 20
246.1131290907587
 30
0.0
 11
381.8800659262155
 21
246.1131290907586
 31
0.0
  0
ARC
  5
743D
330
5CD4
100
AcDbEntity
  8
LINCONC
100
AcDbCircle
 10
402.6898584259328
 20
241.1131290907587
 30
0.0
 40
5.0
100
AcDbArc
 50
359.9999999999998
 51
89.99999999999974
  0
ARC
  5
743E
330
5CD4
100
AcDbEntity
  8
LINCONC
100
AcDbCircle
 10
381.2904135349949
 20
279.0131290907585
 30
0.0
 40
10.0
100
AcDbArc
 50
180.7360073000817
 51
269.9999999999998
  0
ARC
  5
743F
330
5CD4
100
AcDbEntity
  8
LINCONC
100
AcDbCircle
 10
381.8800659262155
 20
236.1131290907586
 30
0.0
 40
10.0
100
AcDbArc
 50
89.99999999999984
 51
180.7360073000817
  0
LINE
  5
7441
330
5CD4
100
AcDbEntity
  8
LINCONC
100
AcDbLine
 10
425.6898584259326
 20
427.3631290907586
 30
0.0
 11
417.2898584259327
 21
427.3631290907586
 31
0.0
  0
LINE
  5
7442
330
5CD4
100
AcDbEntity
  8
LINCONC
100
AcDbLine
 10
417.2898584259327
 20
421.9631290907586
 30
0.0
 11
417.2898584259327
 21
427.3631290907586
 31
0.0
  0
LINE
  5
7443
330
5CD4
100
AcDbEntity
  8
LINCONC
100
AcDbLine
 10
402.3898584259326
 20
421.9631290907587
 30
0.0
 11
425.6898584259326
 21
421.9631290907586
 31
0.0
  0
LINE
  5
7444
330
5CD4
100
AcDbEntity
  8
TOPO
100
AcDbLine
 10
402.3898584259325
 20
407.5631290907588
 30
0.0
 11
417.8898584259325
 21
407.5631290907587
 31
0.0
  0
LINE
  5
7447
330
5CD4
100
AcDbEntity
  8
TOPO
100
AcDbLine
 10
417.8898584259325
 20
407.5631290907587
 30
0.0
 11
417.8898584259325
 21
413.5631290907587
 31
0.0
  0
LINE
  5
7448
330
5CD4
100
AcDbEntity
  8
LINCONC
100
AcDbLine
 10
417.8898584259325
 20
413.5631290907587
 30
0.0
 11
425.6898584259326
 21
413.5631290907587
 31
0.0
  0
LINE
  5
744A
330
5CD4
100
AcDbEntity
  8
TOPO
100
AcDbLine
 10
417.8898584259325
 20
407.5631290907587
 30
0.0
 11
417.8898584259323
 21
391.4631290907586
 31
0.0
  0
LINE
  5
744B
330
5CD4
100
AcDbEntity
  8
LINCONC
100
AcDbLine
 10
417.8898584259323
 20
391.4631290907586
 30
0.0
 11
425.6898584259326
 21
391.4631290907586
 31
0.0
  0
LINE
  5
744C
330
5CD4
100
AcDbEntity
  8
LINCONC
100
AcDbLine
 10
385.6626133770289
 20
385.1631290907587
 30
0.0
 11
425.6898584259325
 21
385.1631290907586
 31
0.0
  0
LINE
  5
744D
330
5CD4
100
AcDbEntity
  8
LINCONC
100
AcDbLine
 10
402.3898584259326
 20
421.9631290907587
 30
0.0
 11
396.9861391972881
 21
421.9633078069943
 31
0.0
  0
LINE
  5
744E
330
5CD4
100
AcDbEntity
  8
LINCONC
100
AcDbLine
 10
402.3898451968044
 20
421.5631290909775
 30
0.0
 11
398.9898451986639
 21
421.5632415385669
 31
0.0
  0
LINE
  5
744F
330
5CD4
100
AcDbEntity
  8
LINCONC
100
AcDbLine
 10
398.9898584277921
 20
421.9632415383481
 30
0.0
 11
398.9898451986639
 21
421.5632415385669
 31
0.0
  0
ARC
  5
7450
330
5CD4
100
AcDbEntity
  8
LINCONC
100
AcDbCircle
 10
396.9868006536964
 20
441.9633077960562
 30
0.0
 40
20.0
100
AcDbArc
 50
187.8730354439798
 51
269.9981050669734
  0
LINE
  5
7452
330
5CD4
100
AcDbEntity
  8
LINCONC
100
AcDbLine
 10
377.175319898967
 20
439.2237402562815
 30
0.0
 11
376.158870516003
 21
439.2237402562815
 31
0.0
  0
LINE
  5
7453
330
5CD4
100
AcDbEntity
  8
LINCONC
100
AcDbLine
 10
377.175319898967
 20
439.2237402562815
 30
0.0
 11
377.310464246585
 21
445.5468515162
 31
0.0
  0
ARC
  5
7455
330
5CD4
100
AcDbEntity
  8
LINCONC
100
AcDbCircle
 10
385.6626133770289
 20
372.1631290907587
 30
0.0
 40
13.0
100
AcDbArc
 50
89.99999999999976
 51
178.6702564645546
  0
LINE
  5
7456
330
5CD4
100
AcDbEntity
  8
TOPO
100
AcDbLine
 10
425.6898584259326
 20
421.9631290907586
 30
0.0
 11
410.6898584259326
 21
421.9631290907587
 31
0.0
  0
INSERT
  5
745E
330
5CD4
100
AcDbEntity
  8
TOPO
100
AcDbBlockReference
  2
STOCK
 10
409.1898584259326
 20
421.9631290907587
 30
0.0
 41
15.0
 42
15.0
 43
15.0
  0
LINE
  5
745F
330
5CD4
100
AcDbEntity
  8
TOPO
100
AcDbLine
 10
407.6898584259326
 20
421.9631290907587
 30
0.0
 11
402.3898584259326
 21
421.9631290907587
 31
0.0
  0
LINE
  5
7460
330
5CD4
100
AcDbEntity
  8
TOPO
100
AcDbLine
 10
402.3898584259326
 20
421.9631290907587
 30
0.0
 11
402.3898584259325
 21
412.2631290907588
 31
0.0
  0
INSERT
  5
7461
330
5CD4
100
AcDbEntity
  8
TOPO
100
AcDbBlockReference
  2
STOCK
 10
402.3898584259325
 20
410.7631290907588
 30
0.0
 41
15.0
 42
15.0
 43
15.0
 50
90.0
  0
LINE
  5
7462
330
5CD4
100
AcDbEntity
  8
TOPO
100
AcDbLine
 10
402.3898584259325
 20
409.2631290907588
 30
0.0
 11
402.3898584259325
 21
407.5631290907588
 31
0.0
  0
TEXT
  5
7464
330
5CD4
100
AcDbEntity
  8
TOPO_TXT
100
AcDbText
 10
420.8706022937345
 20
409.0208962532866
 30
0.0
 40
1.8
  1
FREEZER
 50
270.0
  7
L60
 72
     4
 11
421.7706022937345
 21
403.449467681858
 31
0.0
100
AcDbText
1001
RMACOMMAND_206_545-6877
1002
{
1000
command
1000
(rma_text "_M" T)
1002
}
  0
TEXT
  5
7465
330
5CD4
100
AcDbEntity
  8
TOPO_TXT
100
AcDbText
 10
403.0775803924228
 20
419.3824835718327
 30
0.0
 40
1.8
  1
6' WOOD FENCE
  7
L60
 72
     4
 11
413.7490089638513
 21
420.4539121432613
 31
0.0
100
AcDbText
1001
RMACOMMAND_206_545-6877
1002
{
1000
command
1000
(rma_text "_M" T)
1002
}
  0
TEXT
  5
7466
330
5CD4
100
AcDbEntity
  8
TOPO_TXT
100
AcDbText
 10
395.8935376011025
 20
404.8422668684192
 30
0.0
 40
1.8
  1
6' WOOD FENCE
  7
L60
 72
     4
 11
406.5649661725311
 21
405.9136954398477
 31
0.0
100
AcDbText
1001
RMACOMMAND_206_545-6877
1002
{
1000
command
1000
(rma_text "_M" T)
1002
}
  0
CIRCLE
  5
746D
330
5CD4
100
AcDbEntity
  8
TOPO_TXT
100
AcDbCircle
 10
422.6898584259326
 20
425.6131290907586
 30
0.0
 40
1.0
  0
CIRCLE
  5
746F
330
5CD4
100
AcDbEntity
  8
TOPO_TXT
100
AcDbCircle
 10
418.9698584259327
 20
425.6131290907586
 30
0.0
 40
0.5
  0
CIRCLE
  5
7471
330
5CD4
100
AcDbEntity
  8
TOPO_TXT
100
AcDbCircle
 10
418.9698584259327
 20
423.8631290907586
 30
0.0
 40
0.5
  0
CIRCLE
  5
7477
330
5CD4
100
AcDbEntity
  8
TOPO
100
AcDbCircle
 10
401.1898584259325
 20
408.2631290907587
 30
0.0
 40
0.2
  0
CIRCLE
  5
747B
330
5CD4
100
AcDbEntity
  8
TOPO
100
AcDbCircle
 10
416.9398584259324
 20
392.4631290907587
 30
0.0
 40
0.2
  0
CIRCLE
  5
747F
330
5CD4
100
AcDbEntity
  8
TOPO
100
AcDbCircle
 10
416.9398584259324
 20
398.8631290907587
 30
0.0
 40
0.2
  0
LINE
  5
7480
330
5CD4
100
AcDbEntity
  8
LINCONC
100
AcDbLine
 10
417.4898584259325
 20
407.5631290907587
 30
0.0
 11
417.4898584259325
 21
413.5631290907587
 31
0.0
  0
LINE
  5
7481
330
5CD4
100
AcDbEntity
  8
LINCONC
100
AcDbLine
 10
417.4898584259325
 20
407.5631290907587
 30
0.0
 11
417.4898584259324
 21
391.4631290907586
 31
0.0
  0
LINE
  5
7482
330
5CD4
100
AcDbEntity
  8
TOPO_TXT
100
AcDbLine
 10
417.8898584259325
 20
413.5631290907587
 30
0.0
 11
417.4898584259325
 21
413.5631290907587
 31
0.0
  0
LINE
  5
7483
330
5CD4
100
AcDbEntity
  8
TOPO_TXT
100
AcDbLine
 10
417.4898584259324
 20
391.4631290907586
 30
0.0
 11
417.8898584259323
 21
391.4631290907586
 31
0.0
  0
LINE
  5
748F
330
5CD4
100
AcDbEntity
  8
TENANT_TXT
  6
HIDDEN4
 62
     3
100
AcDbLine
 10
510.1898584259326
 20
381.6631290907586
 30
0.0
 11
425.6898584259326
 21
381.6631290907586
 31
0.0
  0
TEXT
  5
74BE
330
5CD4
100
AcDbEntity
  8
TOPO_TXT
100
AcDbText
 10
455.4411138987208
 20
223.9288046532496
 30
0.0
 40
1.8
  1
5' SIDEWALK
  7
L60
 72
     4
 11
463.7125424701494
 21
225.0002332246781
 31
0.0
100
AcDbText
1001
RMACOMMAND_206_545-6877
1002
{
1000
command
1000
(rma_text "_M" T)
1002
}
  0
TEXT
  5
74BF
330
5CD4
100
AcDbEntity
  8
TOPO_TXT
100
AcDbText
 10
423.8192211229144
 20
264.7153696716442
 30
0.0
 40
1.2
  1
HANDICAP RAMP
 50
90.0
  7
L40
 72
     4
 11
423.2192211229144
 21
272.1153696716442
 31
0.0
100
AcDbText
1001
RMACOMMAND_206_545-6877
1002
{
1000
command
1000
(rma_text "_M" T)
1002
}
  0
TEXT
  5
74C0
330
5CD4
100
AcDbEntity
  8
TOPO_TXT
100
AcDbText
 10
519.1079591620052
 20
191.652460110032
 30
0.0
 40
1.8
  1
5' SIDEWALK
 50
90.0
  7
L60
 72
     4
 11
518.0365305905766
 21
199.9238886814606
 31
0.0
100
AcDbText
1001
RMACOMMAND_206_545-6877
1002
{
1000
command
1000
(rma_text "_M" T)
1002
}
  0
TEXT
  5
74C1
330
5CD4
100
AcDbEntity
  8
TOPO_TXT
100
AcDbText
 10
499.5272757456121
 20
206.7269096986267
 30
0.0
 40
1.8
  1
5' SIDEWALK
 50
40.0
  7
L60
 72
     4
 11
505.1748566290321
 21
212.86444340209
 31
0.0
100
AcDbText
1001
RMACOMMAND_206_545-6877
1002
{
1000
command
1000
(rma_text "_M" T)
1002
}
  0
TEXT
  5
74C2
330
5CD4
100
AcDbEntity
  8
TOPO_TXT
100
AcDbText
 10
516.792740586059
 20
237.885131046466
 30
0.0
 40
1.8
  1
BREEZEWAY
 50
90.0
  7
L60
 72
     4
 11
515.8927405860591
 21
245.6422739036089
 31
0.0
100
AcDbText
1001
RMACOMMAND_206_545-6877
1002
{
1000
command
1000
(rma_text "_M" T)
1002
}
  0
TEXT
  5
74C3
330
5CD4
100
AcDbEntity
  8
TOPO_TXT
100
AcDbText
 10
405.3272791315666
 20
255.9132080170881
 30
0.0
 40
1.8
  1
CONCRETE
  7
L60
 72
     4
 11
412.055850560138
 21
256.8132080170881
 31
0.0
100
AcDbText
1001
RMACOMMAND_206_545-6877
1002
{
1000
command
1000
(rma_text "_M" T)
1002
}
  0
LINE
  5
74C4
330
5CD4
100
AcDbEntity
  8
LINCONC
100
AcDbLine
 10
420.6898584259327
 20
229.8131290907587
 30
0.0
 11
420.6898584259327
 21
248.8131290907587
 31
0.0
  0
LINE
  5
74C9
330
5CD4
100
AcDbEntity
  8
EASEMENT_TXT
100
AcDbLine
 10
1093.244647026457
 20
259.4591646776486
 30
0.0
 11
1096.064964386555
 21
259.4591646776486
 31
0.0
  0
SOLID
  5
74FD
330
5CD4
100
AcDbEntity
  8
TXTMISC2
100
AcDbTrace
 10
1096.00353292235
 20
240.5466830340046
 30
-0.0000000000000002
 11
1093.60353292235
 21
240.9466830340046
 31
-0.0000000000000002
 12
1096.00353292235
 22
241.3466830340047
 32
-0.0000000000000002
 13
1096.00353292235
 23
241.3466830340047
 33
-0.0000000000000002
  0
LWPOLYLINE
  5
74FE
330
5CD4
100
AcDbEntity
  8
TXTMISC2
100
AcDbPolyline
 90
        3
 70
     0
 43
0.0
 10
1096.00353292235
 20
240.9466830340046
 10
1107.155333855372
 20
240.9466830340046
 10
1107.155333855372
 20
237.8858291553411
  0
TEXT
  5
7514
330
5CD4
100
AcDbEntity
  8
TENANT_TXT
 62
     4
100
AcDbText
 10
431.6058650802466
 20
330.6037297918247
 30
0.0
 40
2.4
  1
92.35'
 50
89.99805555555558
  7
L80
 72
     1
 11
430.4060434923723
 21
335.8609133702894
 31
0.0
100
AcDbText
 73
     2
  0
TEXT
  5
7516
330
5CD4
100
AcDbEntity
  8
TENANT_TXT
 62
     4
100
AcDbText
 10
506.6842728730346
 20
404.8811304915687
 30
0.0
 40
2.4
  1
54.6'
 50
89.99805555555558
  7
L80
 72
     1
 11
505.4844125000657
 21
408.9954569278344
 31
0.0
100
AcDbText
 73
     2
  0
TEXT
  5
7517
330
5CD4
100
AcDbEntity
  8
TENANT_TXT
 62
     4
100
AcDbText
 10
506.6842340879401
 20
330.6037297918247
 30
0.0
 40
2.4
  1
92.35'
 50
89.99805555555558
  7
L80
 72
     1
 11
505.4844125000657
 21
335.8609133702894
 31
0.0
100
AcDbText
 73
     2
  0
TEXT
  5
7518
330
5CD4
100
AcDbEntity
  8
TENANT_TXT
 62
     4
100
AcDbText
 10
506.6842728730346
 20
273.0488026544928
 30
0.0
 40
2.4
  1
24.3'
 50
89.99805555555558
  7
L80
 72
     1
 11
505.4844125000657
 21
277.1631290907585
 31
0.0
100
AcDbText
 73
     2
  0
TEXT
  5
7519
330
5CD4
100
AcDbEntity
  8
TENANT_TXT
 62
     4
100
AcDbText
 10
506.6842728730346
 20
242.8096768514509
 30
0.0
 40
2.4
  1
37.4'
 50
89.99805555555558
  7
L80
 72
     1
 11
505.4844125000657
 21
246.9240032877165
 31
0.0
100
AcDbText
 73
     2
  0
TEXT
  5
751A
330
5CD4
100
AcDbEntity
  8
TOPO_TXT
100
AcDbText
 10
452.8624900320036
 20
441.8264680501821
 30
0.0
 40
1.8
  1
SIDEWALK
 50
90.0
  7
L60
 72
     4
 11
451.9624900320036
 21
448.0407537644678
 31
0.0
100
AcDbText
1001
RMACOMMAND_206_545-6877
1002
{
1000
command
1000
(rma_text "_M" T)
1002
}
  0
TEXT
  5
7529
330
5CD4
100
AcDbEntity
  8
TENANT_TXT
 62
     4
100
AcDbText
 10
844.4374974312002
 20
261.545943452292
 30
0.0
 40
2.4
  1
80.8'
 50
359.9980555555555
  7
L80
 72
     1
 11
848.5518238674659
 21
262.7458038252608
 31
0.0
100
AcDbText
 73
     2
  0
TEXT
  5
752A
330
5CD4
100
AcDbEntity
  8
TENANT_TXT
 62
     4
100
AcDbText
 10
844.6097348905587
 20
182.0950916176794
 30
0.0
 40
2.4
  1
80.8'
 50
359.9980555555555
  7
L80
 72
     1
 11
848.7240613268243
 21
183.2949519906482
 31
0.0
100
AcDbText
 73
     2
  0
TEXT
  5
7530
330
5CD4
100
AcDbEntity
  8
TOPO_TXT
100
AcDbText
 10
516.792740586059
 20
341.9176912773672
 30
0.0
 40
1.8
  1
COVERED WALKWAY
 50
90.0
  7
L60
 72
     4
 11
515.8927405860591
 21
355.1176912773672
 31
0.0
100
AcDbText
1001
RMACOMMAND_206_545-6877
1002
{
1000
command
1000
(rma_text "_M" T)
1002
}
  0
TEXT
  5
7531
330
5CD4
100
AcDbEntity
  8
TOPO_TXT
100
AcDbText
 10
801.6318833156986
 20
271.2399047495718
 30
0.0
 40
1.8
  1
COVERED WALKWAY
  7
L60
 72
     4
 11
814.8318833156986
 21
272.1399047495718
 31
0.0
100
AcDbText
1001
RMACOMMAND_206_545-6877
1002
{
1000
command
1000
(rma_text "_M" T)
1002
}
  0
TEXT
  5
13309
330
5CD4
100
AcDbEntity
  8
BLD_HT
 62
     5
100
AcDbText
 10
665.5845685876936
 20
180.9808645604789
 30
0.0
 40
3.75
  1
BUILDING HEIGHT: 16.4'
 50
90.0
 41
0.9
  7
I
 72
     4
 11
663.3524257305507
 21
215.4540788461932
 31
0.0
100
AcDbText
  0
TEXT
  5
1330B
330
5CD4
100
AcDbEntity
  8
BLD_HT
 62
     5
100
AcDbText
 10
932.6483543206311
 20
189.6189595265259
 30
0.0
 40
3.75
  1
BUILDING HEIGHT: 13.2'
 50
90.0
 41
0.9
  7
I
 72
     4
 11
930.4162114634883
 21
224.0921738122402
 31
0.0
100
AcDbText
  0
TEXT
  5
1330C
330
5CD4
100
AcDbEntity
  8
BLD_HT
 62
     5
100
AcDbText
 10
951.5581540309538
 20
186.5922780822093
 30
0.0
 40
3.75
  1
BUILDING HEIGHT: 20.6'
 50
90.0
 41
0.9
  7
I
 72
     4
 11
949.3260111738109
 21
221.6279923679236
 31
0.0
100
AcDbText
  0
LINE
  5
1330D
330
5CD4
100
AcDbEntity
  8
TENANT_TXT
  6
HIDDEN4
 62
     3
100
AcDbLine
 10
961.0763579929405
 20
266.0461498517344
 30
0.0
 11
961.1100168696249
 21
180.5916465715524
 31
0.0
  0
TEXT
  5
1330E
330
5CD4
100
AcDbEntity
  8
BLD_HT
 62
     5
100
AcDbText
 10
967.8127192283623
 20
241.8848554527661
 30
0.0
 40
3.75
  1
BUILDING HEIGHT: 23.6'
 41
0.9
  7
I
 72
     4
 11
1002.848433514077
 21
244.116998309909
 31
0.0
100
AcDbText
  0
TEXT
  5
1330F
330
5CD4
100
AcDbEntity
  8
BLD_HT
 62
     5
100
AcDbText
 10
814.2411940311961
 20
203.3148328471874
 30
0.0
 40
3.75
  1
BUILDING HEIGHT: 16.4'
 41
0.9
  7
I
 72
     4
 11
848.7144083169104
 21
205.5469757043303
 31
0.0
100
AcDbText
  0
ARC
  5
1331B
330
5CD4
100
AcDbEntity
  8
BLD_HT
 62
     5
100
AcDbCircle
 10
941.9207317201422
 20
189.3358927911635
 30
0.0
 40
7.34494187223267
100
AcDbArc
 50
217.6884999515311
 51
337.5844283396995
  0
ARC
  5
1331C
330
5CD4
100
AcDbEntity
  8
BLD_HT
 62
     5
100
AcDbCircle
 10
959.6081699554522
 20
255.5895498850445
 30
0.0
 40
9.842996248184358
100
AcDbArc
 50
81.42003178699198
 51
178.658177278243
  0
ARC
  5
1331D
330
5CD4
100
AcDbEntity
  8
BLD_HT
 62
     5
100
AcDbCircle
 10
967.7999416180872
 20
250.9776063224624
 30
0.0
 40
6.756722531238903
100
AcDbArc
 50
186.1874753079738
 51
267.9718155063742
  0
ARC
  5
1331E
330
5CD4
100
AcDbEntity
  8
BLD_HT
 62
     5
100
AcDbCircle
 10
1037.755109233919
 20
237.7363381848562
 30
0.0
 40
5.888386159061716
100
AcDbArc
 50
10.4402397256493
 51
88.49461718333136
  0
ARC
  5
1331F
330
5CD4
100
AcDbEntity
  8
BLD_HT
 62
     5
100
AcDbCircle
 10
920.7271274569647
 20
197.5187159487291
 30
0.0
 40
10.96152557042309
100
AcDbArc
 50
194.2539447433043
 51
315.2338344248195
  0
ARC
  5
13320
330
5CD4
100
AcDbEntity
  8
BLD_HT
 62
     5
100
AcDbCircle
 10
933.928571567143
 20
259.341793606555
 30
0.0
 40
3.813433871554238
100
AcDbArc
 50
55.69608763188991
 51
177.9234068439827
  0
TEXT
  5
13323
330
5CD4
100
AcDbEntity
  8
BLD_HT
 62
     5
100
AcDbText
 10
537.8213919474108
 20
186.7330271899208
 30
0.0
 40
3.75
  1
BUILDING HEIGHT: 16.4'
 50
90.0
 41
0.9
  7
I
 72
     4
 11
535.5892490902679
 21
221.2062414756352
 31
0.0
100
AcDbText
  0
TEXT
  5
13325
330
5CD4
100
AcDbEntity
  8
BLD_HT
 62
     5
100
AcDbText
 10
431.5758245098974
 20
417.1997351808853
 30
0.0
 40
4.0
  1
BUILDING HEIGHT: 16.4'
 41
0.9
  7
I
 72
     4
 11
468.347253081326
 21
419.5806875618377
 31
0.0
100
AcDbText
  0
TEXT
  5
13326
330
5CD4
100
AcDbEntity
  8
BLD_HT
 62
     5
100
AcDbText
 10
431.9223684571285
 20
316.8372830121328
 30
0.0
 40
4.0
  1
BUILDING HEIGHT: 16.4'
 41
0.9
  7
I
 72
     4
 11
468.6937970285571
 21
319.2182353930853
 31
0.0
100
AcDbText
  0
TEXT
  5
13329
330
5CD4
100
AcDbEntity
  8
BLD_HT
 62
     5
100
AcDbText
 10
1002.366853286647
 20
174.6258900725828
 30
0.0
 40
3.75
  1
BLD. HT. 13.5'
 41
0.9
  7
I
 72
     4
 11
1022.697210429505
 21
176.8580329297257
 31
0.0
100
AcDbText
  0
LINE
  5
1344F
330
5CD4
100
AcDbEntity
  8
LINCON2
100
AcDbLine
 10
396.2848456059621
 20
157.8852033928206
 30
0.0
 11
396.5594357348491
 21
157.9815073162786
 31
0.0
  0
LINE
  5
134D5
330
5CD4
100
AcDbEntity
  8
PARKING
100
AcDbLine
 10
684.1992447317924
 20
171.2080075851038
 30
0.0
 11
722.0037060816194
 21
171.2269727926093
 31
0.0
  0
TEXT
  5
134D6
330
5CD4
100
AcDbEntity
  8
PARKING_TXT
 62
     2
100
AcDbText
 10
696.74921803701
 20
166.0365112447954
 30
0.0
 40
1.8
  1
4 SPACES
  7
L60
 72
     4
 11
703.4349323227243
 21
166.9365112447954
 31
0.0
100
AcDbText
1001
RMACOMMAND_206_545-6877
1002
{
1000
command
1000
(rma_text "_M" T)
1002
}
  0
LINE
  5
134D7
330
5CD4
100
AcDbEntity
  8
PARKING
100
AcDbLine
 10
684.2037597239382
 20
162.2080087176125
 30
0.0
 11
722.0082210737652
 21
162.2269739251179
 31
0.0
  0
LINE
  5
134D8
330
5CD4
100
AcDbEntity
  8
PARKING
100
AcDbLine
 10
703.1105053909976
 20
153.2174924538738
 30
0.0
 11
703.101475406706
 21
171.2174901888565
 31
0.0
  0
LINE
  5
134D9
330
5CD4
100
AcDbEntity
  8
PARKING
100
AcDbLine
 10
684.208274716084
 20
153.2080098501211
 30
0.0
 11
722.012736065911
 21
153.2269750576266
 31
0.0
  0
LINE
  5
134DA
330
5CD4
100
AcDbEntity
  8
PARKING
100
AcDbLine
 10
791.7277560808988
 20
171.2080075851038
 30
0.0
 11
829.5322174307257
 21
171.2269727926093
 31
0.0
  0
LINE
  5
134DB
330
5CD4
100
AcDbEntity
  8
PARKING
100
AcDbLine
 10
791.7322710730446
 20
162.2080087176125
 30
0.0
 11
829.5367324228715
 21
162.2269739251179
 31
0.0
  0
LINE
  5
134DC
330
5CD4
100
AcDbEntity
  8
PARKING
100
AcDbLine
 10
810.6390167401039
 20
153.2174924538738
 30
0.0
 11
810.6299867558123
 21
171.2174901888565
 31
0.0
  0
LINE
  5
134DD
330
5CD4
100
AcDbEntity
  8
PARKING
100
AcDbLine
 10
791.7367860651904
 20
153.2080098501211
 30
0.0
 11
829.5412474150173
 21
153.2269750576266
 31
0.0
  0
LINE
  5
134DE
330
5CD4
100
AcDbEntity
  8
PARKING
100
AcDbLine
 10
866.8130030986941
 20
153.2080098501211
 30
0.0
 11
904.6174644485211
 21
153.2269750576266
 31
0.0
  0
LINE
  5
134DF
330
5CD4
100
AcDbEntity
  8
PARKING
100
AcDbLine
 10
885.7152337736077
 20
153.2174924538738
 30
0.0
 11
885.7062037893161
 21
171.2174901888565
 31
0.0
  0
LINE
  5
134E0
330
5CD4
100
AcDbEntity
  8
PARKING
100
AcDbLine
 10
866.8084881065483
 20
162.2080087176125
 30
0.0
 11
904.6129494563753
 21
162.2269739251179
 31
0.0
  0
LINE
  5
134E1
330
5CD4
100
AcDbEntity
  8
PARKING
100
AcDbLine
 10
866.8039731144025
 20
171.2080075851038
 30
0.0
 11
904.6084344642295
 21
171.2269727926093
 31
0.0
  0
TEXT
  5
134E4
330
5CD4
100
AcDbEntity
  8
PARKING_TXT
 62
     2
100
AcDbText
 10
803.3089977045202
 20
166.0365112447954
 30
0.0
 40
1.8
  1
4 SPACES
  7
L60
 72
     4
 11
809.9947119902345
 21
166.9365112447954
 31
0.0
100
AcDbText
1001
RMACOMMAND_206_545-6877
1002
{
1000
command
1000
(rma_text "_M" T)
1002
}
  0
TEXT
  5
134E5
330
5CD4
100
AcDbEntity
  8
PARKING_TXT
 62
     2
100
AcDbText
 10
877.9008579396395
 20
166.0365112447954
 30
0.0
 40
1.8
  1
4 SPACES
  7
L60
 72
     4
 11
884.5865722253538
 21
166.9365112447954
 31
0.0
100
AcDbText
1001
RMACOMMAND_206_545-6877
1002
{
1000
command
1000
(rma_text "_M" T)
1002
}
  0
LINE
  5
134E9
330
5CD4
100
AcDbEntity
  8
EASEMENT
 48
0.5
100
AcDbLine
 10
408.7482515265442
 20
296.6781289387956
 30
0.0
 11
418.7482515210741
 21
296.6777982105916
 31
0.0
  0
LINE
  5
134EA
330
5CD4
100
AcDbEntity
  8
EASEMENT
 48
0.5
100
AcDbLine
 10
408.7487145460297
 20
310.6781289311389
 30
0.0
 11
418.7487145405596
 21
310.6777982029349
 31
0.0
  0
LINE
  5
134EB
330
5CD4
100
AcDbEntity
  8
EASEMENT
100
AcDbLine
 10
418.7482515210741
 20
296.6777982105916
 30
0.0
 11
418.7487145405596
 21
310.6777982029349
 31
0.0
  0
LINE
  5
134EC
330
5CD4
100
AcDbEntity
  8
EASEMENT
 48
0.5
100
AcDbLine
 10
986.4089327664628
 20
172.3502793913771
 30
0.0
 11
1096.391385009322
 21
173.1510571827615
 31
0.0
  0
LINE
  5
134ED
330
5CD4
100
AcDbEntity
  8
EASEMENT
 48
0.5
100
AcDbLine
 10
976.4820054839505
 20
162.2777367765399
 30
0.0
 11
976.3465832248881
 21
180.877243781075
 31
0.0
  0
TEXT
  5
134FB
330
5CD4
100
AcDbEntity
  8
EASEMENT_TXT
100
AcDbText
 10
955.8951638631233
 20
156.3683428487289
 30
0.0
 40
1.8
  1
10' CITY OF LAFAYETTE
  7
L60
 72
     2
 11
988.1237352916947
 21
156.3683428487289
 31
0.0
100
AcDbText
  0
TEXT
  5
134FC
330
5CD4
100
AcDbEntity
  8
EASEMENT_TXT
100
AcDbText
 10
960.5237352916947
 20
153.2826285630146
 30
0.0
 40
1.8
  1
ELECTRIC EASEMENT
  7
L60
 72
     2
 11
988.1237352916947
 21
153.2826285630146
 31
0.0
100
AcDbText
  0
TEXT
  5
134FD
330
5CD4
100
AcDbEntity
  8
EASEMENT_TXT
100
AcDbText
 10
961.9808781488376
 20
150.1969142773003
 30
0.0
 40
1.8
  1
ENTRY NO. 577566
  7
L60
 72
     2
 11
988.1237352916947
 21
150.1969142773003
 31
0.0
100
AcDbText
1001
RMACOMMAND_206_545-6877
1002
{
1000
command
1000
(rma_text "_R" T)
1002
}
  0
DIMENSION
  5
13509
330
5CD4
100
AcDbEntity
  8
EASEMENT_TXT
100
AcDbDimension
  2
*D59
 10
992.4103151015197
 20
162.3937101553465
 30
0.0
 11
992.3739112684383
 21
167.3935776296839
 31
0.0
 70
    33
  1
 
  3
ED30
100
AcDbAlignedDimension
 13
992.3375074353571
 23
172.3934451040213
 33
0.0
 14
992.4103151015198
 24
162.3937101553465
 34
0.0
  0
LINE
  5
1350A
330
5CD4
100
AcDbEntity
  8
EASEMENT_TXT
100
AcDbLine
 10
992.4088589481964
 20
162.59370485432
 30
0.0
 11
992.4088589481964
 21
157.3014126962707
 31
0.0
  0
LINE
  5
1350B
330
5CD4
100
AcDbEntity
  8
EASEMENT_TXT
100
AcDbLine
 10
992.4088589481964
 20
157.3014126962707
 30
0.0
 11
988.974733670746
 21
157.3014126962707
 31
0.0
  0
LINE
  5
1350C
330
5CD4
100
AcDbEntity
  8
EASEMENT_TXT
100
AcDbLine
 10
407.1163986273594
 20
119.4349864373131
 30
0.0
 11
407.1114211678878
 21
-31.06501348037766
 31
0.0
  0
DIMENSION
  5
13516
330
5CD4
100
AcDbEntity
  8
EASEMENT_TXT
100
AcDbDimension
  2
*D60
 10
407.114829517848
 20
71.99090724587819
 30
0.0
 11
399.6148295219498
 21
71.99115529203125
 31
0.0
 70
    33
  1
 
  3
ED30
100
AcDbAlignedDimension
 13
392.1148295260516
 23
71.99140333818433
 33
0.0
 14
407.114829517848
 24
71.9909072458782
 34
0.0
  0
TEXT
  5
13517
330
5CD4
100
AcDbEntity
  8
EASEMENT_TXT
100
AcDbText
 10
412.3461069760742
 20
72.62015784871346
 30
0.0
 40
1.8
  1
15' TEMPORARY DRAINAGE
  7
L60
100
AcDbText
  0
TEXT
  5
13518
330
5CD4
100
AcDbEntity
  8
EASEMENT_TXT
100
AcDbText
 10
412.3461069760742
 20
69.53444356299917
 30
0.0
 40
1.8
  1
EASEMENT (EXPIRED)
  7
L60
100
AcDbText
1001
RMACOMMAND_206_545-6877
1002
{
1000
command
1000
(rma_text "_L" T)
1002
}
  0
LINE
  5
13519
330
5CD4
100
AcDbEntity
  8
EASEMENT_TXT
100
AcDbLine
 10
407.114829517848
 20
71.99090724587819
 30
0.0
 11
411.0874393963441
 21
71.99090724587819
 31
0.0
  0
TEXT
  5
1352D
330
5CD4
100
AcDbEntity
  8
EASEMENT_TXT
100
AcDbText
 10
412.3461069760742
 20
66.44872927728488
 30
0.0
 40
1.8
  1
ENTRY NO. 77-0783
  7
L60
100
AcDbText
1001
RMACOMMAND_206_545-6877
1002
{
1000
command
1000
(rma_text "_L" T)
1002
}
  0
LINE
  5
13534
330
5CD4
100
AcDbEntity
  8
EASEMENT
 48
0.5
100
AcDbLine
 10
413.7486814704749
 20
309.6779635675834
 30
0.0
 11
413.7528155733178
 21
434.6779723500563
 31
0.0
  0
LINE
  5
13535
330
5CD4
100
AcDbEntity
  8
EASEMENT
 48
0.5
100
AcDbLine
 10
413.7445473677204
 20
184.6779574560047
 30
0.0
 11
413.7486814704749
 21
309.6779635675834
 31
0.0
  0
DIMENSION
  5
1353F
330
5CD4
100
AcDbEntity
  8
EASEMENT_TXT
100
AcDbDimension
  2
*D61
 10
398.7480795532617
 20
291.4784570829025
 30
0.0
 11
406.2480795491599
 21
291.4782090367495
 31
0.0
 70
    33
  1
 
  3
ED30
100
AcDbAlignedDimension
 13
413.7480795450581
 23
291.4779609905965
 33
0.0
 14
398.7480795532617
 24
291.4784570829025
 34
0.0
  0
LINE
  5
13540
330
5CD4
100
AcDbEntity
  8
EASEMENT_TXT
100
AcDbLine
 10
398.7480795532617
 20
291.4784570829025
 30
0.0
 11
395.8951549676804
 21
291.4784570829025
 31
0.0
  0
TEXT
  5
13541
330
5CD4
100
AcDbEntity
  8
EASEMENT_TXT
100
AcDbText
 10
358.762682108924
 20
292.5237748717036
 30
0.0
 40
1.8
  1
15' TEMPORARY DRAINAGE
  7
L60
 72
     2
 11
394.8483963946383
 21
292.5237748717036
 31
0.0
100
AcDbText
  0
TEXT
  5
13542
330
5CD4
100
AcDbEntity
  8
EASEMENT_TXT
100
AcDbText
 10
366.3912535374954
 20
289.4380605859893
 30
0.0
 40
1.8
  1
EASEMENT (EXPIRED)
  7
L60
 72
     2
 11
394.8483963946383
 21
289.4380605859893
 31
0.0
100
AcDbText
  0
TEXT
  5
13543
330
5CD4
100
AcDbEntity
  8
EASEMENT_TXT
100
AcDbText
 10
362.8769678232097
 20
286.352346300275
 30
0.0
 40
1.8
  1
ENTRY NO. 77-000784
  7
L60
 72
     2
 11
394.8483963946383
 21
286.352346300275
 31
0.0
100
AcDbText
1001
RMACOMMAND_206_545-6877
1002
{
1000
command
1000
(rma_text "_R" T)
1002
}
  0
DIMENSION
  5
1354E
330
5CD4
100
AcDbEntity
  8
EASEMENT_TXT
100
AcDbDimension
  2
*D62
 10
398.751465865186
 20
393.8680289901012
 30
0.0
 11
406.2514658610842
 21
393.8677809439482
 31
0.0
 70
    33
  1
 
  3
ED30
100
AcDbAlignedDimension
 13
413.7514658569825
 23
393.8675328977951
 33
0.0
 14
398.7514658651861
 24
393.8680289901012
 34
0.0
  0
LINE
  5
1354F
330
5CD4
100
AcDbEntity
  8
EASEMENT_TXT
100
AcDbLine
 10
398.751465865186
 20
393.8680289901012
 30
0.0
 11
395.3346251417352
 21
393.8680289901012
 31
0.0
  0
TEXT
  5
13550
330
5CD4
100
AcDbEntity
  8
EASEMENT_TXT
100
AcDbText
 10
358.4638396044089
 20
395.4362194781961
 30
0.0
 40
1.8
  1
15' TEMPORARY DRAINAGE
  7
L60
 72
     2
 11
394.5495538901232
 21
395.4362194781961
 31
0.0
100
AcDbText
  0
TEXT
  5
13551
330
5CD4
100
AcDbEntity
  8
EASEMENT_TXT
100
AcDbText
 10
366.0924110329804
 20
392.3505051924818
 30
0.0
 40
1.8
  1
EASEMENT (EXPIRED)
  7
L60
 72
     2
 11
394.5495538901232
 21
392.3505051924818
 31
0.0
100
AcDbText
  0
TEXT
  5
13552
330
5CD4
100
AcDbEntity
  8
EASEMENT_TXT
100
AcDbText
 10
362.663839604409
 20
389.2647909067675
 30
0.0
 40
1.8
  1
ENTRY NO. 77-000785
  7
L60
 72
     2
 11
394.5495538901232
 21
389.2647909067675
 31
0.0
100
AcDbText
1001
RMACOMMAND_206_545-6877
1002
{
1000
command
1000
(rma_text "_C" T)
1002
}
  0
TEXT
  5
13558
330
5CD4
100
AcDbEntity
  8
EASEMENT_TXT
100
AcDbText
 10
412.9558746047551
 20
-25.18826139544944
 30
0.0
 40
1.8
  1
10' UTILITY 
  7
L60
100
AcDbText
1001
RMACOMMAND_206_545-6877
1002
{
1000
command
1000
(rma_text "_L" T)
1002
}
  0
LINE
  5
1356C
330
5CD4
100
AcDbEntity
  8
EASEMENT
 48
0.5
100
AcDbLine
 10
986.4089327664628
 20
172.3502793913771
 30
0.0
 11
986.346318173563
 21
180.9500514472376
 31
0.0
  0
LINE
  5
1356D
330
5CD4
100
AcDbEntity
  8
EASEMENT
 48
0.5
100
AcDbLine
 10
976.4820054839505
 20
162.2777367765399
 30
0.0
 11
1096.464192675485
 21
163.1513222340867
 31
0.0
  0
LINE
  5
13587
330
5CD4
100
AcDbEntity
  8
PARKING
100
AcDbLine
 10
1005.37302316435
 20
171.2080075851038
 30
0.0
 11
1043.177484514177
 21
171.2269727926093
 31
0.0
  0
LINE
  5
13588
330
5CD4
100
AcDbEntity
  8
PARKING
100
AcDbLine
 10
1024.27976883141
 20
162.2174913213652
 30
0.0
 11
1024.275253839264
 21
171.2174901888565
 31
0.0
  0
LINE
  5
13589
330
5CD4
100
AcDbEntity
  8
PARKING
100
AcDbLine
 10
1005.377538156496
 20
162.2080087176125
 30
0.0
 11
1043.181999506323
 21
162.2269739251179
 31
0.0
  0
TEXT
  5
1358A
330
5CD4
100
AcDbEntity
  8
PARKING_TXT
 62
     2
100
AcDbText
 10
1017.623991032209
 20
165.7748144684966
 30
0.0
 40
1.8
  1
2 SPACES
  7
L60
 72
     4
 11
1024.309705317924
 21
166.6748144684966
 31
0.0
100
AcDbText
1001
RMACOMMAND_206_545-6877
1002
{
1000
command
1000
(rma_text "_M" T)
1002
}
  0
LINE
  5
13618
330
5CD4
100
AcDbEntity
  8
TENANT_TXT
  6
HIDDEN4
 62
     3
100
AcDbLine
 10
510.1898584259326
 20
312.4006290907585
 30
0.0
 11
425.6898584259326
 21
312.4006290907586
 31
0.0
  0
LINE
  5
13619
330
5CD4
100
AcDbEntity
  8
TENANT_TXT
  6
HIDDEN4
 62
     3
100
AcDbLine
 10
510.1898584259326
 20
335.4881290907585
 30
0.0
 11
425.6898584259326
 21
335.4881290907585
 31
0.0
  0
LINE
  5
1361A
330
5CD4
100
AcDbEntity
  8
TENANT_TXT
  6
HIDDEN4
 62
     3
100
AcDbLine
 10
510.1898584259326
 20
358.5756290907585
 30
0.0
 11
425.6898584259326
 21
358.5756290907585
 31
0.0
  0
TEXT
  5
1361B
330
5CD4
100
AcDbEntity
  8
TENANT_TXT
100
AcDbText
 10
442.7002932285769
 20
294.7211383618969
 30
0.0
 40
3.6
  1
1,917 Sq. Ft.
  7
L120
100
AcDbText
  0
TEXT
  5
1361D
330
5CD4
100
AcDbEntity
  8
TENANT_TXT
100
AcDbText
 10
449.1881656063352
 20
323.0716896347281
 30
0.0
 40
3.6
  1
1,917 Sq. Ft.
  7
L120
100
AcDbText
  0
TEXT
  5
1361F
330
5CD4
100
AcDbEntity
  8
TENANT_TXT
100
AcDbText
 10
449.1881656063352
 20
343.1605310101382
 30
0.0
 40
3.6
  1
1,917 Sq. Ft.
  7
L120
100
AcDbText
  0
TEXT
  5
13622
330
5CD4
100
AcDbEntity
  8
TENANT_TXT
100
AcDbText
 10
449.1881656063352
 20
363.7689151939172
 30
0.0
 40
3.6
  1
1,917 Sq. Ft.
  7
L120
100
AcDbText
  0
TEXT
  5
1430A
330
5CD4
100
AcDbEntity
  8
TENANT_TXT
100
AcDbText
 10
455.0550794511785
 20
369.027117239137
 30
0.0
 40
3.6
  1
VACANT
  7
L120
100
AcDbText
  0
TEXT
  5
1430B
330
5CD4
100
AcDbEntity
  8
TENANT_TXT
100
AcDbText
 10
434.9546944199722
 20
348.1579493421235
 30
0.0
 40
3.6
  1
FRANKLIN FINANCIAL GROUP
 41
0.85
  7
L120
100
AcDbText
  0
TEXT
  5
1430C
330
5CD4
100
AcDbEntity
  8
TENANT_TXT
100
AcDbText
 10
438.0872275376826
 20
328.3322388475002
 30
0.0
 40
3.6
  1
AUTO TITLE EXPRESS
  7
L120
100
AcDbText
  0
TEXT
  5
1430D
330
5CD4
100
AcDbEntity
  8
TENANT_TXT
100
AcDbText
 10
438.0872275376826
 20
300.1588641714509
 30
0.0
 40
3.6
  1
AUTO TITLE EXPRESS
  7
L120
100
AcDbText
  0
TEXT
  5
1430E
330
5CD4
100
AcDbEntity
  8
TENANT_TXT
100
AcDbText
 10
438.0872275376826
 20
276.6798841469839
 30
0.0
 40
3.6
  1
ELLE RAE BOUTIQUE
  7
L120
100
AcDbText
  0
TEXT
  5
1430F
330
5CD4
100
AcDbEntity
  8
TENANT_TXT
100
AcDbText
 10
449.8347968935525
 20
250.0703731217675
 30
0.0
 40
3.6
  1
POLITICS
  7
L120
100
AcDbText
  0
TEXT
  5
14310
330
5CD4
100
AcDbEntity
  8
TENANT_TXT
100
AcDbText
 10
443.7516329172461
 20
244.2368799537638
 30
0.0
 40
3.6
  1
3,160 Sq. Ft.
  7
L120
100
AcDbText
  0
TEXT
  5
14311
330
5CD4
100
AcDbEntity
  8
TENANT_TXT
100
AcDbText
 10
547.5825267263093
 20
207.8256072220384
 30
0.0
 40
3.6
  1
POLITICS
 50
90.0
  7
L120
100
AcDbText
  0
TEXT
  5
14312
330
5CD4
100
AcDbEntity
  8
TENANT_TXT
100
AcDbText
 10
568.9891998495344
 20
207.8256072220384
 30
0.0
 40
3.6
  1
OUPCE
 50
90.0
  7
L120
100
AcDbText
  0
TEXT
  5
14313
330
5CD4
100
AcDbEntity
  8
TENANT_TXT
100
AcDbText
 10
588.8295237813758
 20
207.8256072220384
 30
0.0
 40
3.6
  1
MIX IT UP
 50
90.0
  7
L120
100
AcDbText
  0
TEXT
  5
14314
330
5CD4
100
AcDbEntity
  8
TENANT_TXT
100
AcDbText
 10
615.9794442200013
 20
193.2164642059761
 30
0.0
 40
3.6
  1
ELLA ROE BOUTIQUE
 50
90.0
  7
L120
100
AcDbText
  0
TEXT
  5
14315
330
5CD4
100
AcDbEntity
  8
TENANT_TXT
100
AcDbText
 10
648.350495576898
 20
207.5647292251179
 30
0.0
 40
3.6
  1
LOLA PINK
 50
90.0
  7
L120
100
AcDbText
  0
TEXT
  5
14316
330
5CD4
100
AcDbEntity
  8
TENANT_TXT
100
AcDbText
 10
681.7657797280511
 20
204.1733202274491
 30
0.0
 40
3.6
  1
LOLA PINK
 50
90.0
  7
L120
100
AcDbText
  0
TEXT
  5
14317
330
5CD4
100
AcDbEntity
  8
TENANT_TXT
100
AcDbText
 10
703.433505541006
 20
208.3473582535817
 30
0.0
 40
3.6
  1
VACANT
 50
90.0
  7
L120
100
AcDbText
  0
TEXT
  5
14318
330
5CD4
100
AcDbEntity
  8
TENANT_TXT
100
AcDbText
 10
725.3622840436886
 20
208.3473582535817
 30
0.0
 40
3.6
  1
VACANT
 50
90.0
  7
L120
100
AcDbText
  0
TEXT
  5
14319
330
5CD4
100
AcDbEntity
  8
TENANT_TXT
100
AcDbText
 10
747.8131679258307
 20
197.3905022321097
 30
0.0
 40
3.6
  1
VICTORIA NAILS
 50
90.0
  7
L120
100
AcDbText
  0
TEXT
  5
1431A
330
5CD4
100
AcDbEntity
  8
TENANT_TXT
100
AcDbText
 10
768.9587773416582
 20
193.738220199819
 30
0.0
 40
3.6
  1
THE CLOTHING LOFT
 50
90.0
  7
L120
100
AcDbText
  0
TEXT
  5
1431B
330
5CD4
100
AcDbEntity
  8
TENANT_TXT
100
AcDbText
 10
790.626503154613
 20
197.1296291974887
 30
0.0
 40
3.6
  1
CAROLINE & CO.
 50
90.0
  7
L120
100
AcDbText
  0
TEXT
  5
1431C
330
5CD4
100
AcDbEntity
  8
TENANT_TXT
100
AcDbText
 10
825.2754520042108
 20
222.3992019283728
 30
0.0
 40
3.6
  1
CAROLINE & CO. 
  7
L120
 72
     1
 11
849.9611662899251
 21
222.3992019283728
 31
0.0
100
AcDbText
  0
TEXT
  5
1431E
330
5CD4
100
AcDbEntity
  8
TENANT_TXT
100
AcDbText
 10
918.8269052999607
 20
196.0375068883278
 30
0.0
 40
3.6
  1
GREEN WOOD SHOES
 50
90.0
  7
L120
100
AcDbText
  0
TEXT
  5
1431F
330
5CD4
100
AcDbEntity
  8
TENANT_TXT
100
AcDbText
 10
944.1494238574745
 20
190.0373228837507
 30
0.0
 40
3.6
  1
BROTHER'S 3,031 SQ. FT.
 50
90.0
  7
L120
100
AcDbText
  0
LINE
  5
14931
330
5CD4
100
AcDbEntity
  8
UNITS
  6
HIDDEN4
100
AcDbLine
 10
889.674405273916
 20
265.6984520786585
 30
0.0
 11
889.7080667256629
 21
180.2374111275582
 31
0.0
  0
LINE
  5
14937
330
5CD4
100
AcDbEntity
  8
UNITS
  6
HIDDEN4
100
AcDbLine
 10
808.8774649242051
 20
265.1101728202459
 30
0.0
 11
808.9111240898228
 21
179.6549359848904
 31
0.0
  0
LINE
  5
14938
330
5CD4
100
AcDbEntity
  8
UNITS
  6
HIDDEN4
100
AcDbLine
 10
783.4766623165158
 20
264.9252306026759
 30
0.0
 11
783.5103229135392
 21
179.4663596574517
 31
0.0
  0
LINE
  5
14939
330
5CD4
100
AcDbEntity
  8
UNITS
  6
HIDDEN4
100
AcDbLine
 10
758.0827956797352
 20
264.7403388856298
 30
0.0
 11
758.1164535782495
 21
179.2883190238231
 31
0.0
  0
LINE
  5
1493A
330
5CD4
100
AcDbEntity
  8
UNITS
  6
HIDDEN4
100
AcDbLine
 10
738.577732998987
 20
264.5983233122744
 30
0.0
 11
738.6113908975012
 21
179.1463034504677
 31
0.0
  0
LINE
  5
1493B
330
5CD4
100
AcDbEntity
  8
UNITS
  6
HIDDEN4
100
AcDbLine
 10
715.3765874267085
 20
264.4293967087111
 30
0.0
 11
715.4101885301991
 21
179.1215703257417
 31
0.0
  0
LINE
  5
1493C
330
5CD4
100
AcDbEntity
  8
UNITS
  6
HIDDEN4
100
AcDbLine
 10
692.2796600151041
 20
264.2612289133651
 30
0.0
 11
692.3133188993021
 21
178.8067065583804
 31
0.0
  0
LINE
  5
1493D
330
5CD4
100
AcDbEntity
  8
UNITS
  6
HIDDEN4
100
AcDbLine
 10
672.2785259552109
 20
264.11560146434
 30
0.0
 11
672.3121848359963
 21
178.6610877727135
 31
0.0
  0
LINE
  5
1493E
330
5CD4
100
AcDbEntity
  8
UNITS
  6
HIDDEN4
100
AcDbLine
 10
630.6109174774599
 20
263.8130385052399
 30
0.0
 11
630.6445756978582
 21
178.3602014309614
 31
0.0
  0
LINE
  5
1493F
330
5CD4
100
AcDbEntity
  8
UNITS
  6
HIDDEN4
100
AcDbLine
 10
610.2797273844783
 20
263.8130509006176
 30
0.0
 11
610.3133848471983
 21
178.3621374505847
 31
0.0
  0
LINE
  5
14940
330
5CD4
100
AcDbEntity
  8
UNITS
  6
HIDDEN4
100
AcDbLine
 10
580.5786475410431
 20
263.8130509006177
 30
0.0
 11
580.612305003763
 21
178.3621374505847
 31
0.0
  0
LINE
  5
14941
330
5CD4
100
AcDbEntity
  8
UNITS
  6
HIDDEN4
100
AcDbLine
 10
559.6730310798745
 20
263.8130509006176
 30
0.0
 11
559.7066885425944
 21
178.3621374505847
 31
0.0
  0
LINE
  5
14942
330
5CD4
100
AcDbEntity
  8
UNITS
  6
HIDDEN4
100
AcDbLine
 10
510.1898584259326
 20
265.0131290907585
 30
0.0
 11
425.6898584259326
 21
265.0131290907586
 31
0.0
  0
LINE
  5
14943
330
5CD4
100
AcDbEntity
  8
UNITS
  6
HIDDEN4
100
AcDbLine
 10
467.9398584259326
 20
265.0131290907585
 30
0.0
 11
467.9398584259328
 21
227.6131290907586
 31
0.0
  0
LINE
  5
14944
330
5CD4
100
AcDbEntity
  8
UNITS
  6
HIDDEN4
100
AcDbLine
 10
425.6898584259326
 20
289.3131290907586
 30
0.0
 11
510.1898584259326
 21
289.3131290907585
 31
0.0
  0
LINE
  5
14945
330
5CD4
100
AcDbEntity
  8
UNITS
  6
HIDDEN4
100
AcDbLine
 10
425.6898584259326
 20
312.4006290907586
 30
0.0
 11
510.1898584259326
 21
312.4006290907585
 31
0.0
  0
LINE
  5
14946
330
5CD4
100
AcDbEntity
  8
UNITS
  6
HIDDEN4
100
AcDbLine
 10
425.6898584259326
 20
335.4881290907585
 30
0.0
 11
510.1898584259326
 21
335.4881290907585
 31
0.0
  0
LINE
  5
14947
330
5CD4
100
AcDbEntity
  8
UNITS
  6
HIDDEN4
100
AcDbLine
 10
425.6898584259326
 20
358.5756290907585
 30
0.0
 11
510.1898584259326
 21
358.5756290907585
 31
0.0
  0
LINE
  5
14948
330
5CD4
100
AcDbEntity
  8
UNITS
  6
HIDDEN4
100
AcDbLine
 10
425.6898584259326
 20
381.6631290907586
 30
0.0
 11
510.1898584259326
 21
381.6631290907586
 31
0.0
  0
TEXT
  5
14967
330
5CD4
100
AcDbEntity
  8
UNITS
 62
     4
100
AcDbText
 10
535.0208391400604
 20
180.6451856206422
 30
0.0
 40
3.6
  1
37.2'
 50
359.9980555555555
  7
L120
 72
     1
 11
541.192328794459
 21
182.4449761800955
 31
0.0
100
AcDbText
 73
     2
  0
TEXT
  5
14968
330
5CD4
100
AcDbEntity
  8
UNITS
 62
     4
100
AcDbText
 10
564.8355930448572
 20
180.6451856206422
 30
0.0
 40
3.6
  1
20.9'
 50
359.9980555555555
  7
L120
 72
     1
 11
571.0070826992558
 21
182.4449761800955
 31
0.0
100
AcDbText
 73
     2
  0
TEXT
  5
14969
330
5CD4
100
AcDbEntity
  8
UNITS
 62
     4
100
AcDbText
 10
590.1249373542516
 20
180.6451856206422
 30
0.0
 40
3.6
  1
29.7'
 50
359.9980555555555
  7
L120
 72
     1
 11
596.2964270086502
 21
182.4449761800955
 31
0.0
100
AcDbText
 73
     2
  0
TEXT
  5
1496A
330
5CD4
100
AcDbEntity
  8
UNITS
 62
     4
100
AcDbText
 10
614.6812584845941
 20
180.6451856206422
 30
0.0
 40
3.6
  1
20.3'
 50
359.9980555555555
  7
L120
 72
     1
 11
620.8527481389926
 21
182.4449761800955
 31
0.0
100
AcDbText
 73
     2
  0
TEXT
  5
1496B
330
5CD4
100
AcDbEntity
  8
UNITS
 62
     4
100
AcDbText
 10
696.4397150912367
 20
181.2483446209037
 30
0.0
 40
3.6
  1
23.1'
 50
359.9980555555555
  7
L120
 72
     1
 11
702.2683476029756
 21
183.0481468158853
 31
0.0
100
AcDbText
 73
     2
  0
TEXT
  5
1496C
330
5CD4
100
AcDbEntity
  8
UNITS
 62
     4
100
AcDbText
 10
645.0776601885276
 20
180.7080034963869
 30
0.0
 40
3.6
  1
41.7'
 50
359.9980555555555
  7
L120
 72
     1
 11
650.9062927002665
 21
182.5078056913684
 31
0.0
100
AcDbText
 73
     2
  0
TEXT
  5
1496D
330
5CD4
100
AcDbEntity
  8
UNITS
 62
     4
100
AcDbText
 10
678.4422781189996
 20
180.9346281621164
 30
0.0
 40
3.6
  1
20'
 50
359.9980555555555
  7
L120
 72
     1
 11
682.0423392034504
 21
182.7345059880322
 31
0.0
100
AcDbText
 73
     2
  0
TEXT
  5
1496E
330
5CD4
100
AcDbEntity
  8
UNITS
 62
     4
100
AcDbText
 10
720.5964452990208
 20
181.2603606842777
 30
0.0
 40
3.6
  1
23.2'
 50
359.9980555555555
  7
L120
 72
     1
 11
726.7679349534194
 21
183.0601512437309
 31
0.0
100
AcDbText
 73
     2
  0
TEXT
  5
1496F
330
5CD4
100
AcDbEntity
  8
UNITS
 62
     4
100
AcDbText
 10
742.1435911391184
 20
181.4172445826142
 30
0.0
 40
3.6
  1
20.2'
 50
359.9980555555555
  7
L120
 72
     1
 11
748.3150807935169
 21
183.2170351420675
 31
0.0
100
AcDbText
 73
     2
  0
TEXT
  5
14970
330
5CD4
100
AcDbEntity
  8
UNITS
 62
     4
100
AcDbText
 10
765.1226414067428
 20
181.5845541192372
 30
0.0
 40
3.6
  1
25.4'
 50
359.9980555555555
  7
L120
 72
     1
 11
771.2941310611413
 21
183.3843446786905
 31
0.0
100
AcDbText
 73
     2
  0
TEXT
  5
14971
330
5CD4
100
AcDbEntity
  8
UNITS
 62
     4
100
AcDbText
 10
790.3555526115329
 20
181.7682739262857
 30
0.0
 40
3.6
  1
25.4'
 50
359.9980555555555
  7
L120
 72
     1
 11
796.5270422659314
 21
183.5680644857389
 31
0.0
100
AcDbText
 73
     2
  0
TEXT
  5
14972
330
5CD4
100
AcDbEntity
  8
UNITS
 62
     4
100
AcDbText
 10
892.9139979490533
 20
182.5149978233292
 30
0.0
 40
3.6
  1
20.4'
 50
359.9980555555555
  7
L120
 72
     1
 11
899.0854876034518
 21
184.3147883827824
 31
0.0
100
AcDbText
 73
     2
  0
TEXT
  5
14973
330
5CD4
100
AcDbEntity
  8
UNITS
 62
     4
100
AcDbText
 10
916.6329196079732
 20
182.6876943336607
 30
0.0
 40
3.6
  1
26.0'
 50
359.9980555555555
  7
L120
 72
     1
 11
922.8044092623718
 21
184.487484893114
 31
0.0
100
AcDbText
 73
     2
  0
TEXT
  5
14974
330
5CD4
100
AcDbEntity
  8
UNITS
 62
     4
100
AcDbText
 10
535.519300116103
 20
257.3649008502546
 30
0.0
 40
3.6
  1
37.2'
 50
359.9980555555555
  7
L120
 72
     1
 11
541.6907897705015
 21
259.1646914097079
 31
0.0
100
AcDbText
 73
     2
  0
TEXT
  5
14975
330
5CD4
100
AcDbEntity
  8
UNITS
 62
     4
100
AcDbText
 10
564.8141147833392
 20
257.4254071120791
 30
0.0
 40
3.6
  1
20.9'
 50
359.9980555555555
  7
L120
 72
     1
 11
570.9856044377377
 21
259.2251976715323
 31
0.0
100
AcDbText
 73
     2
  0
TEXT
  5
14976
330
5CD4
100
AcDbEntity
  8
UNITS
 62
     4
100
AcDbText
 10
590.1034590927336
 20
257.4254071120791
 30
0.0
 40
3.6
  1
29.7'
 50
359.9980555555555
  7
L120
 72
     1
 11
596.2749487471322
 21
259.2251976715323
 31
0.0
100
AcDbText
 73
     2
  0
TEXT
  5
14977
330
5CD4
100
AcDbEntity
  8
UNITS
 62
     4
100
AcDbText
 10
614.659780223076
 20
257.4254071120791
 30
0.0
 40
3.6
  1
20.3'
 50
359.9980555555555
  7
L120
 72
     1
 11
620.8312698774746
 21
259.2251976715323
 31
0.0
100
AcDbText
 73
     2
  0
TEXT
  5
14978
330
5CD4
100
AcDbEntity
  8
UNITS
 62
     4
100
AcDbText
 10
645.0512913617328
 20
258.1599173946199
 30
0.0
 40
3.6
  1
41.7'
 50
359.9980555555555
  7
L120
 72
     1
 11
650.8799238734716
 21
259.9597195896015
 31
0.0
100
AcDbText
 73
     2
  0
TEXT
  5
14979
330
5CD4
100
AcDbEntity
  8
UNITS
 62
     4
100
AcDbText
 10
678.4159092922046
 20
258.3865420603494
 30
0.0
 40
3.6
  1
20'
 50
359.9980555555555
  7
L120
 72
     1
 11
682.0159703766553
 21
260.1864198862652
 31
0.0
100
AcDbText
 73
     2
  0
TEXT
  5
1497A
330
5CD4
100
AcDbEntity
  8
UNITS
 62
     4
100
AcDbText
 10
720.6535108267385
 20
258.6972350803553
 30
0.0
 40
3.6
  1
23.2'
 50
359.9980555555555
  7
L120
 72
     1
 11
726.8250004811371
 21
260.4970256398086
 31
0.0
100
AcDbText
 73
     2
  0
TEXT
  5
1497B
330
5CD4
100
AcDbEntity
  8
UNITS
 62
     4
100
AcDbText
 10
698.686490928936
 20
258.5347861314357
 30
0.0
 40
3.6
  1
23.1'
 50
359.9980555555555
  7
L120
 72
     1
 11
704.5151234406749
 21
260.3345883264173
 31
0.0
100
AcDbText
 73
     2
  0
TEXT
  5
1497C
330
5CD4
100
AcDbEntity
  8
UNITS
 62
     4
100
AcDbText
 10
742.740413120421
 20
258.8580489236238
 30
0.0
 40
3.6
  1
20.2'
 50
359.9980555555555
  7
L120
 72
     1
 11
748.9119027748195
 21
260.657839483077
 31
0.0
100
AcDbText
 73
     2
  0
TEXT
  5
1497D
330
5CD4
100
AcDbEntity
  8
UNITS
 62
     4
100
AcDbText
 10
764.3913439662988
 20
259.0248353396841
 30
0.0
 40
3.6
  1
25.4'
 50
359.9980555555555
  7
L120
 72
     1
 11
770.5628336206973
 21
260.8246258991373
 31
0.0
100
AcDbText
 73
     2
  0
TEXT
  5
1497E
330
5CD4
100
AcDbEntity
  8
UNITS
 62
     4
100
AcDbText
 10
787.9519062088079
 20
259.2149822891097
 30
0.0
 40
3.6
  1
25.4'
 50
359.9980555555555
  7
L120
 72
     1
 11
794.1233958632065
 21
261.0147728485629
 31
0.0
100
AcDbText
 73
     2
  0
TEXT
  5
1497F
330
5CD4
100
AcDbEntity
  8
UNITS
 62
     4
100
AcDbText
 10
892.741760489695
 20
259.9658496579418
 30
0.0
 40
3.6
  1
20.4'
 50
359.9980555555555
  7
L120
 72
     1
 11
898.9132501440936
 21
261.765640217395
 31
0.0
100
AcDbText
 73
     2
  0
TEXT
  5
14980
330
5CD4
100
AcDbEntity
  8
UNITS
 62
     4
100
AcDbText
 10
916.3815053849194
 20
260.1379696854556
 30
0.0
 40
3.6
  1
26.0'
 50
359.9980555555555
  7
L120
 72
     1
 11
922.5529950393179
 21
261.9377602449089
 31
0.0
100
AcDbText
 73
     2
  0
TEXT
  5
14981
330
5CD4
100
AcDbEntity
  8
UNITS
 62
     4
100
AcDbText
 10
528.5124786907506
 20
212.1959062564315
 30
0.0
 40
3.6
  1
85.45'
 50
89.99805555555557
  7
L120
 72
     1
 11
526.7127463089391
 21
220.0816816241285
 31
0.0
100
AcDbText
 73
     2
  0
TEXT
  5
14982
330
5CD4
100
AcDbEntity
  8
UNITS
 62
     4
100
AcDbText
 10
506.284203059519
 20
240.752513633318
 30
0.0
 40
3.6
  1
37.4'
 50
89.99805555555558
  7
L120
 72
     1
 11
504.4844125000657
 21
246.9240032877165
 31
0.0
100
AcDbText
 73
     2
  0
TEXT
  5
14983
330
5CD4
100
AcDbEntity
  8
UNITS
 62
     4
100
AcDbText
 10
433.2058340518255
 20
240.752513633318
 30
0.0
 40
3.6
  1
37.4'
 50
89.99805555555558
  7
L120
 72
     1
 11
431.4060434923722
 21
246.9240032877165
 31
0.0
100
AcDbText
 73
     2
  0
TEXT
  5
14984
330
5CD4
100
AcDbEntity
  8
UNITS
 62
     4
100
AcDbText
 10
433.2058340518255
 20
270.893789704801
 30
0.0
 40
3.6
  1
24.3'
 50
89.99805555555558
  7
L120
 72
     1
 11
431.4060434923722
 21
277.0652793591995
 31
0.0
100
AcDbText
 73
     2
  0
TEXT
  5
14985
330
5CD4
100
AcDbEntity
  8
UNITS
 62
     4
100
AcDbText
 10
506.284203059519
 20
270.9916394363599
 30
0.0
 40
3.6
  1
24.3'
 50
89.99805555555558
  7
L120
 72
     1
 11
504.4844125000657
 21
277.1631290907585
 31
0.0
100
AcDbText
 73
     2
  0
TEXT
  5
14986
330
5CD4
100
AcDbEntity
  8
UNITS
 62
     4
100
AcDbText
 10
433.2058340518255
 20
402.8239672734359
 30
0.0
 40
3.6
  1
54.6'
 50
89.99805555555558
  7
L120
 72
     1
 11
431.4060434923722
 21
408.9954569278344
 31
0.0
100
AcDbText
 73
     2
  0
TEXT
  5
14987
330
5CD4
100
AcDbEntity
  8
UNITS
 62
     4
100
AcDbText
 10
506.284203059519
 20
402.8239672734359
 30
0.0
 40
3.6
  1
54.6'
 50
89.99805555555558
  7
L120
 72
     1
 11
504.4844125000657
 21
408.9954569278344
 31
0.0
100
AcDbText
 73
     2
  0
TEXT
  5
14988
330
5CD4
100
AcDbEntity
  8
UNITS
 62
     4
100
AcDbText
 10
461.2959579509434
 20
428.8180197524167
 30
0.0
 40
3.6
  1
84.5'
 50
359.9980555555555
  7
L120
 72
     1
 11
467.4674476053419
 21
430.6178103118699
 31
0.0
100
AcDbText
 73
     2
  0
TEXT
  5
1498A
330
5CD4
100
AcDbEntity
  8
UNITS
 62
     4
100
AcDbText
 10
433.2058456873538
 20
294.7366468474607
 30
0.0
 40
3.6
  1
23.1'
 50
89.99805555555558
  7
L120
 72
     1
 11
431.4060434923722
 21
300.5652793591995
 31
0.0
100
AcDbText
 73
     2
  0
TEXT
  5
1498C
330
5CD4
100
AcDbEntity
  8
UNITS
 62
     4
100
AcDbText
 10
506.2842146950473
 20
294.8344965790197
 30
0.0
 40
3.6
  1
23.1'
 50
89.99805555555558
  7
L120
 72
     1
 11
504.4844125000657
 21
300.6631290907585
 31
0.0
100
AcDbText
 73
     2
  0
TEXT
  5
1498E
330
5CD4
100
AcDbEntity
  8
UNITS
 62
     4
100
AcDbText
 10
433.2058456873538
 20
317.8241468474607
 30
0.0
 40
3.6
  1
23.1'
 50
89.99805555555558
  7
L120
 72
     1
 11
431.4060434923722
 21
323.6527793591995
 31
0.0
100
AcDbText
 73
     2
  0
TEXT
  5
1498F
330
5CD4
100
AcDbEntity
  8
UNITS
 62
     4
100
AcDbText
 10
506.2842146950473
 20
317.9219965790197
 30
0.0
 40
3.6
  1
23.1'
 50
89.99805555555558
  7
L120
 72
     1
 11
504.4844125000657
 21
323.7506290907585
 31
0.0
100
AcDbText
 73
     2
  0
TEXT
  5
14990
330
5CD4
100
AcDbEntity
  8
UNITS
 62
     4
100
AcDbText
 10
433.2058456873538
 20
340.9116468474606
 30
0.0
 40
3.6
  1
23.1'
 50
89.99805555555558
  7
L120
 72
     1
 11
431.4060434923722
 21
346.7402793591995
 31
0.0
100
AcDbText
 73
     2
  0
TEXT
  5
14991
330
5CD4
100
AcDbEntity
  8
UNITS
 62
     4
100
AcDbText
 10
506.2842146950473
 20
341.0094965790196
 30
0.0
 40
3.6
  1
23.1'
 50
89.99805555555558
  7
L120
 72
     1
 11
504.4844125000657
 21
346.8381290907585
 31
0.0
100
AcDbText
 73
     2
  0
TEXT
  5
14992
330
5CD4
100
AcDbEntity
  8
UNITS
 62
     4
100
AcDbText
 10
433.2058456873538
 20
363.9991468474606
 30
0.0
 40
3.6
  1
23.1'
 50
89.99805555555558
  7
L120
 72
     1
 11
431.4060434923722
 21
369.8277793591994
 31
0.0
100
AcDbText
 73
     2
  0
TEXT
  5
14993
330
5CD4
100
AcDbEntity
  8
UNITS
 62
     4
100
AcDbText
 10
506.2842146950473
 20
364.0969965790196
 30
0.0
 40
3.6
  1
23.1'
 50
89.99805555555558
  7
L120
 72
     1
 11
504.4844125000657
 21
369.9256290907584
 31
0.0
100
AcDbText
 73
     2
  0
TEXT
  5
14994
330
5CD4
100
AcDbEntity
  8
UNITS
 62
     4
100
AcDbText
 10
946.8120561920671
 20
260.3309145764643
 30
0.0
 40
3.6
  1
36.0'
 50
359.9980555555555
  7
L120
 72
     1
 11
952.9835458464656
 21
262.1307051359175
 31
0.0
100
AcDbText
 73
     2
  0
TEXT
  5
14995
330
5CD4
100
AcDbEntity
  8
UNITS
 62
     4
100
AcDbText
 10
947.063470415121
 20
182.8806392246694
 30
0.0
 40
3.6
  1
36.0'
 50
359.9980555555555
  7
L120
 72
     1
 11
953.2349600695195
 21
184.6804297841227
 31
0.0
100
AcDbText
 73
     2
  0
TEXT
  5
14997
330
5CD4
100
AcDbEntity
  8
UNITS
 62
     4
100
AcDbText
 10
995.8805763883254
 20
260.6330583824646
 30
0.0
 40
3.6
  1
72.5'
 50
359.9980555555555
  7
L120
 72
     1
 11
1002.052066042724
 21
262.4328489419179
 31
0.0
100
AcDbText
 73
     2
  0
TEXT
  5
14998
330
5CD4
100
AcDbEntity
  8
UNITS
 62
     4
100
AcDbText
 10
996.1319906113793
 20
183.1827830306698
 30
0.0
 40
3.6
  1
72.5'
 50
359.9980555555555
  7
L120
 72
     1
 11
1002.303480265778
 21
184.982573590123
 31
0.0
100
AcDbText
 73
     2
  0
TEXT
  5
1499A
330
5CD4
100
AcDbEntity
  8
UNITS
 62
     4
100
AcDbText
 10
871.659644355716
 20
182.5149105568666
 30
0.0
 40
3.6
  1
30'
 50
359.9980555555555
  7
L120
 72
     1
 11
875.2597054401667
 21
184.3147883827824
 31
0.0
100
AcDbText
 73
     2
  0
TEXT
  5
1499B
330
5CD4
100
AcDbEntity
  8
UNITS
 62
     4
100
AcDbText
 10
871.4874068963577
 20
259.9657623914791
 30
0.0
 40
3.6
  1
30'
 50
359.9980555555555
  7
L120
 72
     1
 11
875.0874679808085
 21
261.765640217395
 31
0.0
100
AcDbText
 73
     2
  0
TEXT
  5
1499C
330
5CD4
100
AcDbEntity
  8
UNITS
 62
     4
100
AcDbText
 10
846.5874733789252
 20
259.7789261774863
 30
0.0
 40
3.6
  1
20'
 50
359.9980555555555
  7
L120
 72
     1
 11
850.187534463376
 21
261.5788040034021
 31
0.0
100
AcDbText
 73
     2
  0
TEXT
  5
1499D
330
5CD4
100
AcDbEntity
  8
UNITS
 62
     4
100
AcDbText
 10
846.7597108382835
 20
182.3280743428737
 30
0.0
 40
3.6
  1
20'
 50
359.9980555555555
  7
L120
 72
     1
 11
850.3597719227342
 21
184.1279521687895
 31
0.0
100
AcDbText
 73
     2
  0
TEXT
  5
1499E
330
5CD4
100
AcDbEntity
  8
UNITS
 62
     4
100
AcDbText
 10
818.0161165925008
 20
259.5914491725924
 30
0.0
 40
3.6
  1
32.3'
 50
359.9980555555555
  7
L120
 72
     1
 11
824.1876062468993
 21
261.3912397320456
 31
0.0
100
AcDbText
 73
     2
  0
TEXT
  5
1499F
330
5CD4
100
AcDbEntity
  8
UNITS
 62
     4
100
AcDbText
 10
818.188354051859
 20
182.1405973379798
 30
0.0
 40
3.6
  1
32.3'
 50
359.9980555555555
  7
L120
 72
     1
 11
824.3598437062576
 21
183.940387897433
 31
0.0
100
AcDbText
 73
     2
  0
LINE
  5
149D4
330
5CD4
100
AcDbEntity
  8
UNITS
  6
HIDDEN4
100
AcDbLine
 10
859.674488981423
 20
265.4800239001582
 30
0.0
 11
859.7080690527923
 21
180.2255947084878
 31
0.0
  0
LINE
  5
149D6
330
5CD4
100
AcDbEntity
  8
UNITS
  6
HIDDEN4
100
AcDbLine
 10
839.6745447864273
 20
265.3344051144912
 30
0.0
 11
839.7080706042119
 21
180.2177170957742
 31
0.0
  0
LINE
  5
14B33
330
5CD4
100
AcDbEntity
  8
UNITS
  6
HIDDEN4
100
AcDbLine
 10
971.2851768004405
 20
266.2926568089902
 30
0.0
 11
971.3188346989542
 21
180.8406369471835
 31
0.0
  0
LINE
  5
14B34
330
5CD4
100
AcDbEntity
  8
UNITS
  6
HIDDEN4
100
AcDbLine
 10
935.785275854324
 20
266.0341834644314
 30
0.0
 11
935.8189351091769
 21
180.5787200733008
 31
0.0
  0
LINE
  5
14B35
330
5CD4
100
AcDbEntity
  8
UNITS
  6
HIDDEN4
100
AcDbLine
 10
909.9853478427798
 20
265.8463352309211
 30
0.0
 11
910.019005741293
 21
180.3943153691143
 31
0.0
  0
LINE
  5
14B3E
330
5CD4
100
AcDbEntity
  8
LINBLDG
100
AcDbLine
 10
994.1798113967936
 20
267.9593914772738
 30
0.0
 11
1000.929632487149
 21
268.0085366519335
 31
0.0
  0
LINE
  5
14B42
330
5CD4
100
AcDbEntity
  8
LINBLDG
100
AcDbLine
 10
1000.929632487149
 20
268.0085366519335
 30
0.0
 11
1002.410208528313
 21
266.5192769075199
 31
0.0
  0
LINE
  5
14B43
330
5CD4
100
AcDbEntity
  8
LINBLDG
100
AcDbLine
 10
994.1798113967936
 20
267.9593914772738
 30
0.0
 11
992.7210776554782
 21
266.4487307370849
 31
0.0
  0
LINE
  5
14B45
330
5CD4
100
AcDbEntity
  8
LINBLDG
100
AcDbLine
 10
1013.868677218304
 20
268.1027453138713
 30
0.0
 11
1012.409943476988
 21
266.5920845736824
 31
0.0
  0
LINE
  5
14B46
330
5CD4
100
AcDbEntity
  8
LINBLDG
100
AcDbLine
 10
1013.868677218304
 20
268.1027453138713
 30
0.0
 11
1020.618498308659
 21
268.1518904885309
 31
0.0
  0
LINE
  5
14B47
330
5CD4
100
AcDbEntity
  8
LINBLDG
100
AcDbLine
 10
1020.618498308659
 20
268.1518904885309
 30
0.0
 11
1022.099074349824
 21
266.6626307441173
 31
0.0
  0
VIEWPORT
  5
59F8
330
5CD1
100
AcDbEntity
 67
     1
  8
0
100
AcDbViewport
 10
5348.320540145034
 20
-1209.407108213914
 30
0.0
 40
1831.272945722703
 41
830.0820082113474
 68
     1
 69
     1
1001
ACAD
1000
MVIEW
1002
{
1070
    16
1010
0.0
1020
0.0
1030
0.0
1010
0.0
1020
0.0
1030
1.0
1040
0.0
1040
830.0820082113474
1040
5348.320540145034
1040
-1209.407108213914
1040
50.0
1040
0.0
1040
0.0
1070
     0
1070
   100
1070
     1
1070
     1
1070
     0
1070
     0
1070
     0
1070
     0
1040
0.0
1040
0.0
1040
0.0
1040
5.0
1040
5.0
1040
0.0
1040
0.0
1070
     0
1002
{
1003
PTNGELEV
1003
PTSUR2
1003
PTSUR3
1003
PTSURV
1003
PTSYM1
1003
PTTRAV
1003
PTXSLOT7
1002
}
1002
}
  0
INSERT
  5
5DD8
102
{ACAD_REACTORS
330
5DE3
102
}
330
5CD1
100
AcDbEntity
 67
     1
  8
0
100
AcDbBlockReference
  2
ADCADD_ZZ
 10
0.0
 20
0.0
 30
0.0
 41
0.000001
 42
0.000001
1001
SDSK_POINT
1070
   100
1000
.
1070
   300
1040
-1.000000000000000E+20
1070
   400
1071
        1
1070
   401
1071
      100
1001
ADCADD_ZZ
1070
   205
1070
     7
1070
   303
1040
0.0833333333333333
1070
   305
1040
30.0
1070
   304
1040
30.0
1070
   206
1070
     1
1070
   207
1070
     1
1070
   106
1000
_
1070
   105
1000
{T}{P}{R}{L}{M}
1070
   135
1000
L100
1070
   136
1000
'
1070
   137
1000
m
1070
   235
1070
     1
1070
   236
1070
     2
1070
   237
1070
     4
1070
   238
1070
     4
1070
   239
1070
     2
1070
   240
1070
  4096
1070
   241
1070
  9152
1070
   242
1070
     2
1070
   243
1070
  1300
1070
   244
1070
     0
1070
   337
1040
0.8982297155393422
1070
   338
1040
0.3048
1070
   339
1040
0.0
1070
   340
1040
30.0
1070
   341
1040
20.0
1070
   342
1040
30.0
1070
   530
1010
10000.0
1020
10000.0
1030
0.0
1070
   531
1010
0.0
1020
0.0
1030
0.0
1070
   130
1000
LEROY
1070
   133
1000
5AAC
1070
   134
1000
c:\adcadd12\civil\setup\P-11X17.dwg
1070
   230
1070
     1
1070
   233
1070
     0
1070
   234
1070
     1
1070
   330
1040
0.05
1070
   331
1040
1.5
1070
   332
1040
0.5
1070
   333
1040
0.5
1070
   334
1040
0.5
1070
   335
1040
24.0
1070
   336
1040
36.0
1001
SDSK_PMN
1070
   100
1000
boulev
1070
   300
1040
2454175.425966817
  0
TEXT
  5
13435
330
5CD1
100
AcDbEntity
 67
     1
  8
LEGAL
 62
     3
100
AcDbText
 10
3594.054235312751
 20
-435.9424199643269
 30
0.0
 40
2.4
  1

  7
L80
100
AcDbText
  0
TEXT
  5
134C8
330
5CD1
100
AcDbEntity
 67
     1
  8
LEGAL
 62
     3
100
AcDbText
 10
3576.493255397527
 20
-763.6453035502648
 30
0.0
 40
2.4
  1

  7
L80
100
AcDbText
  0
TEXT
  5
135A0
330
5CD1
100
AcDbEntity
 67
     1
  8
BORTXT
100
AcDbText
 10
4196.623421564211
 20
60.39532004581665
 30
0.0
 40
2.4
  1

  7
L80
100
AcDbText
  0
TEXT
  5
135B4
330
5CD1
100
AcDbEntity
 67
     1
  8
TEXTL
100
AcDbText
 10
4111.995816928993
 20
-448.3302688035907
 30
0.0
 40
3.0
  1

 51
10.0
  7
S1
 72
     1
 11
4111.995816928993
 21
-448.3302688035907
 31
0.0
100
AcDbText
  0
VIEWPORT
  5
14352
330
5CD1
100
AcDbEntity
 67
     1
  8
NOPLOT
100
AcDbViewport
 10
5355.577742902709
 20
-1183.540423046116
 30
0.0
 40
1005.0
 41
639.9300853332279
 68
     2
 69
     2
1001
ACAD
1000
MVIEW
1002
{
1070
    16
1010
0.0
1020
0.0
1030
0.0
1010
0.0
1020
0.0
1030
1.0
1040
0.0
1040
639.9300853332279
1040
786.745762685911
1040
235.5260610083049
1040
50.0
1040
0.0
1040
0.0
1070
     0
1070
   100
1070
     1
1070
     1
1070
     0
1070
     0
1070
     0
1070
     0
1040
0.0
1040
0.0
1040
0.0
1040
5.0
1040
5.0
1040
0.0
1040
0.0
1070
     0
1002
{
1003
DESC
1003
EGCONT-HGH
1003
EGCONT-NML
1003
EGCOUTXT
1003
EGTIN-FLT
1003
EGTIN-VIEW
1003
LINXSEC
1003
PNTS
1003
PTCOR
1003
PTSUR2
1003
PTSURV
1003
PTSYM1
1003
PTTRAV
1003
TRASH
1003
LOTNUM
1003
SUBNAME
1003
TXTBOU2
1003
LINLEG2
1003
LEGAL
1003
TXTPROPL
1003
BLD_HT
1003
PROPLINE_DIVIDE
1003
BEARING_DIVIDE
1003
CIR_DIVIDE
1003
LINWATER
1003
TXTMISC
1003
PARKING_TXT
1003
EASEMENT
1003
EASEMENT_TXT
1003
LINELEC
1003
TREES
1003
BEARING
1003
TXTBOUDIM
1003
TXTBOU3
1003
TRAVLAN
1003
LINCLRD
1003
TENANT_TXT
1003
PTXSLOT7
1003
PTNGELEV
1003
TREETXT
1003
TXTUTIL
1003
PTSUR3
1003
LOTLBLS
1003
BMARKS
1003
LINDRAIN
1003
LINSEWER
1003
LINTELGAS
1003
TXARROW
1003
LIQUORLINE
1002
}
1002
}
  0
LINE
  5
14354
330
5CD1
100
AcDbEntity
 67
     1
  8
BORTXT
 62
     2
100
AcDbLine
 10
5879.982242902709
 20
-1568.575380379501
 30
0.0
 11
5879.982242902709
 21
-848.5753803795014
 31
0.0
  0
LINE
  5
14355
330
5CD1
100
AcDbEntity
 67
     1
  8
BORTXT
 62
     5
100
AcDbLine
 10
5858.077742902709
 20
-1553.575380379501
 30
0.0
 11
5858.077742902709
 21
-863.5753803795018
 31
0.0
  0
LINE
  5
14356
330
5CD1
100
AcDbEntity
 67
     1
  8
BORTXT
 62
     5
100
AcDbLine
 10
4853.077742902709
 20
-1553.575380379501
 30
0.0
 11
4853.077742902709
 21
-863.5753803795018
 31
0.0
  0
LINE
  5
14357
330
5CD1
100
AcDbEntity
 67
     1
  8
BORTXT
 62
     2
100
AcDbLine
 10
4799.982242902709
 20
-1568.575380379501
 30
0.0
 11
4799.982242902709
 21
-848.5753803795014
 31
0.0
  0
LINE
  5
14358
330
5CD1
100
AcDbEntity
 67
     1
  8
BORTXT
100
AcDbLine
 10
4799.982242902709
 20
-1268.575380379501
 30
0.0
 11
4853.077742902709
 21
-1268.575380379501
 31
0.0
  0
ARC
  5
14359
330
5CD1
100
AcDbEntity
 67
     1
  8
BORTXT
 62
     1
100
AcDbCircle
 10
4820.061242902709
 20
-1563.479880379502
 30
0.0
 40
51.17108080390784
100
AcDbArc
 50
90.0
 51
0.0
  0
LINE
  5
1435A
330
5CD1
100
AcDbEntity
 67
     1
  8
BORTXT
 62
     2
100
AcDbLine
 10
4799.982242902709
 20
-1568.575380379501
 30
0.0
 11
5879.982242902709
 21
-1568.575380379501
 31
0.0
  0
TEXT
  5
1435B
330
5CD1
100
AcDbEntity
 67
     1
  8
BORTXT
100
AcDbText
 10
5705.196369960117
 20
-1500.356767674421
 30
0.0
 40
4.199999999999999
  1
LOCATED IN THE CITY OF LAFAYETTE
  7
L140
100
AcDbText
  0
TEXT
  5
1435C
330
5CD1
100
AcDbEntity
 67
     1
  8
BORTXT
100
AcDbText
 10
5705.6473651763
 20
-1441.823186903972
 30
0.0
 40
4.199999999999999
  1
A SITE PLAN FOR
  7
L140
100
AcDbText
  0
TEXT
  5
1435D
330
5CD1
100
AcDbEntity
 67
     1
  8
BORTXT
100
AcDbText
 10
5705.196369960117
 20
-1485.988764193692
 30
0.0
 40
4.199999999999999
  1
STREET ADDRESS: ARNOULD BLVD.
  7
L140
100
AcDbText
  0
TEXT
  5
1435E
330
5CD1
100
AcDbEntity
 67
     1
  8
BORTXT
100
AcDbText
 10
5705.196369960117
 20
-1464.022539032138
 30
0.0
 40
4.199999999999999
  1
BEING LOTS 1-3, 1-14, PARTITION OF
  7
L140
100
AcDbText
  0
TEXT
  5
1435F
330
5CD1
100
AcDbEntity
 67
     1
  8
BORTXT
100
AcDbText
 10
5705.196369960117
 20
-1471.222539032138
 30
0.0
 40
4.199999999999999
  1
LOTS 1 & 2, BLOCK I, LOT 7, BLOCK M
  7
L140
100
AcDbText
  0
TEXT
  5
14364
330
5CD1
100
AcDbEntity
 67
     1
  8
BORTXT
100
AcDbText
 10
5705.196369960117
 20
-1507.55676767442
 30
0.0
 40
4.199999999999999
  1
LAFAYETTE PARISH, LOUISIANA
  7
L140
100
AcDbText
  0
TEXT
  5
14368
330
5CD1
100
AcDbEntity
 67
     1
  8
BORTXT
100
AcDbText
 10
5705.196369960117
 20
-1478.422539032138
 30
0.0
 40
4.199999999999999
  1
ARNOULD HEIGHTS SUBDIVISION, EXT. NO. 1
  7
L140
100
AcDbText
  0
TEXT
  5
14369
330
5CD1
100
AcDbEntity
 67
     1
  8
BORTXT
 62
     5
100
AcDbText
 10
5705.6473651763
 20
-1452.36444238518
 30
0.0
 40
5.25
  1
BELLE REALTY OF LAFAYETTE, LLC
 51
12.0
  7
L175
100
AcDbText
  0
LINE
  5
1436A
330
5CD1
100
AcDbEntity
 67
     1
  8
BORTXT
 62
     5
100
AcDbLine
 10
4853.077742902709
 20
-1553.575380379501
 30
0.0
 11
5858.077742902709
 21
-1553.575380379501
 31
0.0
  0
INSERT
  5
1436E
330
5CD1
100
AcDbEntity
 67
     1
  8
DAYSTAMP
100
AcDbBlockReference
 66
     1
  2
DAYSTAMP
 10
4850.087524955451
 20
-1552.986439266686
 30
0.0
 41
3.75
 42
3.75
 43
3.75
 50
90.0
  0
ATTRIB
  5
1436F
330
1436E
100
AcDbEntity
 67
     1
  8
0
100
AcDbText
 10
4850.087524955451
 20
-1552.986439266686
 30
0.0
 40
3.75
  1
Boulev.dwg  92221  30541
 50
90.0
100
AcDbAttribute
  2
DAYSTAMP
 70
     0
  0
SEQEND
  5
14370
330
1436E
100
AcDbEntity
 67
     1
  8
DAYSTAMP
  0
LINE
  5
14397
330
5CD1
100
AcDbEntity
 67
     1
  8
BORTXT
100
AcDbLine
 10
5055.9750157831
 20
-1568.575380379501
 30
0.0
 11
5055.975015783099
 21
-1553.575380379501
 31
0.0
  0
LINE
  5
145BE
330
5CD1
100
AcDbEntity
 67
     1
  8
BORTXT
100
AcDbLine
 10
5476.627986758507
 20
-1568.575380379501
 30
0.0
 11
5476.627986758507
 21
-1553.575380379501
 31
0.0
  0
INSERT
  5
14910
330
5CD1
100
AcDbEntity
 67
     1
  8
SCALE
100
AcDbBlockReference
 66
     1
  2
SCALE
 10
5748.864825835459
 20
-1535.856299874341
 30
0.0
 41
30.0
 42
30.0
 43
30.0
  0
ATTRIB
  5
14911
330
14910
100
AcDbEntity
 67
     1
  8
0
100
AcDbText
 10
5702.521972071096
 20
-1524.778622520422
 30
0.0
 40
1.668
  1
30
 41
1.000000000000049
  7
S4
 72
     1
 11
5703.872257785381
 21
-1524.778622520422
 31
0.0
100
AcDbAttribute
  2
0
 70
     0
  0
ATTRIB
  5
14912
330
14910
100
AcDbEntity
 67
     1
  8
0
100
AcDbText
 10
5762.679716981209
 20
-1524.778622520422
 30
0.0
 40
1.668
  1
30
 41
1.000000000000049
  7
S4
 72
     1
 11
5764.030002695495
 21
-1524.778622520422
 31
0.0
100
AcDbAttribute
  2
0
 70
     0
  0
ATTRIB
  5
14913
330
14910
100
AcDbEntity
 67
     1
  8
0
100
AcDbText
 10
5792.53676000018
 20
-1524.778622520422
 30
0.0
 40
1.668
  1
60
 41
1.000000000000049
  7
S4
 72
     1
 11
5793.887045714466
 21
-1524.778622520422
 31
0.0
100
AcDbAttribute
  2
0
 70
     0
  0
ATTRIB
  5
14914
330
14910
100
AcDbEntity
 67
     1
  8
0
100
AcDbText
 10
5782.840655093027
 20
-1547.571204059539
 30
0.0
 40
2.499
  1
30
 41
1.000000000000049
  7
C6
100
AcDbAttribute
  2
000
 70
     0
  0
ATTRIB
  5
14915
330
14910
100
AcDbEntity
 67
     1
  8
0
100
AcDbText
 10
5851.901331428751
 20
-1524.778622520422
 30
0.0
 40
1.668
  1
120
 41
1.000000000000049
  7
S4
 72
     1
 11
5853.887045714466
 21
-1524.778622520422
 31
0.0
100
AcDbAttribute
  2
0
 70
     0
  0
ATTRIB
  5
14916
330
14910
100
AcDbEntity
 67
     1
  8
0
100
AcDbText
 10
5747.695617143037
 20
-1524.778622520422
 30
0.0
 40
1.668
  1
15
 41
1.000000000000049
  7
S4
 72
     1
 11
5748.887045714466
 21
-1524.778622520422
 31
0.0
100
AcDbAttribute
  2
0
 70
     0
  0
SEQEND
  5
14917
330
14910
100
AcDbEntity
 67
     1
  8
SCALE
  0
ARC
  5
14918
330
5CD1
100
AcDbEntity
 67
     1
  8
BORTXT
 62
     1
100
AcDbCircle
 10
5870.077742902709
 20
-1563.479880379502
 30
0.0
 40
57.86728876589125
100
AcDbArc
 50
180.0
 51
90.0
  0
TEXT
  5
14919
330
5CD1
100
AcDbEntity
 67
     1
  8
BORTXT
100
AcDbText
 10
5705.196369960117
 20
-1493.188764193692
 30
0.0
 40
4.199999999999999
  1
                LAFAYETTE, LA  70506
  7
L140
100
AcDbText
  0
LINE
  5
1491E
330
5CD1
100
AcDbEntity
 67
     1
  8
BORTXT
100
AcDbLine
 10
5858.077742902709
 20
-1268.575380379501
 30
0.0
 11
5879.982242902709
 21
-1268.575380379501
 31
0.0
  0
ARC
  5
1491F
330
5CD1
100
AcDbEntity
 67
     1
  8
BORTXT
 62
     1
100
AcDbCircle
 10
4820.061242902709
 20
-853.6708803795013
 30
0.0
 40
48.07921830618319
100
AcDbArc
 50
0.0
 51
270.0
  0
LINE
  5
14920
330
5CD1
100
AcDbEntity
 67
     1
  8
BORTXT
 62
     2
100
AcDbLine
 10
4799.982242902709
 20
-848.5753803795014
 30
0.0
 11
5879.982242902709
 21
-848.5753803795014
 31
0.0
  0
LINE
  5
14921
330
5CD1
100
AcDbEntity
 67
     1
  8
BORTXT
 62
     5
100
AcDbLine
 10
4853.077742902709
 20
-863.5753803795018
 30
0.0
 11
5858.077742902709
 21
-863.5753803795018
 31
0.0
  0
LINE
  5
14922
330
5CD1
100
AcDbEntity
 67
     1
  8
BORTXT
100
AcDbLine
 10
5055.788068248695
 20
-863.5753803795025
 30
0.0
 11
5055.788068248696
 21
-848.5753803795021
 31
0.0
  0
LINE
  5
14923
330
5CD1
100
AcDbEntity
 67
     1
  8
BORTXT
100
AcDbLine
 10
5475.788068248695
 20
-863.575380379512
 30
0.0
 11
5475.788068248696
 21
-848.5753803795117
 31
0.0
  0
ARC
  5
14924
330
5CD1
100
AcDbEntity
 67
     1
  8
BORTXT
 62
     1
100
AcDbCircle
 10
5870.077742902709
 20
-853.6708803795013
 30
0.0
 40
56.1502634163425
100
AcDbArc
 50
269.9999999999998
 51
180.0
  0
INSERT
  5
14925
330
5CD1
100
AcDbEntity
 67
     1
  8
TEXTM
100
AcDbBlockReference
 66
     1
  2
NORTHA
 10
5834.011876761457
 20
-952.9652609704183
 30
0.0
 41
10.5
 42
10.5
 43
10.5
 50
141.4647222222222
  0
ATTRIB
  5
14926
330
14925
100
AcDbEntity
 67
     1
  8
0
100
AcDbText
 10
5828.743091885222
 20
-947.9951996557647
 30
0.0
 40
1.05
  1
1"=30'
 50
321.4647222222222
  7
I
 72
     4
 11
5831.264026979694
 21
-949.2039743450516
 31
0.0
100
AcDbAttribute
  2
MAG-DATE
 70
     4
  0
SEQEND
  5
14927
330
14925
100
AcDbEntity
 67
     1
  8
TEXTM
  0
TEXT
  5
1494A
330
5CD1
100
AcDbEntity
 67
     1
  8
UNITS
  6
HIDDEN4
 62
     5
100
AcDbText
 10
5566.735391883493
 20
-1219.537297733284
 30
0.0
 40
4.2
  1
(101)  6,877s.f
 50
90.0
  7
L140
 72
     4
 11
5564.935391883493
 21
-1195.237297733284
 31
0.0
100
AcDbText
  0
TEXT
  5
1494B
330
5CD1
100
AcDbEntity
 67
     1
  8
UNITS
  6
HIDDEN4
 62
     5
100
AcDbText
 10
5515.844227044196
 20
-1219.828209809617
 30
0.0
 40
4.2
  1
(103)  3,051s.f
 50
90.0
  7
L140
 72
     4
 11
5514.044227044196
 21
-1195.528209809617
 31
0.0
100
AcDbText
  0
TEXT
  5
1494C
330
5CD1
100
AcDbEntity
 67
     1
  8
UNITS
  6
HIDDEN4
 62
     5
100
AcDbText
 10
5491.253896290773
 20
-1220.613633286064
 30
0.0
 40
4.2
  1
(105)  2,222s.f
 50
90.0
  7
L140
 72
     4
 11
5489.453896290773
 21
-1195.913633286063
 31
0.0
100
AcDbText
  0
TEXT
  5
1494D
330
5CD1
100
AcDbEntity
 67
     1
  8
UNITS
  6
HIDDEN4
 62
     5
100
AcDbText
 10
5467.000931460885
 20
-1220.103495429529
 30
0.0
 40
4.2
  1
(107)  1,743s.f
 50
90.0
  7
L140
 72
     4
 11
5465.200931460885
 21
-1195.803495429529
 31
0.0
100
AcDbText
  0
TEXT
  5
1494E
330
5CD1
100
AcDbEntity
 67
     1
  8
UNITS
  6
HIDDEN4
 62
     5
100
AcDbText
 10
5443.192180679517
 20
-1222.637742699292
 30
0.0
 40
4.2
  1
(109)  2,5468s.f
 50
90.0
  7
L140
 72
     4
 11
5441.392180679517
 21
-1195.937742699292
 31
0.0
100
AcDbText
  0
TEXT
  5
1494F
330
5CD1
100
AcDbEntity
 67
     1
  8
UNITS
  6
HIDDEN4
 62
     5
100
AcDbText
 10
5416.873527164306
 20
-1219.601095405816
 30
0.0
 40
4.2
  1
(111)  1,690s.f
 50
90.0
  7
L140
 72
     4
 11
5415.073527164306
 21
-1196.101095405816
 31
0.0
100
AcDbText
1001
RMACOMMAND_206_545-6877
1002
{
1000
command
1000
(rma_text "_M" T)
1002
}
  0
TEXT
  5
14951
330
5CD1
100
AcDbEntity
 67
     1
  8
UNITS
  6
HIDDEN4
 62
     5
100
AcDbText
 10
5392.822764409982
 20
-1220.553245750678
 30
0.0
 40
4.2
  1
(113)  2,606s.f
 50
90.0
  7
L140
 72
     4
 11
5391.022764409981
 21
-1196.253245750678
 31
0.0
100
AcDbText
1001
RMACOMMAND_206_545-6877
1002
{
1000
command
1000
(rma_text "_M" T)
1002
}
  0
TEXT
  5
14952
330
5CD1
100
AcDbEntity
 67
     1
  8
UNITS
  6
HIDDEN4
 62
     5
100
AcDbText
 10
5364.259003397204
 20
-1220.301010693659
 30
0.0
 40
4.2
  1
(115)  2,170s.f
 50
90.0
  7
L140
 72
     4
 11
5362.459003397204
 21
-1196.401010693659
 31
0.0
100
AcDbText
1001
RMACOMMAND_206_545-6877
1002
{
1000
command
1000
(rma_text "_M" T)
1002
}
  0
TEXT
  5
14953
330
5CD1
100
AcDbEntity
 67
     1
  8
UNITS
  6
HIDDEN4
 62
     5
100
AcDbText
 10
5337.214096290901
 20
-1220.44201026751
 30
0.0
 40
4.2
  1
(117)  2,170s.f
 50
90.0
  7
L140
 72
     4
 11
5335.4140962909
 21
-1196.54201026751
 31
0.0
100
AcDbText
1001
RMACOMMAND_206_545-6877
1002
{
1000
command
1000
(rma_text "_M" T)
1002
}
  0
TEXT
  5
14954
330
5CD1
100
AcDbEntity
 67
     1
  8
UNITS
  6
HIDDEN4
 62
     5
100
AcDbText
 10
5314.806473512987
 20
-1228.969569720955
 30
0.0
 40
4.2
  1
(117-1/2)  1,769s.f
 50
90.0
  7
L140
 72
     4
 11
5313.006473512987
 21
-1196.669569720955
 31
0.0
100
AcDbText
1001
RMACOMMAND_206_545-6877
1002
{
1000
command
1000
(rma_text "_M" T)
1002
}
  0
TEXT
  5
14955
330
5CD1
100
AcDbEntity
 67
     1
  8
UNITS
  6
HIDDEN4
 62
     5
100
AcDbText
 10
5293.716938770954
 20
-1220.699367016997
 30
0.0
 40
4.2
  1
(119)  1,982s.f
 50
90.0
  7
L140
 72
     4
 11
5291.916938770953
 21
-1196.799367016997
 31
0.0
100
AcDbText
1001
RMACOMMAND_206_545-6877
1002
{
1000
command
1000
(rma_text "_M" T)
1002
}
  0
TEXT
  5
14956
330
5CD1
100
AcDbEntity
 67
     1
  8
UNITS
  6
HIDDEN4
 62
     5
100
AcDbText
 10
5269.788224191036
 20
-1229.231402239272
 30
0.0
 40
4.2
  1
(119-1/2)  1,974s.f
 50
90.0
  7
L140
 72
     4
 11
5267.988224191035
 21
-1196.931402239272
 31
0.0
100
AcDbText
1001
RMACOMMAND_206_545-6877
1002
{
1000
command
1000
(rma_text "_M" T)
1002
}
  0
TEXT
  5
14957
330
5CD1
100
AcDbEntity
 67
     1
  8
UNITS
  6
HIDDEN4
 62
     5
100
AcDbText
 10
5249.216023793586
 20
-1216.752247997656
 30
0.0
 40
4.2
  1
(121)  1,709
 50
90.0
  7
L140
 72
     4
 11
5247.416023793586
 21
-1197.052247997656
 31
0.0
100
AcDbText
1001
RMACOMMAND_206_545-6877
1002
{
1000
command
1000
(rma_text "_M" T)
1002
}
  0
TEXT
  5
14958
330
5CD1
100
AcDbEntity
 67
     1
  8
UNITS
  6
HIDDEN4
 62
     5
100
AcDbText
 10
5218.911637931792
 20
-1221.935767417418
 30
0.0
 40
4.2
  1
(123)  3,563s.f
 50
90.0
  7
L140
 72
     4
 11
5217.111637931792
 21
-1197.235767417417
 31
0.0
100
AcDbText
1001
RMACOMMAND_206_545-6877
1002
{
1000
command
1000
(rma_text "_M" T)
1002
}
  0
TEXT
  5
14959
330
5CD1
100
AcDbEntity
 67
     1
  8
UNITS
  6
HIDDEN4
 62
     5
100
AcDbText
 10
5187.12164193602
 20
-1220.708084559153
 30
0.0
 40
4.2
  1
(125)  1735s.f
 50
90.0
  7
L140
 72
     4
 11
5185.32164193602
 21
-1197.408084559153
 31
0.0
100
AcDbText
1001
RMACOMMAND_206_545-6877
1002
{
1000
command
1000
(rma_text "_M" T)
1002
}
  0
TEXT
  5
1495A
330
5CD1
100
AcDbEntity
 67
     1
  8
UNITS
  6
HIDDEN4
 62
     5
100
AcDbText
 10
5161.132426528666
 20
-1222.258048651852
 30
0.0
 40
4.2
  1
(127)  2,538s.f
 50
90.0
  7
L140
 72
     4
 11
5159.332426528666
 21
-1197.558048651852
 31
0.0
100
AcDbText
1001
RMACOMMAND_206_545-6877
1002
{
1000
command
1000
(rma_text "_M" T)
1002
}
  0
TEXT
  5
1495B
330
5CD1
100
AcDbEntity
 67
     1
  8
UNITS
  6
HIDDEN4
 62
     5
100
AcDbText
 10
5136.40129695355
 20
-1222.00574902321
 30
0.0
 40
4.2
  1
(129)  1,789s.f
 50
90.0
  7
L140
 72
     4
 11
5134.60129695355
 21
-1197.70574902321
 31
0.0
100
AcDbText
1001
RMACOMMAND_206_545-6877
1002
{
1000
command
1000
(rma_text "_M" T)
1002
}
  0
TEXT
  5
1495C
330
5CD1
100
AcDbEntity
 67
     1
  8
UNITS
  6
HIDDEN4
 62
     5
100
AcDbText
 10
5112.135596273433
 20
-1219.544497856911
 30
0.0
 40
4.2
  1
(131) / (133)
 50
90.0
  7
L140
 72
     4
 11
5110.335596273433
 21
-1197.844497856911
 31
0.0
100
AcDbText
1001
RMACOMMAND_206_545-6877
1002
{
1000
command
1000
(rma_text "_M" T)
1002
}
  0
TEXT
  5
1495E
330
5CD1
100
AcDbEntity
 67
     1
  8
UNITS
  6
HIDDEN4
 62
     5
100
AcDbText
 10
5043.290457169442
 20
-1161.904749205853
 30
0.0
 40
4.2
  1
(135A)
  7
L140
 72
     4
 11
5053.190457169441
 21
-1160.104749205853
 31
0.0
100
AcDbText
  0
TEXT
  5
1495F
330
5CD1
100
AcDbEntity
 67
     1
  8
UNITS
  6
HIDDEN4
 62
     5
100
AcDbText
 10
5006.642469538983
 20
-1161.904749205853
 30
0.0
 40
4.2
  1
(135B) 
  7
L140
 72
     4
 11
5019.042469538983
 21
-1160.104749205853
 31
0.0
100
AcDbText
1001
RMACOMMAND_206_545-6877
1002
{
1000
command
1000
(rma_text "_M" T)
1002
}
  0
TEXT
  5
14960
330
5CD1
100
AcDbEntity
 67
     1
  8
UNITS
  6
HIDDEN4
 62
     5
100
AcDbText
 10
5012.192553982178
 20
-1136.143226567266
 30
0.0
 40
4.2
  1
(137)  2,053s.f
  7
L140
 72
     4
 11
5036.892553982178
 21
-1134.343226567266
 31
0.0
100
AcDbText
  0
TEXT
  5
14961
330
5CD1
100
AcDbEntity
 67
     1
  8
UNITS
  6
HIDDEN4
 62
     5
100
AcDbText
 10
5012.992553982178
 20
-1114.169002489569
 30
0.0
 40
4.2
  1
(139)  1,917s.f
  7
L140
 72
     4
 11
5036.892553982178
 21
-1112.369002489569
 31
0.0
100
AcDbText
  0
TEXT
  5
14962
330
5CD1
100
AcDbEntity
 67
     1
  8
UNITS
  6
HIDDEN4
 62
     5
100
AcDbText
 10
5011.492553982178
 20
-1093.434635083962
 30
0.0
 40
4.2
  1
(141)  1,917 s.f
  7
L140
 72
     4
 11
5036.892553982178
 21
-1091.634635083962
 31
0.0
100
AcDbText
  0
TEXT
  5
14963
330
5CD1
100
AcDbEntity
 67
     1
  8
UNITS
  6
HIDDEN4
 62
     5
100
AcDbText
 10
5012.992553982178
 20
-1070.167912855055
 30
0.0
 40
4.2
  1
(143)  1,917s.f
  7
L140
 72
     4
 11
5036.892553982178
 21
-1068.367912855055
 31
0.0
100
AcDbText
  0
TEXT
  5
14964
330
5CD1
100
AcDbEntity
 67
     1
  8
UNITS
  6
HIDDEN4
 62
     5
100
AcDbText
 10
5012.992553982178
 20
-1047.288961491853
 30
0.0
 40
4.2
  1
(145)  1,917s.f
  7
L140
 72
     4
 11
5036.892553982178
 21
-1045.488961491853
 31
0.0
100
AcDbText
  0
TEXT
  5
14965
330
5CD1
100
AcDbEntity
 67
     1
  8
UNITS
  6
HIDDEN4
 62
     5
100
AcDbText
 10
5011.992553982178
 20
-1017.521194942936
 30
0.0
 40
4.2
  1
(149)  4,613s.f.
  7
L140
 72
     4
 11
5036.892553982178
 21
-1015.721194942936
 31
0.0
100
AcDbText
1001
RMACOMMAND_206_545-6877
1002
{
1000
command
1000
(rma_text "_M" T)
1002
}
  0
TEXT
  5
149A0
330
5CD1
100
AcDbEntity
 67
     1
  8
UNITS
  6
HIDDEN4
 62
     5
100
AcDbText
 10
5016.192553982178
 20
-1025.6876228235
 30
0.0
 40
4.2
  1
JASON'S DELI
  7
L140
 72
     4
 11
5036.892553982178
 21
-1023.1876228235
 31
0.0
100
AcDbText
1001
RMACOMMAND_206_545-6877
1002
{
1000
command
1000
(rma_text "_M" T)
1002
}
  0
TEXT
  5
149A1
330
5CD1
100
AcDbEntity
 67
     1
  8
UNITS
  6
HIDDEN4
 62
     5
100
AcDbText
 10
5007.372553982177
 20
-1055.055389372417
 30
0.0
 40
4.2
  1
NEXT LEVEL FITNESS
 41
0.9
  7
L140
 72
     4
 11
5036.892553982178
 21
-1052.955389372417
 31
0.0
100
AcDbText
  0
TEXT
  5
149A2
330
5CD1
100
AcDbEntity
 67
     1
  8
UNITS
  6
HIDDEN4
 62
     5
100
AcDbText
 10
5006.017553982178
 20
-1077.934340735619
 30
0.0
 40
4.2
  1
FRANKLIN FINANCIAL
 41
0.95
  7
L140
 72
     4
 11
5036.892553982178
 21
-1075.834340735619
 31
0.0
100
AcDbText
  0
TEXT
  5
149A3
330
5CD1
100
AcDbEntity
 67
     1
  8
UNITS
  6
HIDDEN4
 62
     5
100
AcDbText
 10
5013.492553982178
 20
-1101.201062964526
 30
0.0
 40
4.2
  1
DEALER TRACK
  7
L140
 72
     4
 11
5036.892553982178
 21
-1099.101062964526
 31
0.0
100
AcDbText
  0
TEXT
  5
149A4
330
5CD1
100
AcDbEntity
 67
     1
  8
UNITS
  6
HIDDEN4
 62
     5
100
AcDbText
 10
5013.492553982178
 20
-1121.935430370133
 30
0.0
 40
4.2
  1
DEALER TRACK
  7
L140
 72
     4
 11
5036.892553982178
 21
-1119.835430370133
 31
0.0
100
AcDbText
  0
TEXT
  5
149A5
330
5CD1
100
AcDbEntity
 67
     1
  8
UNITS
  6
HIDDEN4
 62
     5
100
AcDbText
 10
5021.892553982178
 20
-1143.90965444783
 30
0.0
 40
4.2
  1
ELLA RAE
  7
L140
 72
     4
 11
5036.892553982178
 21
-1141.80965444783
 31
0.0
100
AcDbText
  0
TEXT
  5
149A6
330
5CD1
100
AcDbEntity
 67
     1
  8
UNITS
  6
HIDDEN4
 62
     5
100
AcDbText
 10
5005.342469538983
 20
-1174.616776432848
 30
0.0
 40
4.2
  1
SNEAKER
  7
L140
 72
     4
 11
5019.042469538983
 21
-1172.516776432848
 31
0.0
100
AcDbText
1001
RMACOMMAND_206_545-6877
1002
{
1000
command
1000
(rma_text "_M" T)
1002
}
  0
TEXT
  5
149A8
330
5CD1
100
AcDbEntity
 67
     1
  8
UNITS
  6
HIDDEN4
 62
     5
100
AcDbText
 10
5143.293845976641
 20
-1207.90574902321
 30
0.0
 40
4.2
  1
OUPAC
 50
90.0
  7
L140
 72
     4
 11
5141.193845976641
 21
-1197.70574902321
 31
0.0
100
AcDbText
1001
RMACOMMAND_206_545-6877
1002
{
1000
command
1000
(rma_text "_M" T)
1002
}
  0
TEXT
  5
149A9
330
5CD1
100
AcDbEntity
 67
     1
  8
UNITS
  6
HIDDEN4
 62
     5
100
AcDbText
 10
5167.824975551756
 20
-1229.858048651852
 30
0.0
 40
4.2
  1
ELLA RAE BOUTIQUE
 50
90.0
  7
L140
 72
     4
 11
5165.924975551757
 21
-1197.558048651852
 31
0.0
100
AcDbText
1001
RMACOMMAND_206_545-6877
1002
{
1000
command
1000
(rma_text "_M" T)
1002
}
  0
TEXT
  5
149AA
330
5CD1
100
AcDbEntity
 67
     1
  8
UNITS
  6
HIDDEN4
 62
     5
100
AcDbText
 10
5193.81419095911
 20
-1229.708084559153
 30
0.0
 40
4.2
  1
ELLA RAE BOUTIQUE
 50
90.0
  7
L140
 72
     4
 11
5191.914190959111
 21
-1197.408084559153
 31
0.0
100
AcDbText
1001
RMACOMMAND_206_545-6877
1002
{
1000
command
1000
(rma_text "_M" T)
1002
}
  0
TEXT
  5
149AB
330
5CD1
100
AcDbEntity
 67
     1
  8
UNITS
  6
HIDDEN4
 62
     5
100
AcDbText
 10
5225.804186954883
 20
-1228.535767417417
 30
0.0
 40
4.2
  1
LOLA PINK FABRICS
 50
90.0
  7
L140
 72
     4
 11
5223.704186954883
 21
-1197.235767417417
 31
0.0
100
AcDbText
1001
RMACOMMAND_206_545-6877
1002
{
1000
command
1000
(rma_text "_M" T)
1002
}
  0
TEXT
  5
149AC
330
5CD1
100
AcDbEntity
 67
     1
  8
UNITS
  6
HIDDEN4
 62
     5
100
AcDbText
 10
5256.108572816677
 20
-1228.352247997656
 30
0.0
 40
4.2
  1
LOLA PINK FABRICS
 50
90.0
  7
L140
 72
     4
 11
5254.008572816677
 21
-1197.052247997656
 31
0.0
100
AcDbText
1001
RMACOMMAND_206_545-6877
1002
{
1000
command
1000
(rma_text "_M" T)
1002
}
  0
TEXT
  5
149AD
330
5CD1
100
AcDbEntity
 67
     1
  8
UNITS
  6
HIDDEN4
 62
     5
100
AcDbText
 10
5276.680773214127
 20
-1214.031402239272
 30
0.0
 40
4.2
  1
CAT CLINIC
 50
90.0
  7
L140
 72
     4
 11
5274.580773214127
 21
-1196.931402239272
 31
0.0
100
AcDbText
1001
RMACOMMAND_206_545-6877
1002
{
1000
command
1000
(rma_text "_M" T)
1002
}
  0
TEXT
  5
149AE
330
5CD1
100
AcDbEntity
 67
     1
  8
UNITS
  6
HIDDEN4
 62
     5
100
AcDbText
 10
5300.609487794045
 20
-1208.899367016997
 30
0.0
 40
4.2
  1
VACANT
 50
90.0
  7
L140
 72
     4
 11
5298.509487794045
 21
-1196.799367016997
 31
0.0
100
AcDbText
1001
RMACOMMAND_206_545-6877
1002
{
1000
command
1000
(rma_text "_M" T)
1002
}
  0
TEXT
  5
149AF
330
5CD1
100
AcDbEntity
 67
     1
  8
UNITS
  6
HIDDEN4
 62
     5
100
AcDbText
 10
5321.699022536079
 20
-1220.869569720955
 30
0.0
 40
4.2
  1
VICTORIA NAILS
 50
90.0
  7
L140
 72
     4
 11
5319.599022536078
 21
-1196.669569720955
 31
0.0
100
AcDbText
1001
RMACOMMAND_206_545-6877
1002
{
1000
command
1000
(rma_text "_M" T)
1002
}
  0
TEXT
  5
149B0
330
5CD1
100
AcDbEntity
 67
     1
  8
UNITS
  6
HIDDEN4
 62
     5
100
AcDbText
 10
5344.106645313992
 20
-1228.44201026751
 30
0.0
 40
4.2
  1
THE CLOTHING LOFT
 50
90.0
  7
L140
 72
     4
 11
5342.006645313992
 21
-1196.54201026751
 31
0.0
100
AcDbText
1001
RMACOMMAND_206_545-6877
1002
{
1000
command
1000
(rma_text "_M" T)
1002
}
  0
TEXT
  5
149B1
330
5CD1
100
AcDbEntity
 67
     1
  8
UNITS
  6
HIDDEN4
 62
     5
100
AcDbText
 10
5371.151552420295
 20
-1208.501010693659
 30
0.0
 40
4.2
  1
VACANT
 50
90.0
  7
L140
 72
     4
 11
5369.051552420295
 21
-1196.401010693659
 31
0.0
100
AcDbText
1001
RMACOMMAND_206_545-6877
1002
{
1000
command
1000
(rma_text "_M" T)
1002
}
  0
TEXT
  5
149B2
330
5CD1
100
AcDbEntity
 67
     1
  8
UNITS
  6
HIDDEN4
 62
     5
100
AcDbText
 10
5399.715313433073
 20
-1208.353245750678
 30
0.0
 40
4.2
  1
VACANT
 50
90.0
  7
L140
 72
     4
 11
5397.615313433073
 21
-1196.253245750678
 31
0.0
100
AcDbText
1001
RMACOMMAND_206_545-6877
1002
{
1000
command
1000
(rma_text "_M" T)
1002
}
  0
TEXT
  5
149B3
330
5CD1
100
AcDbEntity
 67
     1
  8
UNITS
  6
HIDDEN4
 62
     5
100
AcDbText
 10
5423.766076187398
 20
-1217.401095405816
 30
0.0
 40
4.2
  1
BELLA GRACE
 50
90.0
  7
L140
 72
     4
 11
5421.666076187397
 21
-1196.101095405816
 31
0.0
100
AcDbText
1001
RMACOMMAND_206_545-6877
1002
{
1000
command
1000
(rma_text "_M" T)
1002
}
  0
TEXT
  5
149B4
330
5CD1
100
AcDbEntity
 67
     1
  8
UNITS
  6
HIDDEN4
 62
     5
100
AcDbText
 10
5450.084729702608
 20
-1208.937742699292
 30
0.0
 40
4.2
  1
JC KATE
 50
90.0
  7
L140
 72
     4
 11
5447.984729702608
 21
-1195.937742699292
 31
0.0
100
AcDbText
  0
TEXT
  5
149B5
330
5CD1
100
AcDbEntity
 67
     1
  8
UNITS
  6
HIDDEN4
 62
     5
100
AcDbText
 10
5474.293480483976
 20
-1212.403495429529
 30
0.0
 40
4.2
  1
HERSHEY'S
 50
90.0
  7
L140
 72
     4
 11
5471.793480483976
 21
-1195.803495429529
 31
0.0
100
AcDbText
  0
TEXT
  5
149B6
330
5CD1
100
AcDbEntity
 67
     1
  8
UNITS
  6
HIDDEN4
 62
     5
100
AcDbText
 10
5497.846445313864
 20
-1214.256490428921
 30
0.0
 40
3.6
  1
PINK PAISLEY
 50
90.0
  7
L120
 72
     4
 11
5496.046445313864
 21
-1195.913633286063
 31
0.0
100
AcDbText
  0
TEXT
  5
149B7
330
5CD1
100
AcDbEntity
 67
     1
  8
UNITS
  6
HIDDEN4
 62
     5
100
AcDbText
 10
5522.436776067288
 20
-1213.871066952474
 30
0.0
 40
3.6
  1
PINK PAISLEY
 50
90.0
  7
L120
 72
     4
 11
5520.636776067287
 21
-1195.528209809617
 31
0.0
100
AcDbText
  0
TEXT
  5
149B8
330
5CD1
100
AcDbEntity
 67
     1
  8
UNITS
  6
HIDDEN4
 62
     5
100
AcDbText
 10
5574.067438605538
 20
-1207.337297733284
 30
0.0
 40
4.2
  1
VACANT
 50
90.0
  7
L140
 72
     4
 11
5571.967438605538
 21
-1195.237297733284
 31
0.0
100
AcDbText
  0
TEXT
  5
149B9
330
5CD1
100
AcDbEntity
 67
     1
  8
UNITS
  6
HIDDEN4
 62
     5
100
AcDbText
 10
5118.628145296524
 20
-1209.944497856911
 30
0.0
 40
4.2
  1
3,179s.f
 50
90.0
  7
L140
 72
     4
 11
5116.928145296524
 21
-1197.844497856911
 31
0.0
100
AcDbText
1001
RMACOMMAND_206_545-6877
1002
{
1000
command
1000
(rma_text "_M" T)
1002
}
  0
TEXT
  5
149BA
330
5CD1
100
AcDbEntity
 67
     1
  8
UNITS
  6
HIDDEN4
 62
     5
100
AcDbText
 10
5006.142469538983
 20
-1181.20479476244
 30
0.0
 40
4.2
  1
POLITICS
  7
L140
 72
     4
 11
5019.042469538983
 21
-1179.10479476244
 31
0.0
100
AcDbText
1001
RMACOMMAND_206_545-6877
1002
{
1000
command
1000
(rma_text "_M" T)
1002
}
  0
TEXT
  5
149BC
330
5CD1
100
AcDbEntity
 67
     1
  8
UNITS
  6
HIDDEN4
 62
     5
100
AcDbText
 10
5018.392553982178
 20
-1151.456538038746
 30
0.0
 40
4.2
  1
WAREHOUSE
  7
L140
 72
     4
 11
5036.892553982178
 21
-1149.356538038746
 31
0.0
100
AcDbText
  0
TEXT
  5
149C7
330
5CD1
100
AcDbEntity
 67
     1
  8
UNITS
  6
HIDDEN4
 62
     5
100
AcDbText
 10
5006.942469538983
 20
-1168.392767535446
 30
0.0
 40
4.2
  1
1,580s.f
  7
L140
 72
     4
 11
5019.042469538983
 21
-1166.692767535445
 31
0.0
100
AcDbText
1001
RMACOMMAND_206_545-6877
1002
{
1000
command
1000
(rma_text "_M" T)
1002
}
  0
TEXT
  5
149C8
330
5CD1
100
AcDbEntity
 67
     1
  8
UNITS
  6
HIDDEN4
 62
     5
100
AcDbText
 10
5040.290457169442
 20
-1181.20479476244
 30
0.0
 40
4.2
  1
POLITICS
  7
L140
 72
     4
 11
5053.190457169441
 21
-1179.10479476244
 31
0.0
100
AcDbText
1001
RMACOMMAND_206_545-6877
1002
{
1000
command
1000
(rma_text "_M" T)
1002
}
  0
TEXT
  5
149C9
330
5CD1
100
AcDbEntity
 67
     1
  8
UNITS
  6
HIDDEN4
 62
     5
100
AcDbText
 10
5041.090457169441
 20
-1168.392767535446
 30
0.0
 40
4.2
  1
1,580s.f
  7
L140
 72
     4
 11
5053.190457169441
 21
-1166.692767535445
 31
0.0
100
AcDbText
1001
RMACOMMAND_206_545-6877
1002
{
1000
command
1000
(rma_text "_M" T)
1002
}
  0
TEXT
  5
149CA
330
5CD1
100
AcDbEntity
 67
     1
  8
UNITS
  6
HIDDEN4
 62
     5
100
AcDbText
 10
5039.490457169441
 20
-1174.616776432848
 30
0.0
 40
4.2
  1
SNEAKER
  7
L140
 72
     4
 11
5053.190457169441
 21
-1172.516776432848
 31
0.0
100
AcDbText
1001
RMACOMMAND_206_545-6877
1002
{
1000
command
1000
(rma_text "_M" T)
1002
}
  0
TEXT
  5
149CB
330
5CD1
100
AcDbEntity
 67
     1
  8
UNITS
  6
HIDDEN4
 62
     5
100
AcDbText
 10
5125.620694319616
 20
-1210.744497856911
 30
0.0
 40
4.2
  1
POLITICS
 50
90.0
  7
L140
 72
     4
 11
5123.520694319615
 21
-1197.844497856911
 31
0.0
100
AcDbText
1001
RMACOMMAND_206_545-6877
1002
{
1000
command
1000
(rma_text "_M" T)
1002
}
  0
ENDSEC
  0
SECTION
  2
OBJECTS
  0
DICTIONARY
  5
5CC9
330
0
100
AcDbDictionary
  3
ACAD_GROUP
350
5CCA
  3
ACAD_LAYOUT
350
14B93
  3
ACAD_MATERIAL
350
14B96
  3
ACAD_MLEADERSTYLE
350
14B9C
  3
ACAD_MLINESTYLE
350
5CD7
  3
ACAD_PLOTSETTINGS
350
14B6E
  3
ACAD_SCALELIST
350
14B71
  3
ACAD_VISUALSTYLE
350
14B55
  3
ACDBHEADERROUNDTRIPXREC
350
14B9E
  3
ACDBVARIABLEDICTIONARY
350
5DCD
  3
AEC_LABEL_DICT
350
5DE2
  3
SDSK_LABEL_DICT
350
5E17
  0
DICTIONARY
  5
14BC6
330
5CC5
100
AcDbDictionary
280
     1
  3
ACAD_XREC_ROUNDTRIP
360
14BC7
  0
DICTIONARY
  5
5CCA
102
{ACAD_REACTORS
330
5CC9
102
}
330
5CC9
100
AcDbDictionary
  0
DICTIONARY
  5
14B93
102
{ACAD_REACTORS
330
5CC9
102
}
330
5CC9
100
AcDbDictionary
  0
DICTIONARY
  5
14B96
102
{ACAD_REACTORS
330
5CC9
102
}
330
5CC9
100
AcDbDictionary
  3
BYBLOCK
350
14B98
  3
BYLAYER
350
14B97
  3
GLOBAL
350
14B99
  0
DICTIONARY
  5
14B9C
102
{ACAD_REACTORS
330
5CC9
102
}
330
5CC9
100
AcDbDictionary
  3
STANDARD
350
14B9D
  0
DICTIONARY
  5
5CD7
102
{ACAD_REACTORS
330
5CC9
102
}
330
5CC9
100
AcDbDictionary
  3
STANDARD
350
5CD8
  0
DICTIONARY
  5
14B6E
102
{ACAD_REACTORS
330
5CC9
102
}
330
5CC9
100
AcDbDictionary
  0
DICTIONARY
  5
14B71
102
{ACAD_REACTORS
330
5CC9
102
}
330
5CC9
100
AcDbDictionary
  3
A0
350
14B72
  3
A1
350
14B73
  3
A2
350
14B74
  3
A3
350
14B75
  3
A4
350
14B76
  3
A5
350
14B77
  3
A6
350
14B78
  3
A7
350
14B79
  3
A8
350
14B7A
  3
A9
350
14B7B
  3
B0
350
14B7C
  3
B1
350
14B7D
  3
B2
350
14B7E
  3
B3
350
14B7F
  3
B4
350
14B80
  3
B5
350
14B81
  3
B6
350
14B82
  3
B7
350
14B83
  3
B8
350
14B84
  3
B9
350
14B85
  3
C0
350
14B86
  3
C1
350
14B87
  3
C2
350
14B88
  3
C3
350
14B89
  3
C4
350
14B8A
  3
C5
350
14B8B
  3
C6
350
14B8C
  3
C7
350
14B8D
  3
C8
350
14B8E
  3
C9
350
14B8F
  3
D0
350
14B90
  3
D1
350
14B91
  3
D2
350
14B92
  0
DICTIONARY
  5
14B55
102
{ACAD_REACTORS
330
5CC9
102
}
330
5CC9
100
AcDbDictionary
  3
2DWIREFRAME
350
14B5A
  3
BASIC
350
14B5D
  3
BRIGHTEN
350
14B61
  3
COLORCHANGE
350
14B65
  3
CONCEPTUAL
350
14B5F
  3
DIM
350
14B60
  3
EDGECOLOROFF
350
14B68
  3
FACEPATTERN
350
14B64
  3
FLAT
350
14B56
  3
FLATWITHEDGES
350
14B57
  3
GOURAUD
350
14B58
  3
GOURAUDWITHEDGES
350
14B59
  3
HIDDEN
350
14B5C
  3
JITTEROFF
350
14B66
  3
LINEPATTERN
350
14B63
  3
OVERHANGOFF
350
14B67
  3
REALISTIC
350
14B5E
  3
SHADED
350
14B6D
  3
SHADED_WITH_EDGES
350
14B6C
  3
SHADES_OF_GRAY
350
14B69
  3
SKETCHY
350
14B6A
  3
THICKEN
350
14B62
  3
WIREFRAME
350
14B5B
  3
X-RAY
350
14B6B
  0
DICTIONARY
  5
14B9E
102
{ACAD_REACTORS
330
5CC9
102
}
330
5CC9
100
AcDbDictionary
  3
CEPSNID
350
14BA8
  3
CEPSNTYPE
350
14BA7
  3
DIMSTYLEDATA
350
14BBE
  3
FINGERPRINTGUID
350
14BA9
  3
HYPERLINKBASE
350
14BA1
  3
INSUNITS
350
14BA6
  3
LAYOUTDICT
350
14BA3
  3
LWETCUNION
350
14BA5
  3
PLOTSETDICT
350
14BA4
  3
PSVPSCALE
350
14BAB
  3
PUCSBASE
350
14BAE
  3
PUCSORGBACK
350
14BB4
  3
PUCSORGBOTTOM
350
14BB0
  3
PUCSORGFRONT
350
14BB3
  3
PUCSORGLEFT
350
14BB1
  3
PUCSORGRIGHT
350
14BB2
  3
PUCSORGTOP
350
14BAF
  3
PUCSORTHOREF
350
14BAC
  3
PUCSORTHOVIEW
350
14BAD
  3
STYLESHEET
350
14BA2
  3
TSTACKALIGN
350
14B9F
  3
TSTACKSIZE
350
14BA0
  3
UCSBASE
350
14BB7
  3
UCSORGBACK
350
14BBD
  3
UCSORGBOTTOM
350
14BB9
  3
UCSORGFRONT
350
14BBC
  3
UCSORGLEFT
350
14BBA
  3
UCSORGRIGHT
350
14BBB
  3
UCSORGTOP
350
14BB8
  3
UCSORTHOREF
350
14BB5
  3
UCSORTHOVIEW
350
14BB6
  3
VERSIONGUID
350
14BAA
  0
DICTIONARY
  5
5DCD
102
{ACAD_REACTORS
330
5CC9
102
}
330
5CC9
100
AcDbDictionary
  3
CANNOSCALE
350
14BC8
  3
CMLEADERSTYLE
350
14BC0
  3
CTABLESTYLE
350
14BBF
  3
DIMADEC
350
5DCE
  3
DIMASSOC
350
14BC4
  3
HIDETEXT
350
14BC5
  3
MSLTSCALE
350
14BC1
  3
SORTENTS
350
5E83
  0
DICTIONARY
  5
5DE2
102
{ACAD_REACTORS
330
5CC9
102
}
330
5CC9
100
AcDbDictionary
  3
AEC_BLOCK_NOTIFY
350
5DE3
  0
DICTIONARY
  5
5E17
102
{ACAD_REACTORS
330
5CC9
102
}
330
5CC9
100
AcDbDictionary
  3
LABEL_OBJECT_NOTIFY
350
5E18
  0
XRECORD
  5
14BC7
102
{ACAD_REACTORS
330
14BC6
102
}
330
14BC6
100
AcDbXrecord
102
VTR_0.000_0.000_1.000_1.000_VISUALSTYLE
340
14B5A
102
VTR_0.000_0.000_1.000_1.000_GRIDDISPLAY
 70
     3
102
VTR_0.000_0.000_1.000_1.000_GRIDMAJOR
 70
     5
102
VTR_0.000_0.000_1.000_1.000_DEFAULTLIGHTING
280
     1
102
VTR_0.000_0.000_1.000_1.000_DEFAULTLIGHTINGTYPE
 70
     1
102
VTR_0.000_0.000_1.000_1.000_BRIGHTNESS
141
0.0
102
VTR_0.000_0.000_1.000_1.000_CONTRAST
142
0.0
  0
MATERIAL
  5
14B98
102
{ACAD_REACTORS
330
14B96
102
}
102
{ACAD_XDICTIONARY
360
14BCB
102
}
330
14B96
100
AcDbMaterial
  1
BYBLOCK
  0
MATERIAL
  5
14B97
102
{ACAD_REACTORS
330
14B96
102
}
102
{ACAD_XDICTIONARY
360
14BC9
102
}
330
14B96
100
AcDbMaterial
  1
BYLAYER
  0
MATERIAL
  5
14B99
102
{ACAD_REACTORS
330
14B96
102
}
102
{ACAD_XDICTIONARY
360
14BCD
102
}
330
14B96
100
AcDbMaterial
  1
GLOBAL
  0
ACAD_PROXY_OBJECT
  5
14B9D
102
{ACAD_REACTORS
330
14B9C
102
}
330
14B9C
100
AcDbProxyObject
 90
      499
 91
      511
 93
      610
310
40901902A4063FBFFFFFE056BD1B81E855B9FC0AD7A3703D0AD73F4214DD185B99185C9900AD7A3703D0AC73F90141901A02B5E8DC0F42B1CFC02B5E8DC0F42B1CFE5764000000000000300FC0
340
5CCE
340
0
340
5CCC
340
0
 94
        0
1001
ACAD_MLEADERVER
1070
     2
  0
MLINESTYLE
  5
5CD8
102
{ACAD_REACTORS
330
5CD7
102
}
330
5CD7
100
AcDbMlineStyle
  2
STANDARD
 70
     0
  3

 62
   256
 51
90.0
 52
90.0
 71
     2
 49
0.5
 62
   256
  6
BYLAYER
 49
-0.5
 62
   256
  6
BYLAYER
  0
ACAD_PROXY_OBJECT
  5
14B72
102
{ACAD_REACTORS
330
14B71
102
}
330
14B71
100
AcDbProxyObject
 90
      499
 91
      508
 93
       41
310
903313A31580
  0
ACAD_PROXY_OBJECT
  5
14B73
102
{ACAD_REACTORS
330
14B71
102
}
330
14B71
100
AcDbProxyObject
 90
      499
 91
      508
 93
      105
310
903313A324000000000000004000
  0
ACAD_PROXY_OBJECT
  5
14B74
102
{ACAD_REACTORS
330
14B71
102
}
330
14B71
100
AcDbProxyObject
 90
      499
 91
      508
 93
      105
310
903313A344000000000000104000
  0
ACAD_PROXY_OBJECT
  5
14B75
102
{ACAD_REACTORS
330
14B71
102
}
330
14B71
100
AcDbProxyObject
 90
      499
 91
      508
 93
      105
310
903313A354000000000000144000
  0
ACAD_PROXY_OBJECT
  5
14B76
102
{ACAD_REACTORS
330
14B71
102
}
330
14B71
100
AcDbProxyObject
 90
      499
 91
      508
 93
      105
310
903313A384000000000000204000
  0
ACAD_PROXY_OBJECT
  5
14B77
102
{ACAD_REACTORS
330
14B71
102
}
330
14B71
100
AcDbProxyObject
 90
      499
 91
      508
 93
      113
310
904313A31304000000000000244000
  0
ACAD_PROXY_OBJECT
  5
14B78
102
{ACAD_REACTORS
330
14B71
102
}
330
14B71
100
AcDbProxyObject
 90
      499
 91
      508
 93
      113
310
904313A31364000000000000304000
  0
ACAD_PROXY_OBJECT
  5
14B79
102
{ACAD_REACTORS
330
14B71
102
}
330
14B71
100
AcDbProxyObject
 90
      499
 91
      508
 93
      113
310
904313A32304000000000000344000
  0
ACAD_PROXY_OBJECT
  5
14B7A
102
{ACAD_REACTORS
330
14B71
102
}
330
14B71
100
AcDbProxyObject
 90
      499
 91
      508
 93
      113
310
904313A333040000000000003E4000
  0
ACAD_PROXY_OBJECT
  5
14B7B
102
{ACAD_REACTORS
330
14B71
102
}
330
14B71
100
AcDbProxyObject
 90
      499
 91
      508
 93
      113
310
904313A34304000000000000444000
  0
ACAD_PROXY_OBJECT
  5
14B7C
102
{ACAD_REACTORS
330
14B71
102
}
330
14B71
100
AcDbProxyObject
 90
      499
 91
      508
 93
      113
310
904313A35304000000000000494000
  0
ACAD_PROXY_OBJECT
  5
14B7D
102
{ACAD_REACTORS
330
14B71
102
}
330
14B71
100
AcDbProxyObject
 90
      499
 91
      508
 93
      121
310
905313A3130304000000000000594000
  0
ACAD_PROXY_OBJECT
  5
14B7E
102
{ACAD_REACTORS
330
14B71
102
}
330
14B71
100
AcDbProxyObject
 90
      499
 91
      508
 93
      105
310
903323A310000000000000010100
  0
ACAD_PROXY_OBJECT
  5
14B7F
102
{ACAD_REACTORS
330
14B71
102
}
330
14B71
100
AcDbProxyObject
 90
      499
 91
      508
 93
      105
310
903343A310000000000000410100
  0
ACAD_PROXY_OBJECT
  5
14B80
102
{ACAD_REACTORS
330
14B71
102
}
330
14B71
100
AcDbProxyObject
 90
      499
 91
      508
 93
      105
310
903383A310000000000000810100
  0
ACAD_PROXY_OBJECT
  5
14B81
102
{ACAD_REACTORS
330
14B71
102
}
330
14B71
100
AcDbProxyObject
 90
      499
 91
      508
 93
      113
310
90431303A310000000000000910100
  0
ACAD_PROXY_OBJECT
  5
14B82
102
{ACAD_REACTORS
330
14B71
102
}
330
14B71
100
AcDbProxyObject
 90
      499
 91
      508
 93
      121
310
9053130303A310000000000001650100
  0
ACAD_PROXY_OBJECT
  5
14B83
102
{ACAD_REACTORS
330
14B71
102
}
330
14B71
100
AcDbProxyObject
 90
      499
 91
      508
 93
      257
310
90E312F31323822203D2031272D3022000000000000200FC000000000000284000
  0
ACAD_PROXY_OBJECT
  5
14B84
102
{ACAD_REACTORS
330
14B71
102
}
330
14B71
100
AcDbProxyObject
 90
      499
 91
      508
 93
      249
310
90D312F363422203D2031272D3022000000000000240FC000000000000284000
  0
ACAD_PROXY_OBJECT
  5
14B85
102
{ACAD_REACTORS
330
14B71
102
}
330
14B71
100
AcDbProxyObject
 90
      499
 91
      508
 93
      249
310
90D312F333222203D2031272D3022000000000000280FC000000000000284000
  0
ACAD_PROXY_OBJECT
  5
14B86
102
{ACAD_REACTORS
330
14B71
102
}
330
14B71
100
AcDbProxyObject
 90
      499
 91
      508
 93
      249
310
90D312F313622203D2031272D30220000000000002C0FC000000000000284000
  0
ACAD_PROXY_OBJECT
  5
14B87
102
{ACAD_REACTORS
330
14B71
102
}
330
14B71
100
AcDbProxyObject
 90
      499
 91
      508
 93
      249
310
90D332F333222203D2031272D30220000000000002E0FC000000000000284000
  0
ACAD_PROXY_OBJECT
  5
14B88
102
{ACAD_REACTORS
330
14B71
102
}
330
14B71
100
AcDbProxyObject
 90
      499
 91
      508
 93
      241
310
90C312F3822203D2031272D3022000000000000300FC000000000000284000
  0
ACAD_PROXY_OBJECT
  5
14B89
102
{ACAD_REACTORS
330
14B71
102
}
330
14B71
100
AcDbProxyObject
 90
      499
 91
      508
 93
      249
310
90D332F313622203D2031272D3022000000000000320FC000000000000284000
  0
ACAD_PROXY_OBJECT
  5
14B8A
102
{ACAD_REACTORS
330
14B71
102
}
330
14B71
100
AcDbProxyObject
 90
      499
 91
      508
 93
      241
310
90C312F3422203D2031272D3022000000000000340FC000000000000284000
  0
ACAD_PROXY_OBJECT
  5
14B8B
102
{ACAD_REACTORS
330
14B71
102
}
330
14B71
100
AcDbProxyObject
 90
      499
 91
      508
 93
      241
310
90C332F3822203D2031272D3022000000000000360FC000000000000284000
  0
ACAD_PROXY_OBJECT
  5
14B8C
102
{ACAD_REACTORS
330
14B71
102
}
330
14B71
100
AcDbProxyObject
 90
      499
 91
      508
 93
      241
310
90C312F3222203D2031272D3022000000000000380FC000000000000284000
  0
ACAD_PROXY_OBJECT
  5
14B8D
102
{ACAD_REACTORS
330
14B71
102
}
330
14B71
100
AcDbProxyObject
 90
      499
 91
      508
 93
      241
310
90C332F3422203D2031272D30220000000000003A0FC000000000000284000
  0
ACAD_PROXY_OBJECT
  5
14B8E
102
{ACAD_REACTORS
330
14B71
102
}
330
14B71
100
AcDbProxyObject
 90
      499
 91
      508
 93
      161
310
90A3122203D2031272D30224000000000000284000
  0
ACAD_PROXY_OBJECT
  5
14B8F
102
{ACAD_REACTORS
330
14B71
102
}
330
14B71
100
AcDbProxyObject
 90
      499
 91
      508
 93
      257
310
90E312D312F3222203D2031272D30220000000000003E0FC000000000000284000
  0
ACAD_PROXY_OBJECT
  5
14B90
102
{ACAD_REACTORS
330
14B71
102
}
330
14B71
100
AcDbProxyObject
 90
      499
 91
      508
 93
      225
310
90A3322203D2031272D302200000000000002100000000000000284000
  0
ACAD_PROXY_OBJECT
  5
14B91
102
{ACAD_REACTORS
330
14B71
102
}
330
14B71
100
AcDbProxyObject
 90
      499
 91
      508
 93
      225
310
90A3622203D2031272D302200000000000006100000000000000284000
  0
ACAD_PROXY_OBJECT
  5
14B92
102
{ACAD_REACTORS
330
14B71
102
}
330
14B71
100
AcDbProxyObject
 90
      499
 91
      508
 93
      249
310
90D31272D3022203D2031272D30220000000000000A100000000000000284000
  0
ACAD_PROXY_OBJECT
  5
14B5A
102
{ACAD_REACTORS
330
14B55
102
}
330
14B55
100
AcDbProxyObject
 90
      499
 91
      506
 93
      436
310
42CC9915DA5C99599C985B595049028333333333333E33F0000000000000F90107901411070040501600405405064090741402480A0340
1001
ACAD
1000
AcDbSavedByObjectVersion
1070
     0
  0
ACAD_PROXY_OBJECT
  5
14B5D
102
{ACAD_REACTORS
330
14B55
102
}
330
14B55
100
AcDbProxyObject
 90
      499
 91
      506
 93
      388
310
4150985CDA58D07406404333333333333E33F0000000000000F90107A41107004050150841D405064090741402480A0350
1001
ACAD
1000
AcDbSavedByObjectVersion
1070
     0
  0
ACAD_PROXY_OBJECT
  5
14B61
102
{ACAD_REACTORS
330
14B55
102
}
330
14B55
100
AcDbProxyObject
 90
      499
 91
      506
 93
      428
310
42109C9A59DA1D195B90C409028333333333333E33F0000000000000F9010790141107004050150841D405064090741402480A029950
1001
ACAD
1000
AcDbSavedByObjectVersion
1070
     0
  0
ACAD_PROXY_OBJECT
  5
14B65
102
{ACAD_REACTORS
330
14B55
102
}
330
14B55
100
AcDbProxyObject
 90
      499
 91
      506
 93
      452
310
42D0DBDB1BDC90DA185B99D95104090240C333333333333E33F0000000000000F90108901411070040501508421405064090741402480A0350
1001
ACAD
1000
AcDbSavedByObjectVersion
1070
     0
  0
ACAD_PROXY_OBJECT
  5
14B5F
102
{ACAD_REACTORS
330
14B55
102
}
330
14B55
100
AcDbProxyObject
 90
      499
 91
      506
 93
      500
310
4290DBDB98D95C1D1D585B10940D028333333333333E33F0000000000000F90107902409070040501000000000018199010841D405064090740C02480A0340
1001
ACAD
1000
AcDbSavedByObjectVersion
1070
     0
  0
ACAD_PROXY_OBJECT
  5
14B60
102
{ACAD_REACTORS
330
14B55
102
}
330
14B55
100
AcDbProxyObject
 90
      499
 91
      506
 93
      412
310
40D11A5B50B409028333333333333E33F0000000000000F9010790141107004050150841D405064090741402480A02677FFFFFD0
1001
ACAD
1000
AcDbSavedByObjectVersion
1070
     0
  0
ACAD_PROXY_OBJECT
  5
14B68
102
{ACAD_REACTORS
330
14B55
102
}
330
14B55
100
AcDbProxyObject
 90
      499
 91
      506
 93
      452
310
43115919D950DBDB1BDC93D999916409028333333333333E33F0000000000000F9010790141107004050150841D405064090741402480A0350
1001
ACAD
1000
AcDbSavedByObjectVersion
1070
     0
  0
ACAD_PROXY_OBJECT
  5
14B64
102
{ACAD_REACTORS
330
14B55
102
}
330
14B55
100
AcDbProxyObject
 90
      499
 91
      506
 93
      444
310
42D19858D95C185D1D195C9B90F409028333333333333E33F0000000000000F9010790141107004050150841D405064090741402480A0350
1001
ACAD
1000
AcDbSavedByObjectVersion
1070
     0
  0
ACAD_PROXY_OBJECT
  5
14B56
102
{ACAD_REACTORS
330
14B55
102
}
330
14B55
100
AcDbProxyObject
 90
      499
 91
      506
 93
      380
310
41119B185D240901404333333333333E33F0000000000000F9010740A907004050150841D405064090741402480A1B50
1001
ACAD
1000
AcDbSavedByObjectVersion
1070
     0
  0
ACAD_PROXY_OBJECT
  5
14B57
102
{ACAD_REACTORS
330
14B55
102
}
330
14B55
100
AcDbProxyObject
 90
      499
 91
      506
 93
      468
310
43519B185D15DA5D1A115919D95CD0140901404333333333333E33F0000000000000F90107409019070040501600405405064090741402480A1B50
1001
ACAD
1000
AcDbSavedByObjectVersion
1070
     0
  0
ACAD_PROXY_OBJECT
  5
14B58
102
{ACAD_REACTORS
330
14B55
102
}
330
14B55
100
AcDbProxyObject
 90
      499
 91
      506
 93
      404
310
41D1DBDD5C985D5910240902404333333333333E33F0000000000000F9010740A9070040501641D405064090741402480A1B50
1001
ACAD
1000
AcDbSavedByObjectVersion
1070
     0
  0
ACAD_PROXY_OBJECT
  5
14B59
102
{ACAD_REACTORS
330
14B55
102
}
330
14B55
100
AcDbProxyObject
 90
      499
 91
      506
 93
      492
310
4411DBDD5C985D5915DA5D1A115919D95CD0340902404333333333333E33F0000000000000F90107409019070040501600405405064090741402480A1B50
1001
ACAD
1000
AcDbSavedByObjectVersion
1070
     0
  0
ACAD_PROXY_OBJECT
  5
14B5C
102
{ACAD_REACTORS
330
14B55
102
}
330
14B55
100
AcDbProxyObject
 90
      499
 91
      506
 93
      476
310
41921A5919195B90640502408333333333333E33F0000000000000F901079024090700405020000000000001110200405405064090740C02480A0340
1001
ACAD
1000
AcDbSavedByObjectVersion
1070
     0
  0
ACAD_PROXY_OBJECT
  5
14B66
102
{ACAD_REACTORS
330
14B55
102
}
330
14B55
100
AcDbProxyObject
 90
      499
 91
      506
 93
      428
310
42529A5D1D195C93D999914409028333333333333E33F0000000000000F9010790141107004050150A41D405064090741402480A0350
1001
ACAD
1000
AcDbSavedByObjectVersion
1070
     0
  0
ACAD_PROXY_OBJECT
  5
14B63
102
{ACAD_REACTORS
330
14B55
102
}
330
14B55
100
AcDbProxyObject
 90
      499
 91
      506
 93
      444
310
42D31A5B995C185D1D195C9B90E409028333333333333E33F0000000000000F9010790141107004050750841D405064090741402483A0350
1001
ACAD
1000
AcDbSavedByObjectVersion
1070
     0
  0
ACAD_PROXY_OBJECT
  5
14B67
102
{ACAD_REACTORS
330
14B55
102
}
330
14B55
100
AcDbProxyObject
 90
      499
 91
      506
 93
      444
310
42D3DD995C9A185B99D3D999915409028333333333333E33F0000000000000F9010790141107004050150941D405064090741402480A0350
1001
ACAD
1000
AcDbSavedByObjectVersion
1070
     0
  0
ACAD_PROXY_OBJECT
  5
14B5E
102
{ACAD_REACTORS
330
14B55
102
}
330
14B55
100
AcDbProxyObject
 90
      499
 91
      506
 93
      428
310
425499585B1A5CDD1A58D08409038333333333333E33F0000000000000F9010740A907004050150800405405064090740C02480A1B40
1001
ACAD
1000
AcDbSavedByObjectVersion
1070
     0
  0
ACAD_PROXY_OBJECT
  5
14B6D
102
{ACAD_REACTORS
330
14B55
102
}
330
14B55
100
AcDbProxyObject
 90
      499
 91
      506
 93
      420
310
4194DA1859195911B40902404333333333333E33F0000000000000F9010740A41107004050150800405405064090840C02480A0B40
1001
ACAD
1000
AcDbSavedByObjectVersion
1070
     0
  0
ACAD_PROXY_OBJECT
  5
14B6C
102
{ACAD_REACTORS
330
14B55
102
}
330
14B55
100
AcDbProxyObject
 90
      499
 91
      506
 93
      516
310
4454DA18591959081DDA5D1A08195919D95CD1A40902404333333333333E33F0000000000000F901074090142907004050250800405405064090740C02480A0B40
1001
ACAD
1000
AcDbSavedByObjectVersion
1070
     0
  0
ACAD_PROXY_OBJECT
  5
14B69
102
{ACAD_REACTORS
330
14B55
102
}
330
14B55
100
AcDbProxyObject
 90
      499
 91
      506
 93
      532
310
4394DA1859195CC81BD98811DC985E5174090240C333333333333E33F0000000000000F901079024090741D01000000000000111010841D405064090740C02480A0340
1001
ACAD
1000
AcDbSavedByObjectVersion
1070
     0
  0
ACAD_PROXY_OBJECT
  5
14B6A
102
{ACAD_REACTORS
330
14B55
102
}
330
14B55
100
AcDbProxyObject
 90
      499
 91
      506
 93
      476
310
41D4DAD95D18DA1E51840502408333333333333E33F0000000000000F901079024090741D01000000000000111010B41D405064090741802480A0340
1001
ACAD
1000
AcDbSavedByObjectVersion
1070
     0
  0
ACAD_PROXY_OBJECT
  5
14B62
102
{ACAD_REACTORS
330
14B55
102
}
330
14B55
100
AcDbProxyObject
 90
      499
 91
      506
 93
      412
310
41D51A1A58DAD95B90D409028333333333333E33F0000000000000F9010790141107004050150C41D405064090741402480A0350
1001
ACAD
1000
AcDbSavedByObjectVersion
1070
     0
  0
ACAD_PROXY_OBJECT
  5
14B5B
102
{ACAD_REACTORS
330
14B55
102
}
330
14B55
100
AcDbProxyObject
 90
      499
 91
      506
 93
      420
310
4255DA5C99599C985B595059028333333333333E33F0000000000000F90107901411070040501600405405064090740C02480A0340
1001
ACAD
1000
AcDbSavedByObjectVersion
1070
     0
  0
ACAD_PROXY_OBJECT
  5
14B6B
102
{ACAD_REACTORS
330
14B55
102
}
330
14B55
100
AcDbProxyObject
 90
      499
 91
      506
 93
      404
310
41560B54985E51940902404000000000000E03F0000000000000F9010740501907004050150841D405064090740C02480A1B40
1001
ACAD
1000
AcDbSavedByObjectVersion
1070
     0
  0
XRECORD
  5
14BA8
102
{ACAD_REACTORS
330
14B9E
102
}
330
14B9E
100
AcDbXrecord
340
0
  0
XRECORD
  5
14BA7
102
{ACAD_REACTORS
330
14B9E
102
}
330
14B9E
100
AcDbXrecord
 90
        0
  0
XRECORD
  5
14BBE
102
{ACAD_REACTORS
330
14B9E
102
}
330
14B9E
100
AcDbXrecord
1000
DSTYLE
1002
{
1070
   143
 40
0.3048
1070
     4
  1
m
1070
    41
 40
0.08
1070
   141
 40
0.0
1070
   176
 70
     2
1070
   178
 70
     2
1070
   271
 70
     2
1070
   147
 40
0.03
1070
     3
  1
'
1070
    40
 40
30.0
1070
    75
 70
     1
1070
    76
 70
     1
1070
    77
 70
     1
1070
    73
 70
     0
1070
    74
 70
     0
1070
   340
340
5D14
1002
}
  0
XRECORD
  5
14BA9
102
{ACAD_REACTORS
330
14B9E
102
}
330
14B9E
100
AcDbXrecord
  1
{3e4ec48d-839f-45f3-9e43-a23fb9b36b82}
  0
XRECORD
  5
14BA1
102
{ACAD_REACTORS
330
14B9E
102
}
330
14B9E
100
AcDbXrecord
  1

  0
XRECORD
  5
14BA6
102
{ACAD_REACTORS
330
14B9E
102
}
330
14B9E
100
AcDbXrecord
 90
        0
  0
XRECORD
  5
14BA3
102
{ACAD_REACTORS
330
14B9E
102
}
330
14B9E
100
AcDbXrecord
340
14B93
  0
XRECORD
  5
14BA5
102
{ACAD_REACTORS
330
14B9E
102
}
330
14B9E
100
AcDbXrecord
 90
    10781
  0
XRECORD
  5
14BA4
102
{ACAD_REACTORS
330
14B9E
102
}
330
14B9E
100
AcDbXrecord
340
14B6E
  0
XRECORD
  5
14BAB
102
{ACAD_REACTORS
330
14B9E
102
}
330
14B9E
100
AcDbXrecord
 40
0.0
  0
XRECORD
  5
14BAE
102
{ACAD_REACTORS
330
14B9E
102
}
330
14B9E
100
AcDbXrecord
340
0
  0
XRECORD
  5
14BB4
102
{ACAD_REACTORS
330
14B9E
102
}
330
14B9E
100
AcDbXrecord
 10
0.0
 20
0.0
 30
0.0
  0
XRECORD
  5
14BB0
102
{ACAD_REACTORS
330
14B9E
102
}
330
14B9E
100
AcDbXrecord
 10
0.0
 20
0.0
 30
0.0
  0
XRECORD
  5
14BB3
102
{ACAD_REACTORS
330
14B9E
102
}
330
14B9E
100
AcDbXrecord
 10
0.0
 20
0.0
 30
0.0
  0
XRECORD
  5
14BB1
102
{ACAD_REACTORS
330
14B9E
102
}
330
14B9E
100
AcDbXrecord
 10
0.0
 20
0.0
 30
0.0
  0
XRECORD
  5
14BB2
102
{ACAD_REACTORS
330
14B9E
102
}
330
14B9E
100
AcDbXrecord
 10
0.0
 20
0.0
 30
0.0
  0
XRECORD
  5
14BAF
102
{ACAD_REACTORS
330
14B9E
102
}
330
14B9E
100
AcDbXrecord
 10
0.0
 20
0.0
 30
0.0
  0
XRECORD
  5
14BAC
102
{ACAD_REACTORS
330
14B9E
102
}
330
14B9E
100
AcDbXrecord
340
0
  0
XRECORD
  5
14BAD
102
{ACAD_REACTORS
330
14B9E
102
}
330
14B9E
100
AcDbXrecord
 70
     0
  0
XRECORD
  5
14BA2
102
{ACAD_REACTORS
330
14B9E
102
}
330
14B9E
100
AcDbXrecord
  1

  0
XRECORD
  5
14B9F
102
{ACAD_REACTORS
330
14B9E
102
}
330
14B9E
100
AcDbXrecord
 90
        1
  0
XRECORD
  5
14BA0
102
{ACAD_REACTORS
330
14B9E
102
}
330
14B9E
100
AcDbXrecord
 90
       70
  0
XRECORD
  5
14BB7
102
{ACAD_REACTORS
330
14B9E
102
}
330
14B9E
100
AcDbXrecord
340
0
  0
XRECORD
  5
14BBD
102
{ACAD_REACTORS
330
14B9E
102
}
330
14B9E
100
AcDbXrecord
 10
0.0
 20
0.0
 30
0.0
  0
XRECORD
  5
14BB9
102
{ACAD_REACTORS
330
14B9E
102
}
330
14B9E
100
AcDbXrecord
 10
0.0
 20
0.0
 30
0.0
  0
XRECORD
  5
14BBC
102
{ACAD_REACTORS
330
14B9E
102
}
330
14B9E
100
AcDbXrecord
 10
0.0
 20
0.0
 30
0.0
  0
XRECORD
  5
14BBA
102
{ACAD_REACTORS
330
14B9E
102
}
330
14B9E
100
AcDbXrecord
 10
0.0
 20
0.0
 30
0.0
  0
XRECORD
  5
14BBB
102
{ACAD_REACTORS
330
14B9E
102
}
330
14B9E
100
AcDbXrecord
 10
0.0
 20
0.0
 30
0.0
  0
XRECORD
  5
14BB8
102
{ACAD_REACTORS
330
14B9E
102
}
330
14B9E
100
AcDbXrecord
 10
0.0
 20
0.0
 30
0.0
  0
XRECORD
  5
14BB5
102
{ACAD_REACTORS
330
14B9E
102
}
330
14B9E
100
AcDbXrecord
340
0
  0
XRECORD
  5
14BB6
102
{ACAD_REACTORS
330
14B9E
102
}
330
14B9E
100
AcDbXrecord
 70
     0
  0
XRECORD
  5
14BAA
102
{ACAD_REACTORS
330
14B9E
102
}
330
14B9E
100
AcDbXrecord
  1
{FAEB1C32-E019-11D5-929B-00C0DF256EC4}
  0
DICTIONARYVAR
  5
14BC8
102
{ACAD_REACTORS
330
5DCD
102
}
330
5DCD
100
DictionaryVariables
280
     0
  1
1:1
  0
DICTIONARYVAR
  5
14BC0
102
{ACAD_REACTORS
330
5DCD
102
}
330
5DCD
100
DictionaryVariables
280
     0
  1
Standard
  0
DICTIONARYVAR
  5
14BBF
102
{ACAD_REACTORS
330
5DCD
102
}
330
5DCD
100
DictionaryVariables
280
     0
  1
Standard
  0
DICTIONARYVAR
  5
5DCE
102
{ACAD_REACTORS
330
5DCD
102
}
330
5DCD
100
DictionaryVariables
280
     0
  1
4
  0
DICTIONARYVAR
  5
14BC4
102
{ACAD_REACTORS
330
5DCD
102
}
330
5DCD
100
DictionaryVariables
280
     0
  1
2
  0
DICTIONARYVAR
  5
14BC5
102
{ACAD_REACTORS
330
5DCD
102
}
330
5DCD
100
DictionaryVariables
280
     0
  1
1
  0
DICTIONARYVAR
  5
14BC1
102
{ACAD_REACTORS
330
5DCD
102
}
330
5DCD
100
DictionaryVariables
280
     0
  1
0
  0
DICTIONARYVAR
  5
5E83
102
{ACAD_REACTORS
330
5DCD
102
}
330
5DCD
100
DictionaryVariables
280
     0
  1
96
  0
ACAD_PROXY_OBJECT
  5
5DE3
102
{ACAD_REACTORS
330
5DE2
102
}
330
5DE2
100
AcDbProxyObject
 90
      499
 91
      502
 93
        0
  0
ACAD_PROXY_OBJECT
  5
5E18
102
{ACAD_REACTORS
330
5E17
102
}
330
5E17
100
AcDbProxyObject
 90
      499
 91
      503
 93
        0
  0
DICTIONARY
  5
14BCB
330
14B98
100
AcDbDictionary
280
     1
  3
ACAD_XREC_ROUNDTRIP
360
14BCC
  0
DICTIONARY
  5
14BC9
330
14B97
100
AcDbDictionary
280
     1
  3
ACAD_XREC_ROUNDTRIP
360
14BCA
  0
DICTIONARY
  5
14BCD
330
14B99
100
AcDbDictionary
280
     1
  3
ACAD_XREC_ROUNDTRIP
360
14BCE
  0
XRECORD
  5
14BCC
102
{ACAD_REACTORS
330
14BCB
102
}
330
14BCB
100
AcDbXrecord
102
MATERIAL
148
0.0
149
0.0
149
0.0
 93
        0
 94
      127
282
     0
 72
     1
 77
     1
171
     1
175
     1
179
     1
273
     0
  0
XRECORD
  5
14BCA
102
{ACAD_REACTORS
330
14BC9
102
}
330
14BC9
100
AcDbXrecord
102
MATERIAL
148
0.0
149
0.0
149
0.0
 93
        0
 94
      127
282
     0
 72
     1
 77
     1
171
     1
175
     1
179
     1
273
     0
  0
XRECORD
  5
14BCE
102
{ACAD_REACTORS
330
14BCD
102
}
330
14BCD
100
AcDbXrecord
102
MATERIAL
148
0.0
149
0.0
149
0.0
 93
        0
 94
      127
282
     0
 72
     1
 77
     1
171
     1
175
     1
179
     1
273
     0
  0
ENDSEC
  0
EOF
